curve_id,peril,hazus_version,damage_type,occupancy,building_type,source_agency,description,defect_flag,source_file,source_table,source_row_id
fl-4.0-structure-105,fl,4.0,structure,RES1,,FIA,"one floor, no basement, Structure, A-Zone",,flBldgStructDmgFn.csv,flBldgStructDmgFn,105
fl-4.0-structure-106,fl,4.0,structure,RES1,,FIA (MOD.),"one floor, w/ basement, Structure, A-Zone",,flBldgStructDmgFn.csv,flBldgStructDmgFn,106
fl-4.0-structure-107,fl,4.0,structure,RES1,,FIA,"two floors, no basement, Structure, A-Zone",,flBldgStructDmgFn.csv,flBldgStructDmgFn,107
fl-4.0-structure-108,fl,4.0,structure,RES1,,FIA (MOD.),"two floors, w/ basement, Structure, A-Zone",,flBldgStructDmgFn.csv,flBldgStructDmgFn,108
fl-4.0-structure-109,fl,4.0,structure,RES1,,FIA,"three or more floors, no basement, Structure, A-Zone",,flBldgStructDmgFn.csv,flBldgStructDmgFn,109
fl-4.0-structure-110,fl,4.0,structure,RES1,,FIA (MOD.),"three or more floors, w/ basement, Structure, A-Zone",,flBldgStructDmgFn.csv,flBldgStructDmgFn,110
fl-4.0-structure-111,fl,4.0,structure,RES1,,FIA,"split level, no basement, Structure, A-Zone",,flBldgStructDmgFn.csv,flBldgStructDmgFn,111
fl-4.0-structure-112,fl,4.0,structure,RES1,,FIA (MOD.),"split level, w/ basement, Structure, A-Zone",,flBldgStructDmgFn.csv,flBldgStructDmgFn,112
fl-4.0-structure-113,fl,4.0,structure,RES1,,FIA,"one floor, no basement, Structure, V-Zone",,flBldgStructDmgFn.csv,flBldgStructDmgFn,113
fl-4.0-structure-114,fl,4.0,structure,RES1,,FIA (MOD.),"one floor, w/ basement, Structure, V-Zone",,flBldgStructDmgFn.csv,flBldgStructDmgFn,114
fl-4.0-structure-115,fl,4.0,structure,RES1,,FIA,"two floors, no basement, Structure, V-Zone",,flBldgStructDmgFn.csv,flBldgStructDmgFn,115
fl-4.0-structure-116,fl,4.0,structure,RES1,,FIA (MOD.),"two floors, w/ basement, Structure, V-Zone",,flBldgStructDmgFn.csv,flBldgStructDmgFn,116
fl-4.0-structure-117,fl,4.0,structure,RES1,,FIA,"three or more floors, no basement, Structure, V-Zone",,flBldgStructDmgFn.csv,flBldgStructDmgFn,117
fl-4.0-structure-118,fl,4.0,structure,RES1,,FIA (MOD.),"three or more floors, w/ basement, Structure, V-Zone",,flBldgStructDmgFn.csv,flBldgStructDmgFn,118
fl-4.0-structure-119,fl,4.0,structure,RES1,,FIA,"split level, no basement, Structure, V-Zone",,flBldgStructDmgFn.csv,flBldgStructDmgFn,119
fl-4.0-structure-120,fl,4.0,structure,RES1,,FIA (MOD.),"split level, w/ basement, Structure, V-Zone",,flBldgStructDmgFn.csv,flBldgStructDmgFn,120
fl-4.0-structure-121,fl,4.0,structure,RES1,,FIA,"one floor, w/ basement, Structure, A-Zone",,flBldgStructDmgFn.csv,flBldgStructDmgFn,121
fl-4.0-structure-122,fl,4.0,structure,RES1,,FIA,"two floors, w/ basement, Structure,  A-Zone",,flBldgStructDmgFn.csv,flBldgStructDmgFn,122
fl-4.0-structure-123,fl,4.0,structure,RES1,,FIA,"three or more floors, w/ basement, Structure, A-Zone",,flBldgStructDmgFn.csv,flBldgStructDmgFn,123
fl-4.0-structure-124,fl,4.0,structure,RES1,,FIA,"split level, w/ basement, Structure, A-Zone",,flBldgStructDmgFn.csv,flBldgStructDmgFn,124
fl-4.0-structure-125,fl,4.0,structure,RES1,,FIA,"one floor, w/ basement, Structure, V-Zone",,flBldgStructDmgFn.csv,flBldgStructDmgFn,125
fl-4.0-structure-126,fl,4.0,structure,RES1,,FIA,"two floors, w/ basement, Structure, V-Zone",,flBldgStructDmgFn.csv,flBldgStructDmgFn,126
fl-4.0-structure-127,fl,4.0,structure,RES1,,FIA,"three or more floors, w/ basement, Structure, V-Zone",,flBldgStructDmgFn.csv,flBldgStructDmgFn,127
fl-4.0-structure-128,fl,4.0,structure,RES1,,FIA,"split level, w/ basement, Structure, V-Zone",,flBldgStructDmgFn.csv,flBldgStructDmgFn,128
fl-4.0-structure-129,fl,4.0,structure,RES1,,USACE - IWR,"one story, no basement, Structure",,flBldgStructDmgFn.csv,flBldgStructDmgFn,129
fl-4.0-structure-130,fl,4.0,structure,RES1,,USACE - IWR,"two or more stories, no basement, Structure",,flBldgStructDmgFn.csv,flBldgStructDmgFn,130
fl-4.0-structure-131,fl,4.0,structure,RES1,,USACE - IWR,"split level, no basement, Structure",,flBldgStructDmgFn.csv,flBldgStructDmgFn,131
fl-4.0-structure-132,fl,4.0,structure,RES1,,USACE - Chicago,"one story, no basement, Structure",,flBldgStructDmgFn.csv,flBldgStructDmgFn,132
fl-4.0-structure-133,fl,4.0,structure,RES1,,USACE - Chicago,"one story, w/ basement, Structure",,flBldgStructDmgFn.csv,flBldgStructDmgFn,133
fl-4.0-structure-134,fl,4.0,structure,RES1,,USACE - Chicago,"split level, no basement, Structure",,flBldgStructDmgFn.csv,flBldgStructDmgFn,134
fl-4.0-structure-135,fl,4.0,structure,RES1,,USACE - Chicago,"split level, w/ basement, Structure",,flBldgStructDmgFn.csv,flBldgStructDmgFn,135
fl-4.0-structure-136,fl,4.0,structure,RES1,,USACE - Chicago,"two story, no basement, Structure",,flBldgStructDmgFn.csv,flBldgStructDmgFn,136
fl-4.0-structure-137,fl,4.0,structure,RES1,,USACE - Chicago,"two story, w/ basement, Structure",,flBldgStructDmgFn.csv,flBldgStructDmgFn,137
fl-4.0-structure-138,fl,4.0,structure,RES1,,USACE - Galveston,"one & 1/2 story, no basement, Structure",,flBldgStructDmgFn.csv,flBldgStructDmgFn,138
fl-4.0-structure-139,fl,4.0,structure,RES1,,USACE - Galveston,"one story, no basement, Structure",,flBldgStructDmgFn.csv,flBldgStructDmgFn,139
fl-4.0-structure-140,fl,4.0,structure,RES1,,USACE - Galveston,"two story, no basement, Structure",,flBldgStructDmgFn.csv,flBldgStructDmgFn,140
fl-4.0-structure-141,fl,4.0,structure,RES1,,USACE - New Orleans,"one story, Pier foundation, structure, fresh water, short duration",,flBldgStructDmgFn.csv,flBldgStructDmgFn,141
fl-4.0-structure-142,fl,4.0,structure,RES1,,USACE - New Orleans,"one story, Pier foundation, structure, fresh water, long duration",,flBldgStructDmgFn.csv,flBldgStructDmgFn,142
fl-4.0-structure-143,fl,4.0,structure,RES1,,USACE - New Orleans,"one story, Slab foundation, structure, fresh water, short duration",,flBldgStructDmgFn.csv,flBldgStructDmgFn,143
fl-4.0-structure-144,fl,4.0,structure,RES1,,USACE - New Orleans,"one story, Slab foundation, structure, fresh water, long duration",,flBldgStructDmgFn.csv,flBldgStructDmgFn,144
fl-4.0-structure-145,fl,4.0,structure,RES1,,USACE - New Orleans,"one story, Pier foundation, structure, salt water, short duration",,flBldgStructDmgFn.csv,flBldgStructDmgFn,145
fl-4.0-structure-146,fl,4.0,structure,RES1,,USACE - New Orleans,"one story, Pier foundation, structure, salt water, long duration",,flBldgStructDmgFn.csv,flBldgStructDmgFn,146
fl-4.0-structure-147,fl,4.0,structure,RES1,,USACE - New Orleans,"one story, Slab foundation, structure, salt water, short duration",,flBldgStructDmgFn.csv,flBldgStructDmgFn,147
fl-4.0-structure-148,fl,4.0,structure,RES1,,USACE - New Orleans,"one story, Slab foundation, structure, salt water, long duration",,flBldgStructDmgFn.csv,flBldgStructDmgFn,148
fl-4.0-structure-149,fl,4.0,structure,RES1,,USACE - New Orleans,"one story, Structure,  fresh water, short duration",,flBldgStructDmgFn.csv,flBldgStructDmgFn,149
fl-4.0-structure-150,fl,4.0,structure,RES1,,USACE - New Orleans,"one story, Structure,  fresh water, long duration",,flBldgStructDmgFn.csv,flBldgStructDmgFn,150
fl-4.0-structure-151,fl,4.0,structure,RES1,,USACE - New Orleans,"one story, Structure, salt water, short duration",,flBldgStructDmgFn.csv,flBldgStructDmgFn,151
fl-4.0-structure-152,fl,4.0,structure,RES1,,USACE - New Orleans,"one story, Structure, salt water, long duration",,flBldgStructDmgFn.csv,flBldgStructDmgFn,152
fl-4.0-structure-153,fl,4.0,structure,RES1,,USACE - New Orleans,"one story, Pier foundation, structure, fresh water, short duration",,flBldgStructDmgFn.csv,flBldgStructDmgFn,153
fl-4.0-structure-154,fl,4.0,structure,RES1,,USACE - New Orleans,"one story, Slab foundation, structure, fresh water, short duration",,flBldgStructDmgFn.csv,flBldgStructDmgFn,154
fl-4.0-structure-155,fl,4.0,structure,RES1,,USACE - New Orleans,"one story, Pier foundation, structure, salt water, long duration",,flBldgStructDmgFn.csv,flBldgStructDmgFn,155
fl-4.0-structure-156,fl,4.0,structure,RES1,,USACE - New Orleans,"one story, Slab foundation, structure, salt water, long duration",,flBldgStructDmgFn.csv,flBldgStructDmgFn,156
fl-4.0-structure-157,fl,4.0,structure,RES1,,USACE - New Orleans,"two story, Pier foundation, structure, fresh water, short duration",,flBldgStructDmgFn.csv,flBldgStructDmgFn,157
fl-4.0-structure-158,fl,4.0,structure,RES1,,USACE - New Orleans,"two story, Pier foundation, structure, fresh water, long duration",,flBldgStructDmgFn.csv,flBldgStructDmgFn,158
fl-4.0-structure-159,fl,4.0,structure,RES1,,USACE - New Orleans,"two story, Slab foundation, structure, fresh water, short duration",,flBldgStructDmgFn.csv,flBldgStructDmgFn,159
fl-4.0-structure-160,fl,4.0,structure,RES1,,USACE - New Orleans,"two story, Slab foundation, structure, fresh water, long duration",,flBldgStructDmgFn.csv,flBldgStructDmgFn,160
fl-4.0-structure-161,fl,4.0,structure,RES1,,USACE - New Orleans,"two story, Pier foundation, structure, salt water, short duration",,flBldgStructDmgFn.csv,flBldgStructDmgFn,161
fl-4.0-structure-162,fl,4.0,structure,RES1,,USACE - New Orleans,"two story, Pier foundation, structure, salt  water, long duration",,flBldgStructDmgFn.csv,flBldgStructDmgFn,162
fl-4.0-structure-163,fl,4.0,structure,RES1,,USACE - New Orleans,"two story, Slab foundation, structure, salt water, short duration",,flBldgStructDmgFn.csv,flBldgStructDmgFn,163
fl-4.0-structure-164,fl,4.0,structure,RES1,,USACE - New Orleans,"two story, Slab foundation, structure, salt water, long duration",,flBldgStructDmgFn.csv,flBldgStructDmgFn,164
fl-4.0-structure-165,fl,4.0,structure,RES1,,USACE - New Orleans,"two story, Structure, fresh water, short duration",,flBldgStructDmgFn.csv,flBldgStructDmgFn,165
fl-4.0-structure-166,fl,4.0,structure,RES1,,USACE - New Orleans,"two story, Structure,  fresh water, long duration",,flBldgStructDmgFn.csv,flBldgStructDmgFn,166
fl-4.0-structure-167,fl,4.0,structure,RES1,,USACE - New Orleans,"two story, Structure, salt water, short duration",,flBldgStructDmgFn.csv,flBldgStructDmgFn,167
fl-4.0-structure-168,fl,4.0,structure,RES1,,USACE - New Orleans,"two story, Structure,  salt water, long duration",,flBldgStructDmgFn.csv,flBldgStructDmgFn,168
fl-4.0-structure-169,fl,4.0,structure,RES1,,USACE - New Orleans,"two story, Pier foundation, structure, fresh water, short duration",,flBldgStructDmgFn.csv,flBldgStructDmgFn,169
fl-4.0-structure-170,fl,4.0,structure,RES1,,USACE - New Orleans,"two story, Slab foundation, structure, fresh water, long  duration",,flBldgStructDmgFn.csv,flBldgStructDmgFn,170
fl-4.0-structure-171,fl,4.0,structure,RES1,,USACE - New Orleans,"two story, Pier foundation, structure, salt  water, short duration",,flBldgStructDmgFn.csv,flBldgStructDmgFn,171
fl-4.0-structure-172,fl,4.0,structure,RES1,,USACE - New Orleans,"two story, Slab foundation, structure, salt water, long duration",,flBldgStructDmgFn.csv,flBldgStructDmgFn,172
fl-4.0-structure-173,fl,4.0,structure,RES1,,USACE - St. Paul,"one story, Structure",,flBldgStructDmgFn.csv,flBldgStructDmgFn,173
fl-4.0-structure-174,fl,4.0,structure,RES1,,USACE - St. Paul,"two story, Structure",,flBldgStructDmgFn.csv,flBldgStructDmgFn,174
fl-4.0-structure-175,fl,4.0,structure,RES1,,USACE - Wilmington,"one & 1/2 story, Pile foundation, structure",,flBldgStructDmgFn.csv,flBldgStructDmgFn,175
fl-4.0-structure-176,fl,4.0,structure,RES1,,USACE - Wilmington,"one & 1/2 story, Structure",,flBldgStructDmgFn.csv,flBldgStructDmgFn,176
fl-4.0-structure-177,fl,4.0,structure,RES1,,USACE - Wilmington,"one & 1/2 story w/ 1/2 living area below, Structure",,flBldgStructDmgFn.csv,flBldgStructDmgFn,177
fl-4.0-structure-178,fl,4.0,structure,RES1,,USACE - Wilmington,"one story, Pile foundation, structure",,flBldgStructDmgFn.csv,flBldgStructDmgFn,178
fl-4.0-structure-179,fl,4.0,structure,RES1,,USACE - Wilmington,"one story, Structure",,flBldgStructDmgFn.csv,flBldgStructDmgFn,179
fl-4.0-structure-180,fl,4.0,structure,RES1,,USACE - Wilmington,"one story w/ 1/2 living area below, Structure",,flBldgStructDmgFn.csv,flBldgStructDmgFn,180
fl-4.0-structure-181,fl,4.0,structure,RES1,,USACE - Wilmington,"one story w/ basement, Structure",,flBldgStructDmgFn.csv,flBldgStructDmgFn,181
fl-4.0-structure-182,fl,4.0,structure,RES1,,USACE - Wilmington,"split level, Structure",,flBldgStructDmgFn.csv,flBldgStructDmgFn,182
fl-4.0-structure-183,fl,4.0,structure,RES1,,USACE - Wilmington,"two story, Pile foundation, structure",,flBldgStructDmgFn.csv,flBldgStructDmgFn,183
fl-4.0-structure-184,fl,4.0,structure,RES1,,USACE - Wilmington,"two story, Structure",,flBldgStructDmgFn.csv,flBldgStructDmgFn,184
fl-4.0-structure-185,fl,4.0,structure,RES1,,USACE - Wilmington,"two story w/ 1/2 living area below, Structure",,flBldgStructDmgFn.csv,flBldgStructDmgFn,185
fl-4.0-structure-189,fl,4.0,structure,RES2,,FIA,"Mobile home, structure, A-Zone",,flBldgStructDmgFn.csv,flBldgStructDmgFn,189
fl-4.0-structure-190,fl,4.0,structure,RES2,,FIA,"Mobile home, structure, V-Zone",,flBldgStructDmgFn.csv,flBldgStructDmgFn,190
fl-4.0-structure-191,fl,4.0,structure,RES2,,USACE - Chicago,"Mobile Home, structure",,flBldgStructDmgFn.csv,flBldgStructDmgFn,191
fl-4.0-structure-192,fl,4.0,structure,RES2,,USACE - Galveston,"Mobile Home, structure",,flBldgStructDmgFn.csv,flBldgStructDmgFn,192
fl-4.0-structure-193,fl,4.0,structure,RES2,,USACE - New Orleans,"Mobile Home, structure, fresh water, short duration",,flBldgStructDmgFn.csv,flBldgStructDmgFn,193
fl-4.0-structure-194,fl,4.0,structure,RES2,,USACE - New Orleans,"Mobile Home, structure, fresh water, long duration",,flBldgStructDmgFn.csv,flBldgStructDmgFn,194
fl-4.0-structure-195,fl,4.0,structure,RES2,,USACE - New Orleans,"Mobile Home, structure, salt water, short duration",,flBldgStructDmgFn.csv,flBldgStructDmgFn,195
fl-4.0-structure-196,fl,4.0,structure,RES2,,USACE - New Orleans,"Mobile Home, structure, salt water, long duration",,flBldgStructDmgFn.csv,flBldgStructDmgFn,196
fl-4.0-structure-197,fl,4.0,structure,RES2,,USACE - New Orleans,"Mobile Home, structure, fresh water, short duration",,flBldgStructDmgFn.csv,flBldgStructDmgFn,197
fl-4.0-structure-198,fl,4.0,structure,RES2,,USACE - New Orleans,"Mobile Home, structure, fresh water, long duration",,flBldgStructDmgFn.csv,flBldgStructDmgFn,198
fl-4.0-structure-199,fl,4.0,structure,RES2,,USACE - New Orleans,"Mobile Home, structure, salt water, short duration",,flBldgStructDmgFn.csv,flBldgStructDmgFn,199
fl-4.0-structure-200,fl,4.0,structure,RES2,,USACE - New Orleans,"Mobile Home, structure, salt water, long duration",,flBldgStructDmgFn.csv,flBldgStructDmgFn,200
fl-4.0-structure-201,fl,4.0,structure,RES2,,USACE - New Orleans,"Mobile Home, structure, fresh water, short duration",,flBldgStructDmgFn.csv,flBldgStructDmgFn,201
fl-4.0-structure-202,fl,4.0,structure,RES2,,USACE - New Orleans,"Mobile Home, structure, salt water, long duration",,flBldgStructDmgFn.csv,flBldgStructDmgFn,202
fl-4.0-structure-203,fl,4.0,structure,RES2,,USACE - Wilmington,"Mobile Home, structure",,flBldgStructDmgFn.csv,flBldgStructDmgFn,203
fl-4.0-structure-204,fl,4.0,structure,RES3,,USACE - Chicago,"Apartment Unit Grade, Structure",,flBldgStructDmgFn.csv,flBldgStructDmgFn,204
fl-4.0-structure-205,fl,4.0,structure,RES3,,USACE - Chicago,"Apartment Unit Sub-Grade, Structure",,flBldgStructDmgFn.csv,flBldgStructDmgFn,205
fl-4.0-structure-206,fl,4.0,structure,RES3,,USACE - Galveston,"Apartment, living area on one floor, Structure",,flBldgStructDmgFn.csv,flBldgStructDmgFn,206
fl-4.0-structure-207,fl,4.0,structure,RES3,,USACE - Galveston,"Condominium, living area on multiple floors, Structure",,flBldgStructDmgFn.csv,flBldgStructDmgFn,207
fl-4.0-structure-208,fl,4.0,structure,RES3,,USACE - Wilmington,"Apartments, Structure",,flBldgStructDmgFn.csv,flBldgStructDmgFn,208
fl-4.0-structure-209,fl,4.0,structure,RES4,,USACE - Galveston,"Average Hotel & Motel, structure",,flBldgStructDmgFn.csv,flBldgStructDmgFn,209
fl-4.0-structure-210,fl,4.0,structure,RES4,,USACE - Galveston,"Hotel, structure",,flBldgStructDmgFn.csv,flBldgStructDmgFn,210
fl-4.0-structure-211,fl,4.0,structure,RES4,,USACE - Galveston,"Motel Unit, structure",,flBldgStructDmgFn.csv,flBldgStructDmgFn,211
fl-4.0-structure-212,fl,4.0,structure,RES4,,USACE - Wilmington,"Hotel, structure",,flBldgStructDmgFn.csv,flBldgStructDmgFn,212
fl-4.0-structure-213,fl,4.0,structure,RES4,,USACE - Wilmington,"Motel, structure",,flBldgStructDmgFn.csv,flBldgStructDmgFn,213
fl-4.0-structure-214,fl,4.0,structure,RES5,,USACE - Galveston,"Nursing Home, structure",,flBldgStructDmgFn.csv,flBldgStructDmgFn,214
fl-4.0-structure-215,fl,4.0,structure,RES6,,USACE - Galveston,"Nursing Home, structure",,flBldgStructDmgFn.csv,flBldgStructDmgFn,215
fl-4.0-structure-216,fl,4.0,structure,RES6,,USACE - Wilmington,"Rest Home, structure",,flBldgStructDmgFn.csv,flBldgStructDmgFn,216
fl-4.0-structure-217,fl,4.0,structure,COM1,,USACE - Galveston,"Average Retail, Structure",,flBldgStructDmgFn.csv,flBldgStructDmgFn,217
fl-4.0-structure-218,fl,4.0,structure,COM1,,USACE - Galveston,"Antique, structure",,flBldgStructDmgFn.csv,flBldgStructDmgFn,218
fl-4.0-structure-219,fl,4.0,structure,COM1,,USACE - Galveston,"Auto Dealer Big, structure",,flBldgStructDmgFn.csv,flBldgStructDmgFn,219
fl-4.0-structure-220,fl,4.0,structure,COM1,,USACE - Galveston,"Bait Stand, structure",,flBldgStructDmgFn.csv,flBldgStructDmgFn,220
fl-4.0-structure-221,fl,4.0,structure,COM1,,USACE - Galveston,"Bakery, structure",,flBldgStructDmgFn.csv,flBldgStructDmgFn,221
fl-4.0-structure-222,fl,4.0,structure,COM1,,USACE - Galveston,"Boat Sales/Service, structure",,flBldgStructDmgFn.csv,flBldgStructDmgFn,222
fl-4.0-structure-223,fl,4.0,structure,COM1,,USACE - Galveston,"Book Store, structure",,flBldgStructDmgFn.csv,flBldgStructDmgFn,223
fl-4.0-structure-224,fl,4.0,structure,COM1,,USACE - Galveston,"Camera Store, structure",,flBldgStructDmgFn.csv,flBldgStructDmgFn,224
fl-4.0-structure-225,fl,4.0,structure,COM1,,USACE - Galveston,"Carpet and Paint Shop, structure",,flBldgStructDmgFn.csv,flBldgStructDmgFn,225
fl-4.0-structure-226,fl,4.0,structure,COM1,,USACE - Galveston,"Clothing-Mens, structure",,flBldgStructDmgFn.csv,flBldgStructDmgFn,226
fl-4.0-structure-227,fl,4.0,structure,COM1,,USACE - Galveston,"Crafts, structure",,flBldgStructDmgFn.csv,flBldgStructDmgFn,227
fl-4.0-structure-228,fl,4.0,structure,COM1,,USACE - Galveston,"Drug Store, structure",,flBldgStructDmgFn.csv,flBldgStructDmgFn,228
fl-4.0-structure-229,fl,4.0,structure,COM1,,USACE - Galveston,"Fabric Store, structure",,flBldgStructDmgFn.csv,flBldgStructDmgFn,229
fl-4.0-structure-230,fl,4.0,structure,COM1,,USACE - Galveston,"Feed Store, structure",,flBldgStructDmgFn.csv,flBldgStructDmgFn,230
fl-4.0-structure-231,fl,4.0,structure,COM1,,USACE - Galveston,"Flea Market, structure",,flBldgStructDmgFn.csv,flBldgStructDmgFn,231
fl-4.0-structure-232,fl,4.0,structure,COM1,,USACE - Galveston,"Florist, structure",,flBldgStructDmgFn.csv,flBldgStructDmgFn,232
fl-4.0-structure-233,fl,4.0,structure,COM1,,USACE - Galveston,"Fruit Stand, structure",,flBldgStructDmgFn.csv,flBldgStructDmgFn,233
fl-4.0-structure-234,fl,4.0,structure,COM1,,USACE - Galveston,"Large Furniture, structure",,flBldgStructDmgFn.csv,flBldgStructDmgFn,234
fl-4.0-structure-235,fl,4.0,structure,COM1,,USACE - Galveston,"Gas/Butane Supply, structure",,flBldgStructDmgFn.csv,flBldgStructDmgFn,235
fl-4.0-structure-236,fl,4.0,structure,COM1,,USACE - Galveston,"Gift Shop, structure",,flBldgStructDmgFn.csv,flBldgStructDmgFn,236
fl-4.0-structure-237,fl,4.0,structure,COM1,,USACE - Galveston,"Greenhouse, structure",,flBldgStructDmgFn.csv,flBldgStructDmgFn,237
fl-4.0-structure-238,fl,4.0,structure,COM1,,USACE - Galveston,"Small Grocery, structure",,flBldgStructDmgFn.csv,flBldgStructDmgFn,238
fl-4.0-structure-239,fl,4.0,structure,COM1,,USACE - Galveston,"Medium Grocery, structure",,flBldgStructDmgFn.csv,flBldgStructDmgFn,239
fl-4.0-structure-240,fl,4.0,structure,COM1,,USACE - Galveston,"Gun Shop, structure",,flBldgStructDmgFn.csv,flBldgStructDmgFn,240
fl-4.0-structure-241,fl,4.0,structure,COM1,,USACE - Galveston,"Hardware, structure",,flBldgStructDmgFn.csv,flBldgStructDmgFn,241
fl-4.0-structure-242,fl,4.0,structure,COM1,,USACE - Galveston,"Hobby Shop, structure",,flBldgStructDmgFn.csv,flBldgStructDmgFn,242
fl-4.0-structure-243,fl,4.0,structure,COM1,,USACE - Galveston,"Lawnmower, structure",,flBldgStructDmgFn.csv,flBldgStructDmgFn,243
fl-4.0-structure-244,fl,4.0,structure,COM1,,USACE - Galveston,"Liquor Store, structure",,flBldgStructDmgFn.csv,flBldgStructDmgFn,244
fl-4.0-structure-245,fl,4.0,structure,COM1,,USACE - Galveston,"Meat Market, structure",,flBldgStructDmgFn.csv,flBldgStructDmgFn,245
fl-4.0-structure-246,fl,4.0,structure,COM1,,USACE - Galveston,"Motorcycle Dealer, structure",,flBldgStructDmgFn.csv,flBldgStructDmgFn,246
fl-4.0-structure-247,fl,4.0,structure,COM1,,USACE - Galveston,"Music Center, structure",,flBldgStructDmgFn.csv,flBldgStructDmgFn,247
fl-4.0-structure-248,fl,4.0,structure,COM1,,USACE - Galveston,"Nursery, structure",,flBldgStructDmgFn.csv,flBldgStructDmgFn,248
fl-4.0-structure-249,fl,4.0,structure,COM1,,USACE - Galveston,"Paint Store, structure",,flBldgStructDmgFn.csv,flBldgStructDmgFn,249
fl-4.0-structure-250,fl,4.0,structure,COM1,,USACE - Galveston,"Pawn Shop, structure",,flBldgStructDmgFn.csv,flBldgStructDmgFn,250
fl-4.0-structure-251,fl,4.0,structure,COM1,,USACE - Galveston,"Remnant Shop, structure",,flBldgStructDmgFn.csv,flBldgStructDmgFn,251
fl-4.0-structure-252,fl,4.0,structure,COM1,,USACE - Galveston,"Service Station, structure",,flBldgStructDmgFn.csv,flBldgStructDmgFn,252
fl-4.0-structure-253,fl,4.0,structure,COM1,,USACE - Galveston,"Shoe Repair, structure",,flBldgStructDmgFn.csv,flBldgStructDmgFn,253
fl-4.0-structure-254,fl,4.0,structure,COM1,,USACE - Galveston,"Toy Store, structure",,flBldgStructDmgFn.csv,flBldgStructDmgFn,254
fl-4.0-structure-255,fl,4.0,structure,COM1,,USACE - Galveston,"Tractor Sales, structure",,flBldgStructDmgFn.csv,flBldgStructDmgFn,255
fl-4.0-structure-256,fl,4.0,structure,COM1,,USACE - Galveston,"Trophy Shop, structure",,flBldgStructDmgFn.csv,flBldgStructDmgFn,256
fl-4.0-structure-257,fl,4.0,structure,COM1,,USACE - Galveston,"Upholstery Shop, structure",,flBldgStructDmgFn.csv,flBldgStructDmgFn,257
fl-4.0-structure-258,fl,4.0,structure,COM1,,USACE - Galveston,"Used Appliances/Cloth, structure",,flBldgStructDmgFn.csv,flBldgStructDmgFn,258
fl-4.0-structure-259,fl,4.0,structure,COM1,,USACE - Galveston,"Used Furniture, structure",,flBldgStructDmgFn.csv,flBldgStructDmgFn,259
fl-4.0-structure-260,fl,4.0,structure,COM1,,USACE - Galveston,"Vacuum Cleaner Sales, structure",,flBldgStructDmgFn.csv,flBldgStructDmgFn,260
fl-4.0-structure-261,fl,4.0,structure,COM1,,USACE - Galveston,"Video Games, structure",,flBldgStructDmgFn.csv,flBldgStructDmgFn,261
fl-4.0-structure-262,fl,4.0,structure,COM1,,USACE - Wilmington,"Appliances, structure",,flBldgStructDmgFn.csv,flBldgStructDmgFn,262
fl-4.0-structure-263,fl,4.0,structure,COM1,,USACE - Wilmington,"Auto Dealership, structure",,flBldgStructDmgFn.csv,flBldgStructDmgFn,263
fl-4.0-structure-264,fl,4.0,structure,COM1,,USACE - Wilmington,"Bait Stand, structure",,flBldgStructDmgFn.csv,flBldgStructDmgFn,264
fl-4.0-structure-265,fl,4.0,structure,COM1,,USACE - Wilmington,"Book Store, structure",,flBldgStructDmgFn.csv,flBldgStructDmgFn,265
fl-4.0-structure-266,fl,4.0,structure,COM1,,USACE - Wilmington,"Clothing, structure",,flBldgStructDmgFn.csv,flBldgStructDmgFn,266
fl-4.0-structure-267,fl,4.0,structure,COM1,,USACE - Wilmington,"Department Store, structure",,flBldgStructDmgFn.csv,flBldgStructDmgFn,267
fl-4.0-structure-268,fl,4.0,structure,COM1,,USACE - Wilmington,"Drug, Super, structure",,flBldgStructDmgFn.csv,flBldgStructDmgFn,268
fl-4.0-structure-269,fl,4.0,structure,COM1,,USACE - Wilmington,"Furniture, structure",,flBldgStructDmgFn.csv,flBldgStructDmgFn,269
fl-4.0-structure-270,fl,4.0,structure,COM1,,USACE - Wilmington,"Hardware, structure",,flBldgStructDmgFn.csv,flBldgStructDmgFn,270
fl-4.0-structure-271,fl,4.0,structure,COM1,,USACE - Wilmington,"Liquor, structure",,flBldgStructDmgFn.csv,flBldgStructDmgFn,271
fl-4.0-structure-272,fl,4.0,structure,COM1,,USACE - Wilmington,"Drive thru market, structure",,flBldgStructDmgFn.csv,flBldgStructDmgFn,272
fl-4.0-structure-273,fl,4.0,structure,COM1,,USACE - Wilmington,"Supermarket, structure",,flBldgStructDmgFn.csv,flBldgStructDmgFn,273
fl-4.0-structure-274,fl,4.0,structure,COM1,,USACE - Wilmington,"Service Station, structure",,flBldgStructDmgFn.csv,flBldgStructDmgFn,274
fl-4.0-structure-275,fl,4.0,structure,COM1,,USACE - Wilmington,"Variety Store, structure",,flBldgStructDmgFn.csv,flBldgStructDmgFn,275
fl-4.0-structure-276,fl,4.0,structure,COM1,,USACE - New Orleans,"Bakery, structure, salt water, long duration",,flBldgStructDmgFn.csv,flBldgStructDmgFn,276
fl-4.0-structure-277,fl,4.0,structure,COM1,,USACE - New Orleans,"Bakery, structure, salt water, short duration",,flBldgStructDmgFn.csv,flBldgStructDmgFn,277
fl-4.0-structure-278,fl,4.0,structure,COM1,,USACE - New Orleans,"Bakery, structure, fresh water, long duration",,flBldgStructDmgFn.csv,flBldgStructDmgFn,278
fl-4.0-structure-279,fl,4.0,structure,COM1,,USACE - New Orleans,"Bakery, structure, fresh water, short duration",,flBldgStructDmgFn.csv,flBldgStructDmgFn,279
fl-4.0-structure-280,fl,4.0,structure,COM1,,USACE - New Orleans,"Bakery, structure, composite water & duration",,flBldgStructDmgFn.csv,flBldgStructDmgFn,280
fl-4.0-structure-281,fl,4.0,structure,COM1,,USACE - New Orleans,"Candy Store, structure, salt water, long duration",,flBldgStructDmgFn.csv,flBldgStructDmgFn,281
fl-4.0-structure-282,fl,4.0,structure,COM1,,USACE - New Orleans,"Candy Store, structure, salt water, short duration",,flBldgStructDmgFn.csv,flBldgStructDmgFn,282
fl-4.0-structure-283,fl,4.0,structure,COM1,,USACE - New Orleans,"Candy Store, structure, fresh water, long duration",,flBldgStructDmgFn.csv,flBldgStructDmgFn,283
fl-4.0-structure-284,fl,4.0,structure,COM1,,USACE - New Orleans,"Candy Store, structure, fresh water, short duration",,flBldgStructDmgFn.csv,flBldgStructDmgFn,284
fl-4.0-structure-285,fl,4.0,structure,COM1,,USACE - New Orleans,"Candy Store, structure, composite water & duration",,flBldgStructDmgFn.csv,flBldgStructDmgFn,285
fl-4.0-structure-286,fl,4.0,structure,COM1,,USACE - New Orleans,"Clothing Store, structure, salt water, long duration",,flBldgStructDmgFn.csv,flBldgStructDmgFn,286
fl-4.0-structure-287,fl,4.0,structure,COM1,,USACE - New Orleans,"Clothing Store, structure, salt water, short duration",,flBldgStructDmgFn.csv,flBldgStructDmgFn,287
fl-4.0-structure-288,fl,4.0,structure,COM1,,USACE - New Orleans,"Clothing Store, structure, fresh water, long duration",,flBldgStructDmgFn.csv,flBldgStructDmgFn,288
fl-4.0-structure-289,fl,4.0,structure,COM1,,USACE - New Orleans,"Clothing Store, structure, fresh water, short duration",,flBldgStructDmgFn.csv,flBldgStructDmgFn,289
fl-4.0-structure-290,fl,4.0,structure,COM1,,USACE - New Orleans,"Clothing Store, structure, composite water & duration",,flBldgStructDmgFn.csv,flBldgStructDmgFn,290
fl-4.0-structure-291,fl,4.0,structure,COM1,,USACE - New Orleans,"Convenience Store, structure, salt water, long duration",,flBldgStructDmgFn.csv,flBldgStructDmgFn,291
fl-4.0-structure-292,fl,4.0,structure,COM1,,USACE - New Orleans,"Convenience Store, structure, salt water, short duration",,flBldgStructDmgFn.csv,flBldgStructDmgFn,292
fl-4.0-structure-293,fl,4.0,structure,COM1,,USACE - New Orleans,"Convenience Store, structure, fresh water, long duration",,flBldgStructDmgFn.csv,flBldgStructDmgFn,293
fl-4.0-structure-294,fl,4.0,structure,COM1,,USACE - New Orleans,"Convenience Store, structure, fresh water, short duration",,flBldgStructDmgFn.csv,flBldgStructDmgFn,294
fl-4.0-structure-295,fl,4.0,structure,COM1,,USACE - New Orleans,"Convenience Store, structure, composite water & duration",,flBldgStructDmgFn.csv,flBldgStructDmgFn,295
fl-4.0-structure-296,fl,4.0,structure,COM1,,USACE - New Orleans,"Department Store, structure, salt water, long duration",,flBldgStructDmgFn.csv,flBldgStructDmgFn,296
fl-4.0-structure-297,fl,4.0,structure,COM1,,USACE - New Orleans,"Department Store, structure, salt water, short duration",,flBldgStructDmgFn.csv,flBldgStructDmgFn,297
fl-4.0-structure-298,fl,4.0,structure,COM1,,USACE - New Orleans,"Department Store, structure, fresh water, long duration",,flBldgStructDmgFn.csv,flBldgStructDmgFn,298
fl-4.0-structure-299,fl,4.0,structure,COM1,,USACE - New Orleans,"Department Store, structure, fresh water, short duration",,flBldgStructDmgFn.csv,flBldgStructDmgFn,299
fl-4.0-structure-300,fl,4.0,structure,COM1,,USACE - New Orleans,"Department Store, structure, composite water & duration",,flBldgStructDmgFn.csv,flBldgStructDmgFn,300
fl-4.0-structure-301,fl,4.0,structure,COM1,,USACE - New Orleans,"Furniture Store, structure, salt water, long duration",,flBldgStructDmgFn.csv,flBldgStructDmgFn,301
fl-4.0-structure-302,fl,4.0,structure,COM1,,USACE - New Orleans,"Furniture Store, structure, salt water, short duration",,flBldgStructDmgFn.csv,flBldgStructDmgFn,302
fl-4.0-structure-303,fl,4.0,structure,COM1,,USACE - New Orleans,"Furniture Store, structure, fresh water, long duration",,flBldgStructDmgFn.csv,flBldgStructDmgFn,303
fl-4.0-structure-304,fl,4.0,structure,COM1,,USACE - New Orleans,"Furniture Store, structure, fresh water, short duration",,flBldgStructDmgFn.csv,flBldgStructDmgFn,304
fl-4.0-structure-305,fl,4.0,structure,COM1,,USACE - New Orleans,"Furniture Store, structure, composite water & duration",,flBldgStructDmgFn.csv,flBldgStructDmgFn,305
fl-4.0-structure-306,fl,4.0,structure,COM1,,USACE - New Orleans,"Gas Station, structure, salt water, long duration",,flBldgStructDmgFn.csv,flBldgStructDmgFn,306
fl-4.0-structure-307,fl,4.0,structure,COM1,,USACE - New Orleans,"Gas Station, structure, salt water, short duration",,flBldgStructDmgFn.csv,flBldgStructDmgFn,307
fl-4.0-structure-308,fl,4.0,structure,COM1,,USACE - New Orleans,"Gas Station, structure, fresh water, long duration",,flBldgStructDmgFn.csv,flBldgStructDmgFn,308
fl-4.0-structure-309,fl,4.0,structure,COM1,,USACE - New Orleans,"Gas Station, structure, fresh water, short duration",,flBldgStructDmgFn.csv,flBldgStructDmgFn,309
fl-4.0-structure-310,fl,4.0,structure,COM1,,USACE - New Orleans,"Gas Station, structure, composite water & duration",,flBldgStructDmgFn.csv,flBldgStructDmgFn,310
fl-4.0-structure-311,fl,4.0,structure,COM1,,USACE - New Orleans,"Large Grocery, structure, salt water, long duration",,flBldgStructDmgFn.csv,flBldgStructDmgFn,311
fl-4.0-structure-312,fl,4.0,structure,COM1,,USACE - New Orleans,"Large Grocery, structure, salt water, short duration",,flBldgStructDmgFn.csv,flBldgStructDmgFn,312
fl-4.0-structure-313,fl,4.0,structure,COM1,,USACE - New Orleans,"Large Grocery, structure, fresh water, long duration",,flBldgStructDmgFn.csv,flBldgStructDmgFn,313
fl-4.0-structure-314,fl,4.0,structure,COM1,,USACE - New Orleans,"Large Grocery,  structure, fresh water, short duration",,flBldgStructDmgFn.csv,flBldgStructDmgFn,314
fl-4.0-structure-315,fl,4.0,structure,COM1,,USACE - New Orleans,"Large Grocery, structure, composite water & duration",,flBldgStructDmgFn.csv,flBldgStructDmgFn,315
fl-4.0-structure-316,fl,4.0,structure,COM1,,USACE - New Orleans,"Neigborhood Grocery, structure, salt water, long duration",,flBldgStructDmgFn.csv,flBldgStructDmgFn,316
fl-4.0-structure-317,fl,4.0,structure,COM1,,USACE - New Orleans,"Neigborhood Grocery, structure, salt water, short duration",,flBldgStructDmgFn.csv,flBldgStructDmgFn,317
fl-4.0-structure-318,fl,4.0,structure,COM1,,USACE - New Orleans,"Neigborhood Grocery, structure, fresh water, long duration",,flBldgStructDmgFn.csv,flBldgStructDmgFn,318
fl-4.0-structure-319,fl,4.0,structure,COM1,,USACE - New Orleans,"Neigborhood Grocery, structure, fresh water, short duration",,flBldgStructDmgFn.csv,flBldgStructDmgFn,319
fl-4.0-structure-320,fl,4.0,structure,COM1,,USACE - New Orleans,"Neigborhood Grocery, structure, composite water & duration",,flBldgStructDmgFn.csv,flBldgStructDmgFn,320
fl-4.0-structure-321,fl,4.0,structure,COM1,,USACE - New Orleans,"Home Repair Store, structure, salt water, long duration",,flBldgStructDmgFn.csv,flBldgStructDmgFn,321
fl-4.0-structure-322,fl,4.0,structure,COM1,,USACE - New Orleans,"Home Repair Store, structure, salt water, short duration",,flBldgStructDmgFn.csv,flBldgStructDmgFn,322
fl-4.0-structure-323,fl,4.0,structure,COM1,,USACE - New Orleans,"Home Repair Store, structure, fresh water, long duration",,flBldgStructDmgFn.csv,flBldgStructDmgFn,323
fl-4.0-structure-324,fl,4.0,structure,COM1,,USACE - New Orleans,"Home Repair Store, structure, fresh water, short duration",,flBldgStructDmgFn.csv,flBldgStructDmgFn,324
fl-4.0-structure-325,fl,4.0,structure,COM1,,USACE - New Orleans,"Home Repair Store, structure, composite water & duration",,flBldgStructDmgFn.csv,flBldgStructDmgFn,325
fl-4.0-structure-326,fl,4.0,structure,COM1,,USACE - New Orleans,"Liquor Store, structure, salt water, long duration",,flBldgStructDmgFn.csv,flBldgStructDmgFn,326
fl-4.0-structure-327,fl,4.0,structure,COM1,,USACE - New Orleans,"Liquor Store, structure, salt water, short duration",,flBldgStructDmgFn.csv,flBldgStructDmgFn,327
fl-4.0-structure-328,fl,4.0,structure,COM1,,USACE - New Orleans,"Liquor Store, structure, fresh water, long duration",,flBldgStructDmgFn.csv,flBldgStructDmgFn,328
fl-4.0-structure-329,fl,4.0,structure,COM1,,USACE - New Orleans,"Liquor Store, structure, fresh water, short duration",,flBldgStructDmgFn.csv,flBldgStructDmgFn,329
fl-4.0-structure-330,fl,4.0,structure,COM1,,USACE - New Orleans,"Liquor Store, structure, composite water & duration",,flBldgStructDmgFn.csv,flBldgStructDmgFn,330
fl-4.0-structure-331,fl,4.0,structure,COM1,,USACE - New Orleans,"Shoe Store, structure, salt water, long duration",,flBldgStructDmgFn.csv,flBldgStructDmgFn,331
fl-4.0-structure-332,fl,4.0,structure,COM1,,USACE - New Orleans,"Shoe Store, structure, salt water, short duration",,flBldgStructDmgFn.csv,flBldgStructDmgFn,332
fl-4.0-structure-333,fl,4.0,structure,COM1,,USACE - New Orleans,"Shoe Store, structure, fresh water, long duration",,flBldgStructDmgFn.csv,flBldgStructDmgFn,333
fl-4.0-structure-334,fl,4.0,structure,COM1,,USACE - New Orleans,"Shoe Store, structure, fresh water, short duration",,flBldgStructDmgFn.csv,flBldgStructDmgFn,334
fl-4.0-structure-335,fl,4.0,structure,COM1,,USACE - New Orleans,"Shoe Store, structure, composite water & duration",,flBldgStructDmgFn.csv,flBldgStructDmgFn,335
fl-4.0-structure-336,fl,4.0,structure,COM1,,USACE - New Orleans,"Wine Store, structure, salt water, long duration",,flBldgStructDmgFn.csv,flBldgStructDmgFn,336
fl-4.0-structure-337,fl,4.0,structure,COM1,,USACE - New Orleans,"Wine Store, structure, salt water, short duration",,flBldgStructDmgFn.csv,flBldgStructDmgFn,337
fl-4.0-structure-338,fl,4.0,structure,COM1,,USACE - New Orleans,"Wine Store, structure, fresh water, long duration",,flBldgStructDmgFn.csv,flBldgStructDmgFn,338
fl-4.0-structure-339,fl,4.0,structure,COM1,,USACE - New Orleans,"Wine Store, structure, fresh water, short duration",,flBldgStructDmgFn.csv,flBldgStructDmgFn,339
fl-4.0-structure-340,fl,4.0,structure,COM1,,USACE - New Orleans,"Wine Store, structure, composite water & duration",,flBldgStructDmgFn.csv,flBldgStructDmgFn,340
fl-4.0-structure-341,fl,4.0,structure,COM2,,USACE - Galveston,"Average wholesale, Structure",,flBldgStructDmgFn.csv,flBldgStructDmgFn,341
fl-4.0-structure-342,fl,4.0,structure,COM2,,USACE - Galveston,"Auto Parts, structure",,flBldgStructDmgFn.csv,flBldgStructDmgFn,342
fl-4.0-structure-343,fl,4.0,structure,COM2,,USACE - Galveston,"Auto Parts/Mufflers, structure",,flBldgStructDmgFn.csv,flBldgStructDmgFn,343
fl-4.0-structure-344,fl,4.0,structure,COM2,,USACE - Galveston,"Heavy Equipment Storage, structure",,flBldgStructDmgFn.csv,flBldgStructDmgFn,344
fl-4.0-structure-345,fl,4.0,structure,COM2,,USACE - Galveston,"Food Warehouse, structure",,flBldgStructDmgFn.csv,flBldgStructDmgFn,345
fl-4.0-structure-346,fl,4.0,structure,COM2,,USACE - Galveston,"Jewelry, structure",,flBldgStructDmgFn.csv,flBldgStructDmgFn,346
fl-4.0-structure-347,fl,4.0,structure,COM2,,USACE - Galveston,"Lumber Yard, structure",,flBldgStructDmgFn.csv,flBldgStructDmgFn,347
fl-4.0-structure-348,fl,4.0,structure,COM2,,USACE - Galveston,"Medical Supplies, structure",,flBldgStructDmgFn.csv,flBldgStructDmgFn,348
fl-4.0-structure-349,fl,4.0,structure,COM2,,USACE - Galveston,"Municipal Storage Warehouse, structure",,flBldgStructDmgFn.csv,flBldgStructDmgFn,349
fl-4.0-structure-350,fl,4.0,structure,COM2,,USACE - Galveston,"Paper Products Warehouse, structure",,flBldgStructDmgFn.csv,flBldgStructDmgFn,350
fl-4.0-structure-351,fl,4.0,structure,COM2,,USACE - Galveston,"Private Storage, structure",,flBldgStructDmgFn.csv,flBldgStructDmgFn,351
fl-4.0-structure-352,fl,4.0,structure,COM2,,USACE - Galveston,"Quonset Hut Storage, structure",,flBldgStructDmgFn.csv,flBldgStructDmgFn,352
fl-4.0-structure-353,fl,4.0,structure,COM2,,USACE - Galveston,"Safety Equipment, structure",,flBldgStructDmgFn.csv,flBldgStructDmgFn,353
fl-4.0-structure-354,fl,4.0,structure,COM2,,USACE - Galveston,"Sporting Goods, structure",,flBldgStructDmgFn.csv,flBldgStructDmgFn,354
fl-4.0-structure-355,fl,4.0,structure,COM2,,USACE - Galveston,"Sporting Goods Warehouse, structure",,flBldgStructDmgFn.csv,flBldgStructDmgFn,355
fl-4.0-structure-356,fl,4.0,structure,COM2,,USACE - Galveston,"Machine Parts Storage, structure",,flBldgStructDmgFn.csv,flBldgStructDmgFn,356
fl-4.0-structure-357,fl,4.0,structure,COM2,,USACE - Galveston,"T.V. Station, structure",,flBldgStructDmgFn.csv,flBldgStructDmgFn,357
fl-4.0-structure-358,fl,4.0,structure,COM2,,USACE - Galveston,"T.V. Repair, structure",,flBldgStructDmgFn.csv,flBldgStructDmgFn,358
fl-4.0-structure-359,fl,4.0,structure,COM2,,USACE - Galveston,"Trailer Parts, structure",,flBldgStructDmgFn.csv,flBldgStructDmgFn,359
fl-4.0-structure-360,fl,4.0,structure,COM2,,USACE - Galveston,"Warehouse, structure",,flBldgStructDmgFn.csv,flBldgStructDmgFn,360
fl-4.0-structure-361,fl,4.0,structure,COM2,,USACE - Galveston,"Beer Warehouse, structure",,flBldgStructDmgFn.csv,flBldgStructDmgFn,361
fl-4.0-structure-362,fl,4.0,structure,COM2,,USACE - Galveston,"Bottled Gases Warehouse, structure",,flBldgStructDmgFn.csv,flBldgStructDmgFn,362
fl-4.0-structure-363,fl,4.0,structure,COM2,,USACE - Galveston,"Western Auto, structure",,flBldgStructDmgFn.csv,flBldgStructDmgFn,363
fl-4.0-structure-364,fl,4.0,structure,COM2,,USACE - New Orleans,"Warehouse, structure, salt water, long duration",,flBldgStructDmgFn.csv,flBldgStructDmgFn,364
fl-4.0-structure-365,fl,4.0,structure,COM2,,USACE - New Orleans,"Warehouse, structure, salt water, short duration",,flBldgStructDmgFn.csv,flBldgStructDmgFn,365
fl-4.0-structure-366,fl,4.0,structure,COM2,,USACE - New Orleans,"Warehouse, structure, fresh water, long duration",,flBldgStructDmgFn.csv,flBldgStructDmgFn,366
fl-4.0-structure-367,fl,4.0,structure,COM2,,USACE - New Orleans,"Warehouse, structure, fresh water, short duration",,flBldgStructDmgFn.csv,flBldgStructDmgFn,367
fl-4.0-structure-368,fl,4.0,structure,COM2,,USACE - New Orleans,"Warehouse, structure, composite water & duration",,flBldgStructDmgFn.csv,flBldgStructDmgFn,368
fl-4.0-structure-369,fl,4.0,structure,COM2,,USACE - St. Paul,"Warehouse, structure, fresh water",,flBldgStructDmgFn.csv,flBldgStructDmgFn,369
fl-4.0-structure-370,fl,4.0,structure,COM2,,USACE - Wilmington,"Auto Junk Yard, structure",,flBldgStructDmgFn.csv,flBldgStructDmgFn,370
fl-4.0-structure-371,fl,4.0,structure,COM2,,USACE - Wilmington,"Auto Parts, structure",,flBldgStructDmgFn.csv,flBldgStructDmgFn,371
fl-4.0-structure-372,fl,4.0,structure,COM2,,USACE - Wilmington,"Jewelry, structure",,flBldgStructDmgFn.csv,flBldgStructDmgFn,372
fl-4.0-structure-373,fl,4.0,structure,COM2,,USACE - Wilmington,"Lumber, structure",,flBldgStructDmgFn.csv,flBldgStructDmgFn,373
fl-4.0-structure-374,fl,4.0,structure,COM2,,USACE - Wilmington,"Warehouse, structure",,flBldgStructDmgFn.csv,flBldgStructDmgFn,374
fl-4.0-structure-375,fl,4.0,structure,COM3,,USACE - Galveston,"Average Personal & Repair Services, Structure",,flBldgStructDmgFn.csv,flBldgStructDmgFn,375
fl-4.0-structure-376,fl,4.0,structure,COM3,,USACE - Galveston,"Barber Shop, structure",,flBldgStructDmgFn.csv,flBldgStructDmgFn,376
fl-4.0-structure-377,fl,4.0,structure,COM3,,USACE - Galveston,"Beauty Shop, structure",,flBldgStructDmgFn.csv,flBldgStructDmgFn,377
fl-4.0-structure-378,fl,4.0,structure,COM3,,USACE - Galveston,"Boat Service, structure",,flBldgStructDmgFn.csv,flBldgStructDmgFn,378
fl-4.0-structure-379,fl,4.0,structure,COM3,,USACE - Galveston,"Car Wash, structure",,flBldgStructDmgFn.csv,flBldgStructDmgFn,379
fl-4.0-structure-380,fl,4.0,structure,COM3,,USACE - Galveston,"Cemetary, structure",,flBldgStructDmgFn.csv,flBldgStructDmgFn,380
fl-4.0-structure-381,fl,4.0,structure,COM3,,USACE - Galveston,"Cleaners, structure",,flBldgStructDmgFn.csv,flBldgStructDmgFn,381
fl-4.0-structure-382,fl,4.0,structure,COM3,,USACE - Galveston,"Cleaners substation, structure",,flBldgStructDmgFn.csv,flBldgStructDmgFn,382
fl-4.0-structure-383,fl,4.0,structure,COM3,,USACE - Galveston,"Private Day Care, structure",,flBldgStructDmgFn.csv,flBldgStructDmgFn,383
fl-4.0-structure-384,fl,4.0,structure,COM3,,USACE - Galveston,"Funeral Home, structure",,flBldgStructDmgFn.csv,flBldgStructDmgFn,384
fl-4.0-structure-385,fl,4.0,structure,COM3,,USACE - Galveston,"Laundry, structure",,flBldgStructDmgFn.csv,flBldgStructDmgFn,385
fl-4.0-structure-386,fl,4.0,structure,COM3,,USACE - Galveston,"Photo Studio, structure",,flBldgStructDmgFn.csv,flBldgStructDmgFn,386
fl-4.0-structure-387,fl,4.0,structure,COM3,,USACE - Galveston,"Truck Mfg & Sales, structure",,flBldgStructDmgFn.csv,flBldgStructDmgFn,387
fl-4.0-structure-388,fl,4.0,structure,COM3,,USACE - Galveston,"Washateria, structure",,flBldgStructDmgFn.csv,flBldgStructDmgFn,388
fl-4.0-structure-389,fl,4.0,structure,COM3,,USACE - New Orleans,"Auto Repair, structure, salt water, long duration",,flBldgStructDmgFn.csv,flBldgStructDmgFn,389
fl-4.0-structure-390,fl,4.0,structure,COM3,,USACE - New Orleans,"Auto Repair, structure, salt water, short duration",,flBldgStructDmgFn.csv,flBldgStructDmgFn,390
fl-4.0-structure-391,fl,4.0,structure,COM3,,USACE - New Orleans,"Auto Repair, structure, fresh water, long duration",,flBldgStructDmgFn.csv,flBldgStructDmgFn,391
fl-4.0-structure-392,fl,4.0,structure,COM3,,USACE - New Orleans,"Auto Repair, structure, fresh water, short duration",,flBldgStructDmgFn.csv,flBldgStructDmgFn,392
fl-4.0-structure-393,fl,4.0,structure,COM3,,USACE - New Orleans,"Auto Repair, structure, composite water & duration",,flBldgStructDmgFn.csv,flBldgStructDmgFn,393
fl-4.0-structure-394,fl,4.0,structure,COM3,,USACE - New Orleans,"Barber Shop, structure, salt water, long duration",,flBldgStructDmgFn.csv,flBldgStructDmgFn,394
fl-4.0-structure-395,fl,4.0,structure,COM3,,USACE - New Orleans,"Barber Shop, structure, salt water, short duration",,flBldgStructDmgFn.csv,flBldgStructDmgFn,395
fl-4.0-structure-396,fl,4.0,structure,COM3,,USACE - New Orleans,"Barber Shop, structure, fresh water, long duration",,flBldgStructDmgFn.csv,flBldgStructDmgFn,396
fl-4.0-structure-397,fl,4.0,structure,COM3,,USACE - New Orleans,"Barber Shop, structure, fresh water, short duration",,flBldgStructDmgFn.csv,flBldgStructDmgFn,397
fl-4.0-structure-398,fl,4.0,structure,COM3,,USACE - New Orleans,"Barber Shop, structure, composite water & duration",,flBldgStructDmgFn.csv,flBldgStructDmgFn,398
fl-4.0-structure-399,fl,4.0,structure,COM3,,USACE - New Orleans,"Beauty Salon, structure, salt water, long duration",,flBldgStructDmgFn.csv,flBldgStructDmgFn,399
fl-4.0-structure-400,fl,4.0,structure,COM3,,USACE - New Orleans,"Beauty Salon, structure, salt water, short duration",,flBldgStructDmgFn.csv,flBldgStructDmgFn,400
fl-4.0-structure-401,fl,4.0,structure,COM3,,USACE - New Orleans,"Beauty Salon, structure, fresh water, long duration",,flBldgStructDmgFn.csv,flBldgStructDmgFn,401
fl-4.0-structure-402,fl,4.0,structure,COM3,,USACE - New Orleans,"Beauty Salon, structure, fresh water, short duration",,flBldgStructDmgFn.csv,flBldgStructDmgFn,402
fl-4.0-structure-403,fl,4.0,structure,COM3,,USACE - New Orleans,"Beauty Salon, structure, composite water & duration",,flBldgStructDmgFn.csv,flBldgStructDmgFn,403
fl-4.0-structure-404,fl,4.0,structure,COM3,,USACE - New Orleans,"Funeral Home, structure, salt water, long duration",,flBldgStructDmgFn.csv,flBldgStructDmgFn,404
fl-4.0-structure-405,fl,4.0,structure,COM3,,USACE - New Orleans,"Funeral Home, structure, salt water, short duration",,flBldgStructDmgFn.csv,flBldgStructDmgFn,405
fl-4.0-structure-406,fl,4.0,structure,COM3,,USACE - New Orleans,"Funeral Home, structure, fresh water, long duration",,flBldgStructDmgFn.csv,flBldgStructDmgFn,406
fl-4.0-structure-407,fl,4.0,structure,COM3,,USACE - New Orleans,"Funeral Home, structure, fresh water, short duration",,flBldgStructDmgFn.csv,flBldgStructDmgFn,407
fl-4.0-structure-408,fl,4.0,structure,COM3,,USACE - New Orleans,"Funeral Home, structure, composite water & duration",,flBldgStructDmgFn.csv,flBldgStructDmgFn,408
fl-4.0-structure-409,fl,4.0,structure,COM3,,USACE - New Orleans,"Laundromat, structure, salt water, long duration",,flBldgStructDmgFn.csv,flBldgStructDmgFn,409
fl-4.0-structure-410,fl,4.0,structure,COM3,,USACE - New Orleans,"Laundromat, structure, salt water, short duration",,flBldgStructDmgFn.csv,flBldgStructDmgFn,410
fl-4.0-structure-411,fl,4.0,structure,COM3,,USACE - New Orleans,"Laundromat, structure, fresh water, long duration",,flBldgStructDmgFn.csv,flBldgStructDmgFn,411
fl-4.0-structure-412,fl,4.0,structure,COM3,,USACE - New Orleans,"Laundromat, structure, fresh water, short duration",,flBldgStructDmgFn.csv,flBldgStructDmgFn,412
fl-4.0-structure-413,fl,4.0,structure,COM3,,USACE - New Orleans,"Laundromat, structure, composite water & duration",,flBldgStructDmgFn.csv,flBldgStructDmgFn,413
fl-4.0-structure-414,fl,4.0,structure,COM3,,USACE - New Orleans,"Reupholstery, structure, salt water, long duration",,flBldgStructDmgFn.csv,flBldgStructDmgFn,414
fl-4.0-structure-415,fl,4.0,structure,COM3,,USACE - New Orleans,"Reupholstery, structure, salt water, short duration",,flBldgStructDmgFn.csv,flBldgStructDmgFn,415
fl-4.0-structure-416,fl,4.0,structure,COM3,,USACE - New Orleans,"Reupholstery, structure, fresh water, long duration",,flBldgStructDmgFn.csv,flBldgStructDmgFn,416
fl-4.0-structure-417,fl,4.0,structure,COM3,,USACE - New Orleans,"Reupholstery, structure, fresh water, short duration",,flBldgStructDmgFn.csv,flBldgStructDmgFn,417
fl-4.0-structure-418,fl,4.0,structure,COM3,,USACE - New Orleans,"Reupholstery, structure, composite water & duration",,flBldgStructDmgFn.csv,flBldgStructDmgFn,418
fl-4.0-structure-419,fl,4.0,structure,COM3,,USACE - New Orleans,"Watch Repair, structure, salt water, long duration",,flBldgStructDmgFn.csv,flBldgStructDmgFn,419
fl-4.0-structure-420,fl,4.0,structure,COM3,,USACE - New Orleans,"Watch Repair, structure, salt water, short duration",,flBldgStructDmgFn.csv,flBldgStructDmgFn,420
fl-4.0-structure-421,fl,4.0,structure,COM3,,USACE - New Orleans,"Watch Repair, structure, fresh water, long duration",,flBldgStructDmgFn.csv,flBldgStructDmgFn,421
fl-4.0-structure-422,fl,4.0,structure,COM3,,USACE - New Orleans,"Watch Repair, structure, fresh water, short duration",,flBldgStructDmgFn.csv,flBldgStructDmgFn,422
fl-4.0-structure-423,fl,4.0,structure,COM3,,USACE - New Orleans,"Watch Repair, structure, composite water & duration",,flBldgStructDmgFn.csv,flBldgStructDmgFn,423
fl-4.0-structure-424,fl,4.0,structure,COM3,,USACE - Wilmington,"Barber Shop, structure",,flBldgStructDmgFn.csv,flBldgStructDmgFn,424
fl-4.0-structure-425,fl,4.0,structure,COM3,,USACE - Wilmington,"Beauty Shop, structure",,flBldgStructDmgFn.csv,flBldgStructDmgFn,425
fl-4.0-structure-426,fl,4.0,structure,COM3,,USACE - Wilmington,"Cleaners, structure",,flBldgStructDmgFn.csv,flBldgStructDmgFn,426
fl-4.0-structure-427,fl,4.0,structure,COM3,,USACE - Wilmington,"Cleaners-substation, structure",,flBldgStructDmgFn.csv,flBldgStructDmgFn,427
fl-4.0-structure-428,fl,4.0,structure,COM3,,USACE - Wilmington,"Funeral Home, structure",,flBldgStructDmgFn.csv,flBldgStructDmgFn,428
fl-4.0-structure-429,fl,4.0,structure,COM3,,USACE - Wilmington,"Laundry, structure",,flBldgStructDmgFn.csv,flBldgStructDmgFn,429
fl-4.0-structure-430,fl,4.0,structure,COM3,,USACE - Wilmington,"Wash-a-teria, structure",,flBldgStructDmgFn.csv,flBldgStructDmgFn,430
fl-4.0-structure-431,fl,4.0,structure,COM4,,USACE - Galveston,"Average Prof/Tech Services, Structure",,flBldgStructDmgFn.csv,flBldgStructDmgFn,431
fl-4.0-structure-432,fl,4.0,structure,COM4,,USACE - Galveston,"Airport, structure",,flBldgStructDmgFn.csv,flBldgStructDmgFn,432
fl-4.0-structure-433,fl,4.0,structure,COM4,,USACE - Galveston,"Boat Stalls, structure",,flBldgStructDmgFn.csv,flBldgStructDmgFn,433
fl-4.0-structure-434,fl,4.0,structure,COM4,,USACE - Galveston,"Boat Storage, structure",,flBldgStructDmgFn.csv,flBldgStructDmgFn,434
fl-4.0-structure-435,fl,4.0,structure,COM4,,USACE - Galveston,"Business, Structure",,flBldgStructDmgFn.csv,flBldgStructDmgFn,435
fl-4.0-structure-436,fl,4.0,structure,COM4,,USACE - Galveston,"Filtering Plant, structure",,flBldgStructDmgFn.csv,flBldgStructDmgFn,436
fl-4.0-structure-437,fl,4.0,structure,COM4,,USACE - Galveston,"Import Sales, structure",,flBldgStructDmgFn.csv,flBldgStructDmgFn,437
fl-4.0-structure-438,fl,4.0,structure,COM4,,USACE - Galveston,"Big Office Commercial, structure",,flBldgStructDmgFn.csv,flBldgStructDmgFn,438
fl-4.0-structure-439,fl,4.0,structure,COM4,,USACE - Galveston,"Piers, structure",,flBldgStructDmgFn.csv,flBldgStructDmgFn,439
fl-4.0-structure-440,fl,4.0,structure,COM4,,USACE - Galveston,"Sewage Treatment, structure",,flBldgStructDmgFn.csv,flBldgStructDmgFn,440
fl-4.0-structure-441,fl,4.0,structure,COM4,,USACE - Galveston,"Transport Company, structure",,flBldgStructDmgFn.csv,flBldgStructDmgFn,441
fl-4.0-structure-442,fl,4.0,structure,COM4,,USACE - Galveston,"Utility Company, structure",,flBldgStructDmgFn.csv,flBldgStructDmgFn,442
fl-4.0-structure-443,fl,4.0,structure,COM4,,USACE - New Orleans,"Accounting Firm, structure, salt water, long duration",,flBldgStructDmgFn.csv,flBldgStructDmgFn,443
fl-4.0-structure-444,fl,4.0,structure,COM4,,USACE - New Orleans,"Accounting Firm, structure, salt water, short duration",,flBldgStructDmgFn.csv,flBldgStructDmgFn,444
fl-4.0-structure-445,fl,4.0,structure,COM4,,USACE - New Orleans,"Accounting Firm, structure, fresh water, long duration",,flBldgStructDmgFn.csv,flBldgStructDmgFn,445
fl-4.0-structure-446,fl,4.0,structure,COM4,,USACE - New Orleans,"Accounting Firm, structure, fresh water, short duration",,flBldgStructDmgFn.csv,flBldgStructDmgFn,446
fl-4.0-structure-447,fl,4.0,structure,COM4,,USACE - New Orleans,"Accounting Firm, structure, composite water & duration",,flBldgStructDmgFn.csv,flBldgStructDmgFn,447
fl-4.0-structure-448,fl,4.0,structure,COM4,,USACE - New Orleans,"Legal Office, structure, salt water, long duration",,flBldgStructDmgFn.csv,flBldgStructDmgFn,448
fl-4.0-structure-449,fl,4.0,structure,COM4,,USACE - New Orleans,"Legal Office, structure, salt water, short duration",,flBldgStructDmgFn.csv,flBldgStructDmgFn,449
fl-4.0-structure-450,fl,4.0,structure,COM4,,USACE - New Orleans,"Legal Office, structure, fresh water, long duration",,flBldgStructDmgFn.csv,flBldgStructDmgFn,450
fl-4.0-structure-451,fl,4.0,structure,COM4,,USACE - New Orleans,"Legal Office, structure, fresh water, short duration",,flBldgStructDmgFn.csv,flBldgStructDmgFn,451
fl-4.0-structure-452,fl,4.0,structure,COM4,,USACE - New Orleans,"Legal Office, structure, composite water & duration",,flBldgStructDmgFn.csv,flBldgStructDmgFn,452
fl-4.0-structure-453,fl,4.0,structure,COM4,,USACE - New Orleans,"Real Estate Office, structure, salt water, long duration",,flBldgStructDmgFn.csv,flBldgStructDmgFn,453
fl-4.0-structure-454,fl,4.0,structure,COM4,,USACE - New Orleans,"Real Estate Office, structure, salt water, short duration",,flBldgStructDmgFn.csv,flBldgStructDmgFn,454
fl-4.0-structure-455,fl,4.0,structure,COM4,,USACE - New Orleans,"Real Estate Office, structure, fresh water, long duration",,flBldgStructDmgFn.csv,flBldgStructDmgFn,455
fl-4.0-structure-456,fl,4.0,structure,COM4,,USACE - New Orleans,"Real Estate Office, structure, fresh water, short duration",,flBldgStructDmgFn.csv,flBldgStructDmgFn,456
fl-4.0-structure-457,fl,4.0,structure,COM4,,USACE - New Orleans,"Real Estate Office, structure, composite water & duration",,flBldgStructDmgFn.csv,flBldgStructDmgFn,457
fl-4.0-structure-458,fl,4.0,structure,COM4,,USACE - New Orleans,"Utility Company, structure, salt water, long duration",,flBldgStructDmgFn.csv,flBldgStructDmgFn,458
fl-4.0-structure-459,fl,4.0,structure,COM4,,USACE - New Orleans,"Utility Company, structure, salt water, short duration",,flBldgStructDmgFn.csv,flBldgStructDmgFn,459
fl-4.0-structure-460,fl,4.0,structure,COM4,,USACE - New Orleans,"Utility Company, structure, fresh water, long duration",,flBldgStructDmgFn.csv,flBldgStructDmgFn,460
fl-4.0-structure-461,fl,4.0,structure,COM4,,USACE - New Orleans,"Utility Company, structure, fresh water, short duration",,flBldgStructDmgFn.csv,flBldgStructDmgFn,461
fl-4.0-structure-462,fl,4.0,structure,COM4,,USACE - New Orleans,"Utility Company, structure, composite water & duration",,flBldgStructDmgFn.csv,flBldgStructDmgFn,462
fl-4.0-structure-463,fl,4.0,structure,COM4,,USACE - St. Paul,"Professional, structure, fresh water",,flBldgStructDmgFn.csv,flBldgStructDmgFn,463
fl-4.0-structure-464,fl,4.0,structure,COM4,,USACE - Wilmington,"Boat Stalls, structure",,flBldgStructDmgFn.csv,flBldgStructDmgFn,464
fl-4.0-structure-465,fl,4.0,structure,COM4,,USACE - Wilmington,"Business, structure",,flBldgStructDmgFn.csv,flBldgStructDmgFn,465
fl-4.0-structure-466,fl,4.0,structure,COM4,,USACE - Wilmington,"Office Building, structure",,flBldgStructDmgFn.csv,flBldgStructDmgFn,466
fl-4.0-structure-467,fl,4.0,structure,COM5,,USACE - Galveston,"Bank, Structure",,flBldgStructDmgFn.csv,flBldgStructDmgFn,467
fl-4.0-structure-468,fl,4.0,structure,COM5,,USACE - New Orleans,"Bank, Structure, salt water, long duration",,flBldgStructDmgFn.csv,flBldgStructDmgFn,468
fl-4.0-structure-469,fl,4.0,structure,COM5,,USACE - New Orleans,"Bank, Structure, salt water, short duration",,flBldgStructDmgFn.csv,flBldgStructDmgFn,469
fl-4.0-structure-470,fl,4.0,structure,COM5,,USACE - New Orleans,"Bank, tructure, fresh water, long duration",,flBldgStructDmgFn.csv,flBldgStructDmgFn,470
fl-4.0-structure-471,fl,4.0,structure,COM5,,USACE - New Orleans,"Bank, Structure, fresh water, short duration",,flBldgStructDmgFn.csv,flBldgStructDmgFn,471
fl-4.0-structure-472,fl,4.0,structure,COM5,,USACE - New Orleans,"Bank, Structure, composite water & duration",,flBldgStructDmgFn.csv,flBldgStructDmgFn,472
fl-4.0-structure-473,fl,4.0,structure,COM5,,USACE - Wilmington,"Bank, Structure",,flBldgStructDmgFn.csv,flBldgStructDmgFn,473
fl-4.0-structure-474,fl,4.0,structure,COM6,,USACE - Galveston,"Hospital, Structure",,flBldgStructDmgFn.csv,flBldgStructDmgFn,474
fl-4.0-structure-475,fl,4.0,structure,COM7,,USACE - Galveston,"Average Medical Office, Structure",,flBldgStructDmgFn.csv,flBldgStructDmgFn,475
fl-4.0-structure-476,fl,4.0,structure,COM7,,USACE - Galveston,"Doctor's Office, structure",,flBldgStructDmgFn.csv,flBldgStructDmgFn,476
fl-4.0-structure-477,fl,4.0,structure,COM7,,USACE - Galveston,"Dentist's Office, structure",,flBldgStructDmgFn.csv,flBldgStructDmgFn,477
fl-4.0-structure-478,fl,4.0,structure,COM7,,USACE - Galveston,"Chiropractic Clinic, structure",,flBldgStructDmgFn.csv,flBldgStructDmgFn,478
fl-4.0-structure-479,fl,4.0,structure,COM7,,USACE - Galveston,"X-Ray Service, structure",,flBldgStructDmgFn.csv,flBldgStructDmgFn,479
fl-4.0-structure-480,fl,4.0,structure,COM7,,USACE - Wilmington,"Medical Clinic, structure",,flBldgStructDmgFn.csv,flBldgStructDmgFn,480
fl-4.0-structure-481,fl,4.0,structure,COM7,,USACE - Wilmington,"Doctor's Office, structure",,flBldgStructDmgFn.csv,flBldgStructDmgFn,481
fl-4.0-structure-482,fl,4.0,structure,COM7,,USACE - Wilmington,"Dentist's Office, structure",,flBldgStructDmgFn.csv,flBldgStructDmgFn,482
fl-4.0-structure-483,fl,4.0,structure,COM7,,USACE - New Orleans,"Medical Office, structure, salt water, long duration",,flBldgStructDmgFn.csv,flBldgStructDmgFn,483
fl-4.0-structure-484,fl,4.0,structure,COM7,,USACE - New Orleans,"Medical Office, structure, salt water, short duration",,flBldgStructDmgFn.csv,flBldgStructDmgFn,484
fl-4.0-structure-485,fl,4.0,structure,COM7,,USACE - New Orleans,"Medical Office, structure, fresh water, long duration",,flBldgStructDmgFn.csv,flBldgStructDmgFn,485
fl-4.0-structure-486,fl,4.0,structure,COM7,,USACE - New Orleans,"Medical Office, structure, fresh water, short duration",,flBldgStructDmgFn.csv,flBldgStructDmgFn,486
fl-4.0-structure-487,fl,4.0,structure,COM7,,USACE - New Orleans,"Medical Office, structure, composite water & duration",,flBldgStructDmgFn.csv,flBldgStructDmgFn,487
fl-4.0-structure-488,fl,4.0,structure,COM7,,USACE - New Orleans,"Dentist's Office, structure, salt water, long duration",,flBldgStructDmgFn.csv,flBldgStructDmgFn,488
fl-4.0-structure-489,fl,4.0,structure,COM7,,USACE - New Orleans,"Dentist's Office, structure, salt water, short duration",,flBldgStructDmgFn.csv,flBldgStructDmgFn,489
fl-4.0-structure-490,fl,4.0,structure,COM7,,USACE - New Orleans,"Dentist's Office, structure, fresh water, long duration",,flBldgStructDmgFn.csv,flBldgStructDmgFn,490
fl-4.0-structure-491,fl,4.0,structure,COM7,,USACE - New Orleans,"Dentist's Office, structure, fresh water, short duration",,flBldgStructDmgFn.csv,flBldgStructDmgFn,491
fl-4.0-structure-492,fl,4.0,structure,COM7,,USACE - New Orleans,"Dentist's Office, structure, composite water & duration",,flBldgStructDmgFn.csv,flBldgStructDmgFn,492
fl-4.0-structure-493,fl,4.0,structure,COM8,,USACE - Galveston,"Average Entertainment/Recreation, Structure",,flBldgStructDmgFn.csv,flBldgStructDmgFn,493
fl-4.0-structure-494,fl,4.0,structure,COM8,,USACE - Galveston,"Fishing Party Boat, structure",,flBldgStructDmgFn.csv,flBldgStructDmgFn,494
fl-4.0-structure-495,fl,4.0,structure,COM8,,USACE - Galveston,"Bowling Alley, structure",,flBldgStructDmgFn.csv,flBldgStructDmgFn,495
fl-4.0-structure-496,fl,4.0,structure,COM8,,USACE - Galveston,"Country Club, structure",,flBldgStructDmgFn.csv,flBldgStructDmgFn,496
fl-4.0-structure-497,fl,4.0,structure,COM8,,USACE - Galveston,"Private Golf Course, structure",,flBldgStructDmgFn.csv,flBldgStructDmgFn,497
fl-4.0-structure-498,fl,4.0,structure,COM8,,USACE - Galveston,"Physical Fitness, structure",,flBldgStructDmgFn.csv,flBldgStructDmgFn,498
fl-4.0-structure-499,fl,4.0,structure,COM8,,USACE - Galveston,"Private Pool, structure",,flBldgStructDmgFn.csv,flBldgStructDmgFn,499
fl-4.0-structure-500,fl,4.0,structure,COM8,,USACE - Galveston,"Private Club, structure",,flBldgStructDmgFn.csv,flBldgStructDmgFn,500
fl-4.0-structure-501,fl,4.0,structure,COM8,,USACE - Galveston,"Recreation Facilities, structure",,flBldgStructDmgFn.csv,flBldgStructDmgFn,501
fl-4.0-structure-502,fl,4.0,structure,COM8,,USACE - Galveston,"Tavern, structure",,flBldgStructDmgFn.csv,flBldgStructDmgFn,502
fl-4.0-structure-503,fl,4.0,structure,COM8,,USACE - Galveston,"Telephone Exchange, structure",,flBldgStructDmgFn.csv,flBldgStructDmgFn,503
fl-4.0-structure-504,fl,4.0,structure,COM8,,USACE - Galveston,"Cafeteria Restaurant, structure",,flBldgStructDmgFn.csv,flBldgStructDmgFn,504
fl-4.0-structure-505,fl,4.0,structure,COM8,,USACE - Galveston,"Drive-In Restaurant, structure",,flBldgStructDmgFn.csv,flBldgStructDmgFn,505
fl-4.0-structure-506,fl,4.0,structure,COM8,,USACE - New Orleans,"Bowling Alley, structure, salt water, long duration",,flBldgStructDmgFn.csv,flBldgStructDmgFn,506
fl-4.0-structure-507,fl,4.0,structure,COM8,,USACE - New Orleans,"Bowling Alley, structure, salt water, short duration",,flBldgStructDmgFn.csv,flBldgStructDmgFn,507
fl-4.0-structure-508,fl,4.0,structure,COM8,,USACE - New Orleans,"Bowling Alley, structure, fresh water, long duration",,flBldgStructDmgFn.csv,flBldgStructDmgFn,508
fl-4.0-structure-509,fl,4.0,structure,COM8,,USACE - New Orleans,"Bowling Alley, structure, fresh water, short duration",,flBldgStructDmgFn.csv,flBldgStructDmgFn,509
fl-4.0-structure-510,fl,4.0,structure,COM8,,USACE - New Orleans,"Bowling Alley, structure, composite water & duration",,flBldgStructDmgFn.csv,flBldgStructDmgFn,510
fl-4.0-structure-511,fl,4.0,structure,COM8,,USACE - New Orleans,"Fast Food Restaurant, structure, salt water, long duration",,flBldgStructDmgFn.csv,flBldgStructDmgFn,511
fl-4.0-structure-512,fl,4.0,structure,COM8,,USACE - New Orleans,"Fast Food Restaurant, structure, salt water, short duration",,flBldgStructDmgFn.csv,flBldgStructDmgFn,512
fl-4.0-structure-513,fl,4.0,structure,COM8,,USACE - New Orleans,"Fast Food Restaurant, structure, fresh water, long duration",,flBldgStructDmgFn.csv,flBldgStructDmgFn,513
fl-4.0-structure-514,fl,4.0,structure,COM8,,USACE - New Orleans,"Fast Food Restaurant, structure, fresh water, short duration",,flBldgStructDmgFn.csv,flBldgStructDmgFn,514
fl-4.0-structure-515,fl,4.0,structure,COM8,,USACE - New Orleans,"Fast Food Restaurant, structure, composite water & duration",,flBldgStructDmgFn.csv,flBldgStructDmgFn,515
fl-4.0-structure-516,fl,4.0,structure,COM8,,USACE - New Orleans,"Full-Service Restaurant, structure, salt water, long duration",,flBldgStructDmgFn.csv,flBldgStructDmgFn,516
fl-4.0-structure-517,fl,4.0,structure,COM8,,USACE - New Orleans,"Full-Service Restaurant, structure, salt water, short duration",,flBldgStructDmgFn.csv,flBldgStructDmgFn,517
fl-4.0-structure-518,fl,4.0,structure,COM8,,USACE - New Orleans,"Full-Service Restaurant, structure, fresh water, long duration",,flBldgStructDmgFn.csv,flBldgStructDmgFn,518
fl-4.0-structure-519,fl,4.0,structure,COM8,,USACE - New Orleans,"Full-Service Restaurant, structure, fresh water, short duration",,flBldgStructDmgFn.csv,flBldgStructDmgFn,519
fl-4.0-structure-520,fl,4.0,structure,COM8,,USACE - New Orleans,"Full-Service Restaurant, structure, composite water & duration",,flBldgStructDmgFn.csv,flBldgStructDmgFn,520
fl-4.0-structure-521,fl,4.0,structure,COM8,,USACE - New Orleans,"Lounge, structure, salt water, long duration",,flBldgStructDmgFn.csv,flBldgStructDmgFn,521
fl-4.0-structure-522,fl,4.0,structure,COM8,,USACE - New Orleans,"Lounge, structure, salt water, short duration",,flBldgStructDmgFn.csv,flBldgStructDmgFn,522
fl-4.0-structure-523,fl,4.0,structure,COM8,,USACE - New Orleans,"Lounge, structure, fresh water, long duration",,flBldgStructDmgFn.csv,flBldgStructDmgFn,523
fl-4.0-structure-524,fl,4.0,structure,COM8,,USACE - New Orleans,"Lounge, structure, fresh water, short duration",,flBldgStructDmgFn.csv,flBldgStructDmgFn,524
fl-4.0-structure-525,fl,4.0,structure,COM8,,USACE - New Orleans,"Lounge, structure, composite water & duration",,flBldgStructDmgFn.csv,flBldgStructDmgFn,525
fl-4.0-structure-526,fl,4.0,structure,COM8,,USACE - St. Paul,"Recreation, structure, fresh water",,flBldgStructDmgFn.csv,flBldgStructDmgFn,526
fl-4.0-structure-527,fl,4.0,structure,COM8,,USACE - Wilmington,"Bowling Alley, structure",,flBldgStructDmgFn.csv,flBldgStructDmgFn,527
fl-4.0-structure-528,fl,4.0,structure,COM8,,USACE - Wilmington,"Private Club, structure",,flBldgStructDmgFn.csv,flBldgStructDmgFn,528
fl-4.0-structure-529,fl,4.0,structure,COM8,,USACE - Wilmington,"T.V. Station, structure",,flBldgStructDmgFn.csv,flBldgStructDmgFn,529
fl-4.0-structure-530,fl,4.0,structure,COM8,,USACE - Wilmington,"Tavern, structure",,flBldgStructDmgFn.csv,flBldgStructDmgFn,530
fl-4.0-structure-531,fl,4.0,structure,COM8,,USACE - Wilmington,"Restaurant, structure",,flBldgStructDmgFn.csv,flBldgStructDmgFn,531
fl-4.0-structure-532,fl,4.0,structure,COM9,,USACE - Galveston,"Average theatre, Structure",,flBldgStructDmgFn.csv,flBldgStructDmgFn,532
fl-4.0-structure-533,fl,4.0,structure,COM9,,USACE - Galveston,"Private Hall, structure",,flBldgStructDmgFn.csv,flBldgStructDmgFn,533
fl-4.0-structure-534,fl,4.0,structure,COM9,,USACE - Galveston,"Indoor Theater, structure",,flBldgStructDmgFn.csv,flBldgStructDmgFn,534
fl-4.0-structure-535,fl,4.0,structure,COM9,,USACE - New Orleans,"Movie Theater, structure, salt water, long duration",,flBldgStructDmgFn.csv,flBldgStructDmgFn,535
fl-4.0-structure-536,fl,4.0,structure,COM9,,USACE - New Orleans,"Movie Theater, structure, salt water, short duration",,flBldgStructDmgFn.csv,flBldgStructDmgFn,536
fl-4.0-structure-537,fl,4.0,structure,COM9,,USACE - New Orleans,"Movie Theater, structure, fresh water, long duration",,flBldgStructDmgFn.csv,flBldgStructDmgFn,537
fl-4.0-structure-538,fl,4.0,structure,COM9,,USACE - New Orleans,"Movie Theater, structure, fresh water, short duration",,flBldgStructDmgFn.csv,flBldgStructDmgFn,538
fl-4.0-structure-539,fl,4.0,structure,COM9,,USACE - New Orleans,"Movie Theater, structure, composite water & duration",,flBldgStructDmgFn.csv,flBldgStructDmgFn,539
fl-4.0-structure-540,fl,4.0,structure,COM9,,USACE - Wilmington,"Organization Hall, structure",,flBldgStructDmgFn.csv,flBldgStructDmgFn,540
fl-4.0-structure-541,fl,4.0,structure,COM9,,USACE - Wilmington,"Theater, Structure",,flBldgStructDmgFn.csv,flBldgStructDmgFn,541
fl-4.0-structure-542,fl,4.0,structure,COM9,,USACE - Wilmington,"Drive-In Theater, structure",,flBldgStructDmgFn.csv,flBldgStructDmgFn,542
fl-4.0-structure-543,fl,4.0,structure,COM10,,USACE - Galveston,"Garage, structure",,flBldgStructDmgFn.csv,flBldgStructDmgFn,543
fl-4.0-structure-544,fl,4.0,structure,COM10,,USACE - Wilmington,"Garage, structure",,flBldgStructDmgFn.csv,flBldgStructDmgFn,544
fl-4.0-structure-545,fl,4.0,structure,IND1,,USACE - Galveston,"Average heavy industrial, Structure",,flBldgStructDmgFn.csv,flBldgStructDmgFn,545
fl-4.0-structure-546,fl,4.0,structure,IND1,,USACE - Galveston,"Boiler Building, structure",,flBldgStructDmgFn.csv,flBldgStructDmgFn,546
fl-4.0-structure-547,fl,4.0,structure,IND1,,USACE - Galveston,"Cabinet Shop Mfg, structure",,flBldgStructDmgFn.csv,flBldgStructDmgFn,547
fl-4.0-structure-548,fl,4.0,structure,IND1,,USACE - Galveston,"Concrete Mfg, structure",,flBldgStructDmgFn.csv,flBldgStructDmgFn,548
fl-4.0-structure-549,fl,4.0,structure,IND1,,USACE - Galveston,"Door Mfg, structure",,flBldgStructDmgFn.csv,flBldgStructDmgFn,549
fl-4.0-structure-550,fl,4.0,structure,IND1,,USACE - Galveston,"Fabrication Shop, structure",,flBldgStructDmgFn.csv,flBldgStructDmgFn,550
fl-4.0-structure-551,fl,4.0,structure,IND1,,USACE - Galveston,"Heat Exchanger Mfg, structure",,flBldgStructDmgFn.csv,flBldgStructDmgFn,551
fl-4.0-structure-552,fl,4.0,structure,IND1,,USACE - Galveston,"Lumber Mill, structure",,flBldgStructDmgFn.csv,flBldgStructDmgFn,552
fl-4.0-structure-553,fl,4.0,structure,IND1,,USACE - Galveston,"Heavy Machine Shop, structure",,flBldgStructDmgFn.csv,flBldgStructDmgFn,553
fl-4.0-structure-554,fl,4.0,structure,IND1,,USACE - Galveston,"Metal Coatings Services, structure",,flBldgStructDmgFn.csv,flBldgStructDmgFn,554
fl-4.0-structure-555,fl,4.0,structure,IND1,,USACE - Galveston,"Pipe Threader Facility, structure",,flBldgStructDmgFn.csv,flBldgStructDmgFn,555
fl-4.0-structure-556,fl,4.0,structure,IND1,,USACE - Galveston,"Metal Recycling, structure",,flBldgStructDmgFn.csv,flBldgStructDmgFn,556
fl-4.0-structure-557,fl,4.0,structure,IND1,,USACE - Galveston,"Research Lab-Machine, structure",,flBldgStructDmgFn.csv,flBldgStructDmgFn,557
fl-4.0-structure-558,fl,4.0,structure,IND1,,USACE - Galveston,"Welding-Machine, structure",,flBldgStructDmgFn.csv,flBldgStructDmgFn,558
fl-4.0-structure-559,fl,4.0,structure,IND2,,USACE - Galveston,"Average light industrial, structure",,flBldgStructDmgFn.csv,flBldgStructDmgFn,559
fl-4.0-structure-560,fl,4.0,structure,IND2,,USACE - Galveston,"Battery Mfg, structure",,flBldgStructDmgFn.csv,flBldgStructDmgFn,560
fl-4.0-structure-561,fl,4.0,structure,IND2,,USACE - Galveston,"Cooling Tower, structure",,flBldgStructDmgFn.csv,flBldgStructDmgFn,561
fl-4.0-structure-562,fl,4.0,structure,IND2,,USACE - Galveston,"Electronic Equip Mfg, structure",,flBldgStructDmgFn.csv,flBldgStructDmgFn,562
fl-4.0-structure-563,fl,4.0,structure,IND2,,USACE - Galveston,"Frame Shop, structure",,flBldgStructDmgFn.csv,flBldgStructDmgFn,563
fl-4.0-structure-564,fl,4.0,structure,IND2,,USACE - Galveston,"Furniture Mfg, structure",,flBldgStructDmgFn.csv,flBldgStructDmgFn,564
fl-4.0-structure-565,fl,4.0,structure,IND2,,USACE - Galveston,"Instrument Mfg, structure",,flBldgStructDmgFn.csv,flBldgStructDmgFn,565
fl-4.0-structure-566,fl,4.0,structure,IND2,,USACE - Galveston,"Leather Goods Mfg, structure",,flBldgStructDmgFn.csv,flBldgStructDmgFn,566
fl-4.0-structure-567,fl,4.0,structure,IND2,,USACE - Galveston,"Industrial Loading Dock, structure",,flBldgStructDmgFn.csv,flBldgStructDmgFn,567
fl-4.0-structure-568,fl,4.0,structure,IND2,,USACE - Galveston,"Locker Bldg, structure",,flBldgStructDmgFn.csv,flBldgStructDmgFn,568
fl-4.0-structure-569,fl,4.0,structure,IND2,,USACE - Galveston,"Maint Bldg-Mfg Facility, structure",,flBldgStructDmgFn.csv,flBldgStructDmgFn,569
fl-4.0-structure-570,fl,4.0,structure,IND2,,USACE - Galveston,"Newspaper Print Plant, structure",,flBldgStructDmgFn.csv,flBldgStructDmgFn,570
fl-4.0-structure-571,fl,4.0,structure,IND2,,USACE - Galveston,"Newspaper Sales Office, structure",,flBldgStructDmgFn.csv,flBldgStructDmgFn,571
fl-4.0-structure-572,fl,4.0,structure,IND2,,USACE - Galveston,"Office-Manuf Facility, structure",,flBldgStructDmgFn.csv,flBldgStructDmgFn,572
fl-4.0-structure-573,fl,4.0,structure,IND2,,USACE - Galveston,"Commercial Printing, structure",,flBldgStructDmgFn.csv,flBldgStructDmgFn,573
fl-4.0-structure-574,fl,4.0,structure,IND2,,USACE - Wilmington,"Newspaper, structure",,flBldgStructDmgFn.csv,flBldgStructDmgFn,574
fl-4.0-structure-575,fl,4.0,structure,IND3,,USACE - Galveston,"Average Food/Drug/Chem, Structure",,flBldgStructDmgFn.csv,flBldgStructDmgFn,575
fl-4.0-structure-576,fl,4.0,structure,IND3,,USACE - Galveston,"Chemical Plant, structure",,flBldgStructDmgFn.csv,flBldgStructDmgFn,576
fl-4.0-structure-577,fl,4.0,structure,IND3,,USACE - Galveston,"Chemical Plant Bonding, structure",,flBldgStructDmgFn.csv,flBldgStructDmgFn,577
fl-4.0-structure-578,fl,4.0,structure,IND3,,USACE - Galveston,"Chemical refinery, structure",,flBldgStructDmgFn.csv,flBldgStructDmgFn,578
fl-4.0-structure-579,fl,4.0,structure,IND3,,USACE - Galveston,"Feed Mill, structure",,flBldgStructDmgFn.csv,flBldgStructDmgFn,579
fl-4.0-structure-580,fl,4.0,structure,IND3,,USACE - Galveston,"Food Processor, structure",,flBldgStructDmgFn.csv,flBldgStructDmgFn,580
fl-4.0-structure-581,fl,4.0,structure,IND3,,USACE - Galveston,"Chemical Laboratory, structure",,flBldgStructDmgFn.csv,flBldgStructDmgFn,581
fl-4.0-structure-582,fl,4.0,structure,IND3,,USACE - Galveston,"Detergent Manuf. Facility, structure",,flBldgStructDmgFn.csv,flBldgStructDmgFn,582
fl-4.0-structure-583,fl,4.0,structure,IND3,,USACE - Galveston,"Meat Packing, structure",,flBldgStructDmgFn.csv,flBldgStructDmgFn,583
fl-4.0-structure-584,fl,4.0,structure,IND3,,USACE - Galveston,"Oil Storage Tanks, structure",,flBldgStructDmgFn.csv,flBldgStructDmgFn,584
fl-4.0-structure-585,fl,4.0,structure,IND3,,USACE - Galveston,"Plastic Mfg, structure",,flBldgStructDmgFn.csv,flBldgStructDmgFn,585
fl-4.0-structure-586,fl,4.0,structure,IND4,,USACE - Galveston,"Average Metals/Minerals processing, structure",,flBldgStructDmgFn.csv,flBldgStructDmgFn,586
fl-4.0-structure-587,fl,4.0,structure,IND4,,USACE - Galveston,"Foundry, structure",,flBldgStructDmgFn.csv,flBldgStructDmgFn,587
fl-4.0-structure-588,fl,4.0,structure,IND4,,USACE - Galveston,"Refinery-Lead, structure",,flBldgStructDmgFn.csv,flBldgStructDmgFn,588
fl-4.0-structure-589,fl,4.0,structure,IND4,,USACE - Galveston,"Sand & Gravel, structure",,flBldgStructDmgFn.csv,flBldgStructDmgFn,589
fl-4.0-structure-590,fl,4.0,structure,IND4,,USACE - Galveston,"Sheet Metal, structure",,flBldgStructDmgFn.csv,flBldgStructDmgFn,590
fl-4.0-structure-591,fl,4.0,structure,IND5,,USACE - Galveston,"Average High Technology, structure",,flBldgStructDmgFn.csv,flBldgStructDmgFn,591
fl-4.0-structure-592,fl,4.0,structure,IND6,,USACE - Galveston,"Average Construction, structure",,flBldgStructDmgFn.csv,flBldgStructDmgFn,592
fl-4.0-structure-593,fl,4.0,structure,IND6,,USACE - Galveston,"Carpet Tile Flooring, structure",,flBldgStructDmgFn.csv,flBldgStructDmgFn,593
fl-4.0-structure-594,fl,4.0,structure,IND6,,USACE - Galveston,"Construction Co, structure",,flBldgStructDmgFn.csv,flBldgStructDmgFn,594
fl-4.0-structure-595,fl,4.0,structure,IND6,,USACE - Galveston,"Contractor Roofing, structure",,flBldgStructDmgFn.csv,flBldgStructDmgFn,595
fl-4.0-structure-596,fl,4.0,structure,IND6,,USACE - Galveston,"Contractor-Electric, structure",,flBldgStructDmgFn.csv,flBldgStructDmgFn,596
fl-4.0-structure-597,fl,4.0,structure,IND6,,USACE - Galveston,"Pier Drilling Co, structure",,flBldgStructDmgFn.csv,flBldgStructDmgFn,597
fl-4.0-structure-598,fl,4.0,structure,IND6,,USACE - Galveston,"Plumbing Co, structure",,flBldgStructDmgFn.csv,flBldgStructDmgFn,598
fl-4.0-structure-599,fl,4.0,structure,IND6,,USACE - Galveston,"Sandblasting Co, structure",,flBldgStructDmgFn.csv,flBldgStructDmgFn,599
fl-4.0-structure-600,fl,4.0,structure,IND6,,USACE - Galveston,"Water Well Service, structure",,flBldgStructDmgFn.csv,flBldgStructDmgFn,600
fl-4.0-structure-601,fl,4.0,structure,IND6,,USACE - New Orleans,"Carpeting Service, structure, salt water, long duration",,flBldgStructDmgFn.csv,flBldgStructDmgFn,601
fl-4.0-structure-602,fl,4.0,structure,IND6,,USACE - New Orleans,"Carpeting Service, structure, salt water, short duration",,flBldgStructDmgFn.csv,flBldgStructDmgFn,602
fl-4.0-structure-603,fl,4.0,structure,IND6,,USACE - New Orleans,"Carpeting Service, structure, fresh water, long duration",,flBldgStructDmgFn.csv,flBldgStructDmgFn,603
fl-4.0-structure-604,fl,4.0,structure,IND6,,USACE - New Orleans,"Carpeting Service, structure, fresh water, short duration",,flBldgStructDmgFn.csv,flBldgStructDmgFn,604
fl-4.0-structure-605,fl,4.0,structure,IND6,,USACE - New Orleans,"Carpeting Service, structure, composite water & duration",,flBldgStructDmgFn.csv,flBldgStructDmgFn,605
fl-4.0-structure-606,fl,4.0,structure,IND6,,USACE - New Orleans,"Heating & Air Conditioning Service, structure, salt water, long duration",,flBldgStructDmgFn.csv,flBldgStructDmgFn,606
fl-4.0-structure-607,fl,4.0,structure,IND6,,USACE - New Orleans,"Heating & Air Conditioning Service, structure, salt water, short duration",,flBldgStructDmgFn.csv,flBldgStructDmgFn,607
fl-4.0-structure-608,fl,4.0,structure,IND6,,USACE - New Orleans,"Heating & Air Conditioning Service, structure, fresh water, long duration",,flBldgStructDmgFn.csv,flBldgStructDmgFn,608
fl-4.0-structure-609,fl,4.0,structure,IND6,,USACE - New Orleans,"Heating & Air Conditioning Service, structure, fresh water, short duration",,flBldgStructDmgFn.csv,flBldgStructDmgFn,609
fl-4.0-structure-610,fl,4.0,structure,IND6,,USACE - New Orleans,"Heating & Air Conditioning Service, structure, composite water & duration",,flBldgStructDmgFn.csv,flBldgStructDmgFn,610
fl-4.0-structure-611,fl,4.0,structure,IND6,,USACE - New Orleans,"Plumbing Services, structure, salt water, long duration",,flBldgStructDmgFn.csv,flBldgStructDmgFn,611
fl-4.0-structure-612,fl,4.0,structure,IND6,,USACE - New Orleans,"Plumbing Services, structure, salt water, short duration",,flBldgStructDmgFn.csv,flBldgStructDmgFn,612
fl-4.0-structure-613,fl,4.0,structure,IND6,,USACE - New Orleans,"Plumbing Services, structure, fresh water, long duration",,flBldgStructDmgFn.csv,flBldgStructDmgFn,613
fl-4.0-structure-614,fl,4.0,structure,IND6,,USACE - New Orleans,"Plumbing Services, structure, fresh water, short duration",,flBldgStructDmgFn.csv,flBldgStructDmgFn,614
fl-4.0-structure-615,fl,4.0,structure,IND6,,USACE - New Orleans,"Plumbing Services, structure, composite water & duration",,flBldgStructDmgFn.csv,flBldgStructDmgFn,615
fl-4.0-structure-616,fl,4.0,structure,AGR1,,USACE - Galveston,"Average Agriculture, structure",,flBldgStructDmgFn.csv,flBldgStructDmgFn,616
fl-4.0-structure-617,fl,4.0,structure,AGR1,,USACE - Galveston,"Horse Stalls, structure",,flBldgStructDmgFn.csv,flBldgStructDmgFn,617
fl-4.0-structure-618,fl,4.0,structure,AGR1,,USACE - Galveston,"Veterinary Clinic, structure",,flBldgStructDmgFn.csv,flBldgStructDmgFn,618
fl-4.0-structure-619,fl,4.0,structure,AGR1,,USACE - New Orleans,"Veterinary Office, structure, salt water, long duration",,flBldgStructDmgFn.csv,flBldgStructDmgFn,619
fl-4.0-structure-620,fl,4.0,structure,AGR1,,USACE - New Orleans,"Veterinary Office, structure, salt water, short duration",,flBldgStructDmgFn.csv,flBldgStructDmgFn,620
fl-4.0-structure-621,fl,4.0,structure,AGR1,,USACE - New Orleans,"Veterinary Office, structure, fresh water, long duration",,flBldgStructDmgFn.csv,flBldgStructDmgFn,621
fl-4.0-structure-622,fl,4.0,structure,AGR1,,USACE - New Orleans,"Veterinary Office, structure, fresh water, short duration",,flBldgStructDmgFn.csv,flBldgStructDmgFn,622
fl-4.0-structure-623,fl,4.0,structure,AGR1,,USACE - New Orleans,"Veterinary Office, structure, composite water & duration",,flBldgStructDmgFn.csv,flBldgStructDmgFn,623
fl-4.0-structure-624,fl,4.0,structure,REL1,,USACE - Galveston,"Church, structure",,flBldgStructDmgFn.csv,flBldgStructDmgFn,624
fl-4.0-structure-625,fl,4.0,structure,REL1,,USACE - New Orleans,"Civic Association, structure, salt water, long duration",,flBldgStructDmgFn.csv,flBldgStructDmgFn,625
fl-4.0-structure-626,fl,4.0,structure,REL1,,USACE - New Orleans,"Civic Association, structure, salt water, short duration",,flBldgStructDmgFn.csv,flBldgStructDmgFn,626
fl-4.0-structure-627,fl,4.0,structure,REL1,,USACE - New Orleans,"Civic Association, structure, fresh water, long duration",,flBldgStructDmgFn.csv,flBldgStructDmgFn,627
fl-4.0-structure-628,fl,4.0,structure,REL1,,USACE - New Orleans,"Civic Association, structure, fresh water, short duration",,flBldgStructDmgFn.csv,flBldgStructDmgFn,628
fl-4.0-structure-629,fl,4.0,structure,REL1,,USACE - New Orleans,"Civic Association, structure, composite water & duration",,flBldgStructDmgFn.csv,flBldgStructDmgFn,629
fl-4.0-structure-630,fl,4.0,structure,REL1,,USACE - Wilmington,"Church, structure",,flBldgStructDmgFn.csv,flBldgStructDmgFn,630
fl-4.0-structure-631,fl,4.0,structure,GOV1,,USACE - Galveston,"Average government services, structure",,flBldgStructDmgFn.csv,flBldgStructDmgFn,631
fl-4.0-structure-632,fl,4.0,structure,GOV1,,USACE - Galveston,"City Hall, structure",,flBldgStructDmgFn.csv,flBldgStructDmgFn,632
fl-4.0-structure-633,fl,4.0,structure,GOV1,,USACE - Galveston,"Post Office, structure",,flBldgStructDmgFn.csv,flBldgStructDmgFn,633
fl-4.0-structure-634,fl,4.0,structure,GOV1,,USACE - New Orleans,"Government facility, structure, salt water, long duration",,flBldgStructDmgFn.csv,flBldgStructDmgFn,634
fl-4.0-structure-635,fl,4.0,structure,GOV1,,USACE - New Orleans,"Government facility, structure, salt water, short duration",,flBldgStructDmgFn.csv,flBldgStructDmgFn,635
fl-4.0-structure-636,fl,4.0,structure,GOV1,,USACE - New Orleans,"Government facility, structure, fresh water, long duration",,flBldgStructDmgFn.csv,flBldgStructDmgFn,636
fl-4.0-structure-637,fl,4.0,structure,GOV1,,USACE - New Orleans,"Government facility, structure, fresh water, short duration",,flBldgStructDmgFn.csv,flBldgStructDmgFn,637
fl-4.0-structure-638,fl,4.0,structure,GOV1,,USACE - New Orleans,"Government facility, structure, composite water & duration",,flBldgStructDmgFn.csv,flBldgStructDmgFn,638
fl-4.0-structure-639,fl,4.0,structure,GOV1,,USACE - Wilmington,"Post Office, structure",,flBldgStructDmgFn.csv,flBldgStructDmgFn,639
fl-4.0-structure-640,fl,4.0,structure,GOV2,,USACE - Galveston,"Average emergency response, Structure",,flBldgStructDmgFn.csv,flBldgStructDmgFn,640
fl-4.0-structure-641,fl,4.0,structure,GOV2,,USACE - Galveston,"Fire Station, structure",,flBldgStructDmgFn.csv,flBldgStructDmgFn,641
fl-4.0-structure-642,fl,4.0,structure,GOV2,,USACE - Galveston,"Police Station, structure",,flBldgStructDmgFn.csv,flBldgStructDmgFn,642
fl-4.0-structure-643,fl,4.0,structure,EDU1,,USACE - Galveston,"Average school, structure",,flBldgStructDmgFn.csv,flBldgStructDmgFn,643
fl-4.0-structure-644,fl,4.0,structure,EDU1,,USACE - Galveston,"Commercial School, structure",,flBldgStructDmgFn.csv,flBldgStructDmgFn,644
fl-4.0-structure-645,fl,4.0,structure,EDU1,,USACE - Galveston,"Library, structure",,flBldgStructDmgFn.csv,flBldgStructDmgFn,645
fl-4.0-structure-646,fl,4.0,structure,EDU1,,USACE - Wilmington,"School, Structure",,flBldgStructDmgFn.csv,flBldgStructDmgFn,646
fl-4.0-structure-647,fl,4.0,structure,EDU1,,USACE - New Orleans,"Elementary school, structure, salt water, long duration",,flBldgStructDmgFn.csv,flBldgStructDmgFn,647
fl-4.0-structure-648,fl,4.0,structure,EDU1,,USACE - New Orleans,"Elementary school, structure, salt water, short duration",,flBldgStructDmgFn.csv,flBldgStructDmgFn,648
fl-4.0-structure-649,fl,4.0,structure,EDU1,,USACE - New Orleans,"Elementary school, structure, fresh water, long duration",,flBldgStructDmgFn.csv,flBldgStructDmgFn,649
fl-4.0-structure-650,fl,4.0,structure,EDU1,,USACE - New Orleans,"Elementary school, structure, fresh water, short duration",,flBldgStructDmgFn.csv,flBldgStructDmgFn,650
fl-4.0-structure-651,fl,4.0,structure,EDU1,,USACE - New Orleans,"Elementary school, structure, composite water & duration",,flBldgStructDmgFn.csv,flBldgStructDmgFn,651
fl-4.0-structure-652,fl,4.0,structure,EDU2,,USACE - Galveston,"Average college/university, structure",,flBldgStructDmgFn.csv,flBldgStructDmgFn,652
fl-4.0-structure-653,fl,4.0,structure,EDU2,,USACE - New Orleans,"College, structure, salt water, long duration",,flBldgStructDmgFn.csv,flBldgStructDmgFn,653
fl-4.0-structure-654,fl,4.0,structure,EDU2,,USACE - New Orleans,"College, structure, salt water, short duration",,flBldgStructDmgFn.csv,flBldgStructDmgFn,654
fl-4.0-structure-655,fl,4.0,structure,EDU2,,USACE - New Orleans,"College, structure, fresh water, long duration",,flBldgStructDmgFn.csv,flBldgStructDmgFn,655
fl-4.0-structure-656,fl,4.0,structure,EDU2,,USACE - New Orleans,"College, structure, fresh water, short duration",,flBldgStructDmgFn.csv,flBldgStructDmgFn,656
fl-4.0-structure-657,fl,4.0,structure,EDU2,,USACE - New Orleans,"College, structure, composite water & duration",,flBldgStructDmgFn.csv,flBldgStructDmgFn,657
fl-4.0-structure-658,fl,4.0,structure,RES1,,BCAR - Jan 2011,"all floors, slab - no basement, Coastal A or V Zone",,flBldgStructDmgFn.csv,flBldgStructDmgFn,658
fl-4.0-structure-659,fl,4.0,structure,RES3A,,BCAR - Jan 2011,"1to2 Stories, slab - no basement, Coastal A or V Zone",,flBldgStructDmgFn.csv,flBldgStructDmgFn,659
fl-4.0-structure-660,fl,4.0,structure,RES3B,,BCAR - Jan 2011,"1to2 Stories, slab - no basement, Coastal A or V Zone",,flBldgStructDmgFn.csv,flBldgStructDmgFn,660
fl-4.0-structure-661,fl,4.0,structure,RES1,,BCAR - Jan 2011,"all floors, Wall 2ft - no basement, Coastal A or V Zone",,flBldgStructDmgFn.csv,flBldgStructDmgFn,661
fl-4.0-structure-662,fl,4.0,structure,RES3A,,BCAR - Jan 2011,"1to2 Stories, Wall 2ft - no basement, Coastal A or V Zone",,flBldgStructDmgFn.csv,flBldgStructDmgFn,662
fl-4.0-structure-663,fl,4.0,structure,RES3B,,BCAR - Jan 2011,"1to2 Stories, Wall 2ft - no basement, Coastal A or V Zone",,flBldgStructDmgFn.csv,flBldgStructDmgFn,663
fl-4.0-structure-664,fl,4.0,structure,RES1,,BCAR - Jan 2011,"all floors, Wall 3ft - no basement, Coastal A or V Zone",,flBldgStructDmgFn.csv,flBldgStructDmgFn,664
fl-4.0-structure-665,fl,4.0,structure,RES3A,,BCAR - Jan 2011,"1to2 Stories, Wall 3ft - no basement, Coastal A or V Zone",,flBldgStructDmgFn.csv,flBldgStructDmgFn,665
fl-4.0-structure-666,fl,4.0,structure,RES3B,,BCAR - Jan 2011,"1to2 Stories, Wall 3ft - no basement, Coastal A or V Zone",,flBldgStructDmgFn.csv,flBldgStructDmgFn,666
fl-4.0-structure-667,fl,4.0,structure,RES2,,BCAR - Jan 2011,"Manufactured Home (Mobile), Structure, Coastal A or V Zone",,flBldgStructDmgFn.csv,flBldgStructDmgFn,667
fl-4.0-structure-668,fl,4.0,structure,RES1,,BCAR - Jan 2011,"all floors, Elevated (Open)+2ft - no basement, Coastal A or V Zone",,flBldgStructDmgFn.csv,flBldgStructDmgFn,668
fl-4.0-structure-669,fl,4.0,structure,RES3A,,BCAR - Jan 2011,"1to2 Stories, Elevated (Open)+2ft - no basement, Coastal A or V Zone",,flBldgStructDmgFn.csv,flBldgStructDmgFn,669
fl-4.0-structure-670,fl,4.0,structure,RES3B,,BCAR - Jan 2011,"1to2 Stories, Elevated (Open)+2ft - no basement, Coastal A or V Zone",,flBldgStructDmgFn.csv,flBldgStructDmgFn,670
fl-4.0-structure-671,fl,4.0,structure,RES1,,BCAR - Jan 2011,"all floors, Elevated (Open)+4ft - no basement, Coastal A or V Zone",,flBldgStructDmgFn.csv,flBldgStructDmgFn,671
fl-4.0-structure-672,fl,4.0,structure,RES3A,,BCAR - Jan 2011,"1to2 Stories, Elevated (Open)+4ft - no basement, Coastal A or V Zone",,flBldgStructDmgFn.csv,flBldgStructDmgFn,672
fl-4.0-structure-673,fl,4.0,structure,RES3B,,BCAR - Jan 2011,"1to2 Stories, Elevated (Open)+4ft - no basement, Coastal A or V Zone",,flBldgStructDmgFn.csv,flBldgStructDmgFn,673
fl-4.0-structure-674,fl,4.0,structure,RES1,,BCAR - Jan 2011,"all floors, Elevated (Open)+6ft - no basement, Coastal A or V Zone",,flBldgStructDmgFn.csv,flBldgStructDmgFn,674
fl-4.0-structure-675,fl,4.0,structure,RES3A,,BCAR - Jan 2011,"1to2 Stories, Elevated (Open)+6ft - no basement, Coastal A or V Zone",,flBldgStructDmgFn.csv,flBldgStructDmgFn,675
fl-4.0-structure-676,fl,4.0,structure,RES3B,,BCAR - Jan 2011,"1to2 Stories, Elevated (Open)+6ft - no basement, Coastal A or V Zone",,flBldgStructDmgFn.csv,flBldgStructDmgFn,676
fl-4.0-structure-677,fl,4.0,structure,RES1,,BCAR - Jan 2011,"all floors, Elevated (Open)+8ft - no basement, Coastal A or V Zone",,flBldgStructDmgFn.csv,flBldgStructDmgFn,677
fl-4.0-structure-678,fl,4.0,structure,RES3A,,BCAR - Jan 2011,"1to2 Stories, Elevated (Open)+8ft - no basement, Coastal A or V Zone",,flBldgStructDmgFn.csv,flBldgStructDmgFn,678
fl-4.0-structure-679,fl,4.0,structure,RES3B,,BCAR - Jan 2011,"1to2 Stories, Elevated (Open)+8ft - no basement, Coastal A or V Zone",,flBldgStructDmgFn.csv,flBldgStructDmgFn,679
fl-4.0-structure-680,fl,4.0,structure,RES1,,BCAR - Jan 2011,"all floors, Elevated (Open)+10ft - no basement, Coastal A or V Zone",,flBldgStructDmgFn.csv,flBldgStructDmgFn,680
fl-4.0-structure-681,fl,4.0,structure,RES3A,,BCAR - Jan 2011,"1to2 Stories, Elevated (Open)+10ft - no basement, Coastal A or V Zone",,flBldgStructDmgFn.csv,flBldgStructDmgFn,681
fl-4.0-structure-682,fl,4.0,structure,RES3B,,BCAR - Jan 2011,"1to2 Stories, Elevated (Open)+10ft - no basement, Coastal A or V Zone",,flBldgStructDmgFn.csv,flBldgStructDmgFn,682
fl-4.0-structure-683,fl,4.0,structure,RES1,,BCAR - Jan 2011,"all floors, Elevated (Open)+12ft - no basement, Coastal A or V Zone",,flBldgStructDmgFn.csv,flBldgStructDmgFn,683
fl-4.0-structure-684,fl,4.0,structure,RES3A,,BCAR - Jan 2011,"1to2 Stories, Elevated (Open)+12ft - no basement, Coastal A or V Zone",,flBldgStructDmgFn.csv,flBldgStructDmgFn,684
fl-4.0-structure-685,fl,4.0,structure,RES3B,,BCAR - Jan 2011,"1to2 Stories, Elevated (Open)+12ft - no basement, Coastal A or V Zone",,flBldgStructDmgFn.csv,flBldgStructDmgFn,685
fl-4.0-structure-686,fl,4.0,structure,RES1,,BCAR - Jan 2011,"all floors, Elevated (Obstr)+2ft - no basement, Coastal A or V Zone",,flBldgStructDmgFn.csv,flBldgStructDmgFn,686
fl-4.0-structure-687,fl,4.0,structure,RES3A,,BCAR - Jan 2011,"1to2 Stories, Elevated (Obstr)+2ft - no basement, Coastal A or V Zone",,flBldgStructDmgFn.csv,flBldgStructDmgFn,687
fl-4.0-structure-688,fl,4.0,structure,RES3B,,BCAR - Jan 2011,"1to2 Stories, Elevated (Obstr)+2ft - no basement, Coastal A or V Zone",,flBldgStructDmgFn.csv,flBldgStructDmgFn,688
fl-4.0-structure-689,fl,4.0,structure,RES1,,BCAR - Jan 2011,"all floors, Elevated (Obstr)+4ft - no basement, Coastal A or V Zone",,flBldgStructDmgFn.csv,flBldgStructDmgFn,689
fl-4.0-structure-690,fl,4.0,structure,RES3A,,BCAR - Jan 2011,"1to2 Stories, Elevated (Obstr)+4ft - no basement, Coastal A or V Zone",,flBldgStructDmgFn.csv,flBldgStructDmgFn,690
fl-4.0-structure-691,fl,4.0,structure,RES3B,,BCAR - Jan 2011,"1to2 Stories, Elevated (Obstr)+4ft - no basement, Coastal A or V Zone",,flBldgStructDmgFn.csv,flBldgStructDmgFn,691
fl-4.0-structure-692,fl,4.0,structure,RES1,,BCAR - Jan 2011,"all floors, Elevated (Obstr)+6ft - no basement, Coastal A or V Zone",,flBldgStructDmgFn.csv,flBldgStructDmgFn,692
fl-4.0-structure-693,fl,4.0,structure,RES3A,,BCAR - Jan 2011,"1to2 Stories, Elevated (Obstr)+6ft - no basement, Coastal A or V Zone",,flBldgStructDmgFn.csv,flBldgStructDmgFn,693
fl-4.0-structure-694,fl,4.0,structure,RES3B,,BCAR - Jan 2011,"1to2 Stories, Elevated (Obstr)+6ft - no basement, Coastal A or V Zone",,flBldgStructDmgFn.csv,flBldgStructDmgFn,694
fl-4.0-structure-695,fl,4.0,structure,RES1,,BCAR - Jan 2011,"all floors, Elevated (Obstr)+8ft - no basement, Coastal A or V Zone",,flBldgStructDmgFn.csv,flBldgStructDmgFn,695
fl-4.0-structure-696,fl,4.0,structure,RES3A,,BCAR - Jan 2011,"1to2 Stories, Elevated (Obstr)+8ft - no basement, Coastal A or V Zone",,flBldgStructDmgFn.csv,flBldgStructDmgFn,696
fl-4.0-structure-697,fl,4.0,structure,RES3B,,BCAR - Jan 2011,"1to2 Stories, Elevated (Obstr)+8ft - no basement, Coastal A or V Zone",,flBldgStructDmgFn.csv,flBldgStructDmgFn,697
fl-4.0-structure-698,fl,4.0,structure,RES1,,BCAR - Jan 2011,"all floors, Elevated (Obstr)+10ft - no basement, Coastal A or V Zone",,flBldgStructDmgFn.csv,flBldgStructDmgFn,698
fl-4.0-structure-699,fl,4.0,structure,RES3A,,BCAR - Jan 2011,"1to2 Stories, Elevated (Obstr)+10ft - no basement, Coastal A or V Zone",,flBldgStructDmgFn.csv,flBldgStructDmgFn,699
fl-4.0-structure-700,fl,4.0,structure,RES3B,,BCAR - Jan 2011,"1to2 Stories, Elevated (Obstr)+10ft - no basement, Coastal A or V Zone",,flBldgStructDmgFn.csv,flBldgStructDmgFn,700
fl-4.0-structure-701,fl,4.0,structure,RES1,,BCAR - Jan 2011,"all floors, Elevated (Obstr)+12ft - no basement, Coastal A or V Zone",,flBldgStructDmgFn.csv,flBldgStructDmgFn,701
fl-4.0-structure-702,fl,4.0,structure,RES3A,,BCAR - Jan 2011,"1to2 Stories, Elevated (Obstr)+12ft - no basement, Coastal A or V Zone",,flBldgStructDmgFn.csv,flBldgStructDmgFn,702
fl-4.0-structure-703,fl,4.0,structure,RES3B,,BCAR - Jan 2011,"1to2 Stories, Elevated (Obstr)+12ft - no basement, Coastal A or V Zone",,flBldgStructDmgFn.csv,flBldgStructDmgFn,703
fl-4.0-structure-704,fl,4.0,structure,RES1,,BCAR - Jan 2011,"one story, w/ basement, Structure  (B14)",,flBldgStructDmgFn.csv,flBldgStructDmgFn,704
fl-6.1-structure-105,fl,6.1,structure,RES1,,FIA,"one floor, no basement, Structure, A-Zone",,HazusFloodDamageFunctions_Hazus61.xlsx,flBldgStrucDmgFn,105
fl-6.1-structure-106,fl,6.1,structure,RES1,,FIA (MOD.),"one floor, w/ basement, Structure, A-Zone",,HazusFloodDamageFunctions_Hazus61.xlsx,flBldgStrucDmgFn,106
fl-6.1-structure-107,fl,6.1,structure,RES1,,FIA,"two floors, no basement, Structure, A-Zone",,HazusFloodDamageFunctions_Hazus61.xlsx,flBldgStrucDmgFn,107
fl-6.1-structure-108,fl,6.1,structure,RES1,,FIA (MOD.),"two floors, w/ basement, Structure, A-Zone",,HazusFloodDamageFunctions_Hazus61.xlsx,flBldgStrucDmgFn,108
fl-6.1-structure-109,fl,6.1,structure,RES1,,FIA,"three or more floors, no basement, Structure, A-Zone",,HazusFloodDamageFunctions_Hazus61.xlsx,flBldgStrucDmgFn,109
fl-6.1-structure-110,fl,6.1,structure,RES1,,FIA (MOD.),"three or more floors, w/ basement, Structure, A-Zone",,HazusFloodDamageFunctions_Hazus61.xlsx,flBldgStrucDmgFn,110
fl-6.1-structure-111,fl,6.1,structure,RES1,,FIA,"split level, no basement, Structure, A-Zone",,HazusFloodDamageFunctions_Hazus61.xlsx,flBldgStrucDmgFn,111
fl-6.1-structure-112,fl,6.1,structure,RES1,,FIA (MOD.),"split level, w/ basement, Structure, A-Zone",,HazusFloodDamageFunctions_Hazus61.xlsx,flBldgStrucDmgFn,112
fl-6.1-structure-113,fl,6.1,structure,RES1,,FIA,"one floor, no basement, Structure, V-Zone",,HazusFloodDamageFunctions_Hazus61.xlsx,flBldgStrucDmgFn,113
fl-6.1-structure-114,fl,6.1,structure,RES1,,FIA (MOD.),"one floor, w/ basement, Structure, V-Zone",,HazusFloodDamageFunctions_Hazus61.xlsx,flBldgStrucDmgFn,114
fl-6.1-structure-115,fl,6.1,structure,RES1,,FIA,"two floors, no basement, Structure, V-Zone",,HazusFloodDamageFunctions_Hazus61.xlsx,flBldgStrucDmgFn,115
fl-6.1-structure-116,fl,6.1,structure,RES1,,FIA (MOD.),"two floors, w/ basement, Structure, V-Zone",,HazusFloodDamageFunctions_Hazus61.xlsx,flBldgStrucDmgFn,116
fl-6.1-structure-117,fl,6.1,structure,RES1,,FIA,"three or more floors, no basement, Structure, V-Zone",,HazusFloodDamageFunctions_Hazus61.xlsx,flBldgStrucDmgFn,117
fl-6.1-structure-118,fl,6.1,structure,RES1,,FIA (MOD.),"three or more floors, w/ basement, Structure, V-Zone",,HazusFloodDamageFunctions_Hazus61.xlsx,flBldgStrucDmgFn,118
fl-6.1-structure-119,fl,6.1,structure,RES1,,FIA,"split level, no basement, Structure, V-Zone",,HazusFloodDamageFunctions_Hazus61.xlsx,flBldgStrucDmgFn,119
fl-6.1-structure-120,fl,6.1,structure,RES1,,FIA (MOD.),"split level, w/ basement, Structure, V-Zone",,HazusFloodDamageFunctions_Hazus61.xlsx,flBldgStrucDmgFn,120
fl-6.1-structure-121,fl,6.1,structure,RES1,,FIA,"one floor, w/ basement, Structure, A-Zone",,HazusFloodDamageFunctions_Hazus61.xlsx,flBldgStrucDmgFn,121
fl-6.1-structure-122,fl,6.1,structure,RES1,,FIA,"two floors, w/ basement, Structure,  A-Zone",,HazusFloodDamageFunctions_Hazus61.xlsx,flBldgStrucDmgFn,122
fl-6.1-structure-123,fl,6.1,structure,RES1,,FIA,"three or more floors, w/ basement, Structure, A-Zone",,HazusFloodDamageFunctions_Hazus61.xlsx,flBldgStrucDmgFn,123
fl-6.1-structure-124,fl,6.1,structure,RES1,,FIA,"split level, w/ basement, Structure, A-Zone",,HazusFloodDamageFunctions_Hazus61.xlsx,flBldgStrucDmgFn,124
fl-6.1-structure-125,fl,6.1,structure,RES1,,FIA,"one floor, w/ basement, Structure, V-Zone",,HazusFloodDamageFunctions_Hazus61.xlsx,flBldgStrucDmgFn,125
fl-6.1-structure-126,fl,6.1,structure,RES1,,FIA,"two floors, w/ basement, Structure, V-Zone",,HazusFloodDamageFunctions_Hazus61.xlsx,flBldgStrucDmgFn,126
fl-6.1-structure-127,fl,6.1,structure,RES1,,FIA,"three or more floors, w/ basement, Structure, V-Zone",,HazusFloodDamageFunctions_Hazus61.xlsx,flBldgStrucDmgFn,127
fl-6.1-structure-128,fl,6.1,structure,RES1,,FIA,"split level, w/ basement, Structure, V-Zone",,HazusFloodDamageFunctions_Hazus61.xlsx,flBldgStrucDmgFn,128
fl-6.1-structure-129,fl,6.1,structure,RES1,,USACE - IWR,"one story, no basement, Structure",,HazusFloodDamageFunctions_Hazus61.xlsx,flBldgStrucDmgFn,129
fl-6.1-structure-130,fl,6.1,structure,RES1,,USACE - IWR,"two or more stories, no basement, Structure",,HazusFloodDamageFunctions_Hazus61.xlsx,flBldgStrucDmgFn,130
fl-6.1-structure-131,fl,6.1,structure,RES1,,USACE - IWR,"split level, no basement, Structure",,HazusFloodDamageFunctions_Hazus61.xlsx,flBldgStrucDmgFn,131
fl-6.1-structure-132,fl,6.1,structure,RES1,,USACE - Chicago,"one story, no basement, Structure",,HazusFloodDamageFunctions_Hazus61.xlsx,flBldgStrucDmgFn,132
fl-6.1-structure-133,fl,6.1,structure,RES1,,USACE - Chicago,"one story, w/ basement, Structure",,HazusFloodDamageFunctions_Hazus61.xlsx,flBldgStrucDmgFn,133
fl-6.1-structure-134,fl,6.1,structure,RES1,,USACE - Chicago,"split level, no basement, Structure",,HazusFloodDamageFunctions_Hazus61.xlsx,flBldgStrucDmgFn,134
fl-6.1-structure-135,fl,6.1,structure,RES1,,USACE - Chicago,"split level, w/ basement, Structure",,HazusFloodDamageFunctions_Hazus61.xlsx,flBldgStrucDmgFn,135
fl-6.1-structure-136,fl,6.1,structure,RES1,,USACE - Chicago,"two story, no basement, Structure",,HazusFloodDamageFunctions_Hazus61.xlsx,flBldgStrucDmgFn,136
fl-6.1-structure-137,fl,6.1,structure,RES1,,USACE - Chicago,"two story, w/ basement, Structure",,HazusFloodDamageFunctions_Hazus61.xlsx,flBldgStrucDmgFn,137
fl-6.1-structure-138,fl,6.1,structure,RES1,,USACE - Galveston,"one & 1/2 story, no basement, Structure",,HazusFloodDamageFunctions_Hazus61.xlsx,flBldgStrucDmgFn,138
fl-6.1-structure-139,fl,6.1,structure,RES1,,USACE - Galveston,"one story, no basement, Structure",,HazusFloodDamageFunctions_Hazus61.xlsx,flBldgStrucDmgFn,139
fl-6.1-structure-140,fl,6.1,structure,RES1,,USACE - Galveston,"two story, no basement, Structure",,HazusFloodDamageFunctions_Hazus61.xlsx,flBldgStrucDmgFn,140
fl-6.1-structure-141,fl,6.1,structure,RES1,,USACE - New Orleans,"one story, Pier foundation, structure, fresh water, short duration",,HazusFloodDamageFunctions_Hazus61.xlsx,flBldgStrucDmgFn,141
fl-6.1-structure-142,fl,6.1,structure,RES1,,USACE - New Orleans,"one story, Pier foundation, structure, fresh water, long duration",,HazusFloodDamageFunctions_Hazus61.xlsx,flBldgStrucDmgFn,142
fl-6.1-structure-143,fl,6.1,structure,RES1,,USACE - New Orleans,"one story, Slab foundation, structure, fresh water, short duration",,HazusFloodDamageFunctions_Hazus61.xlsx,flBldgStrucDmgFn,143
fl-6.1-structure-144,fl,6.1,structure,RES1,,USACE - New Orleans,"one story, Slab foundation, structure, fresh water, long duration",,HazusFloodDamageFunctions_Hazus61.xlsx,flBldgStrucDmgFn,144
fl-6.1-structure-145,fl,6.1,structure,RES1,,USACE - New Orleans,"one story, Pier foundation, structure, salt water, short duration",,HazusFloodDamageFunctions_Hazus61.xlsx,flBldgStrucDmgFn,145
fl-6.1-structure-146,fl,6.1,structure,RES1,,USACE - New Orleans,"one story, Pier foundation, structure, salt water, long duration",,HazusFloodDamageFunctions_Hazus61.xlsx,flBldgStrucDmgFn,146
fl-6.1-structure-147,fl,6.1,structure,RES1,,USACE - New Orleans,"one story, Slab foundation, structure, salt water, short duration",,HazusFloodDamageFunctions_Hazus61.xlsx,flBldgStrucDmgFn,147
fl-6.1-structure-148,fl,6.1,structure,RES1,,USACE - New Orleans,"one story, Slab foundation, structure, salt water, long duration",,HazusFloodDamageFunctions_Hazus61.xlsx,flBldgStrucDmgFn,148
fl-6.1-structure-149,fl,6.1,structure,RES1,,USACE - New Orleans,"one story, Structure,  fresh water, short duration",,HazusFloodDamageFunctions_Hazus61.xlsx,flBldgStrucDmgFn,149
fl-6.1-structure-150,fl,6.1,structure,RES1,,USACE - New Orleans,"one story, Structure,  fresh water, long duration",,HazusFloodDamageFunctions_Hazus61.xlsx,flBldgStrucDmgFn,150
fl-6.1-structure-151,fl,6.1,structure,RES1,,USACE - New Orleans,"one story, Structure, salt water, short duration",,HazusFloodDamageFunctions_Hazus61.xlsx,flBldgStrucDmgFn,151
fl-6.1-structure-152,fl,6.1,structure,RES1,,USACE - New Orleans,"one story, Structure, salt water, long duration",,HazusFloodDamageFunctions_Hazus61.xlsx,flBldgStrucDmgFn,152
fl-6.1-structure-153,fl,6.1,structure,RES1,,USACE - New Orleans,"one story, Pier foundation, structure, fresh water, short duration",,HazusFloodDamageFunctions_Hazus61.xlsx,flBldgStrucDmgFn,153
fl-6.1-structure-154,fl,6.1,structure,RES1,,USACE - New Orleans,"one story, Slab foundation, structure, fresh water, short duration",,HazusFloodDamageFunctions_Hazus61.xlsx,flBldgStrucDmgFn,154
fl-6.1-structure-155,fl,6.1,structure,RES1,,USACE - New Orleans,"one story, Pier foundation, structure, salt water, long duration",,HazusFloodDamageFunctions_Hazus61.xlsx,flBldgStrucDmgFn,155
fl-6.1-structure-156,fl,6.1,structure,RES1,,USACE - New Orleans,"one story, Slab foundation, structure, salt water, long duration",,HazusFloodDamageFunctions_Hazus61.xlsx,flBldgStrucDmgFn,156
fl-6.1-structure-157,fl,6.1,structure,RES1,,USACE - New Orleans,"two story, Pier foundation, structure, fresh water, short duration",,HazusFloodDamageFunctions_Hazus61.xlsx,flBldgStrucDmgFn,157
fl-6.1-structure-158,fl,6.1,structure,RES1,,USACE - New Orleans,"two story, Pier foundation, structure, fresh water, long duration",,HazusFloodDamageFunctions_Hazus61.xlsx,flBldgStrucDmgFn,158
fl-6.1-structure-159,fl,6.1,structure,RES1,,USACE - New Orleans,"two story, Slab foundation, structure, fresh water, short duration",,HazusFloodDamageFunctions_Hazus61.xlsx,flBldgStrucDmgFn,159
fl-6.1-structure-160,fl,6.1,structure,RES1,,USACE - New Orleans,"two story, Slab foundation, structure, fresh water, long duration",,HazusFloodDamageFunctions_Hazus61.xlsx,flBldgStrucDmgFn,160
fl-6.1-structure-161,fl,6.1,structure,RES1,,USACE - New Orleans,"two story, Pier foundation, structure, salt water, short duration",,HazusFloodDamageFunctions_Hazus61.xlsx,flBldgStrucDmgFn,161
fl-6.1-structure-162,fl,6.1,structure,RES1,,USACE - New Orleans,"two story, Pier foundation, structure, salt  water, long duration",,HazusFloodDamageFunctions_Hazus61.xlsx,flBldgStrucDmgFn,162
fl-6.1-structure-163,fl,6.1,structure,RES1,,USACE - New Orleans,"two story, Slab foundation, structure, salt water, short duration",,HazusFloodDamageFunctions_Hazus61.xlsx,flBldgStrucDmgFn,163
fl-6.1-structure-164,fl,6.1,structure,RES1,,USACE - New Orleans,"two story, Slab foundation, structure, salt water, long duration",,HazusFloodDamageFunctions_Hazus61.xlsx,flBldgStrucDmgFn,164
fl-6.1-structure-165,fl,6.1,structure,RES1,,USACE - New Orleans,"two story, Structure, fresh water, short duration",,HazusFloodDamageFunctions_Hazus61.xlsx,flBldgStrucDmgFn,165
fl-6.1-structure-166,fl,6.1,structure,RES1,,USACE - New Orleans,"two story, Structure,  fresh water, long duration",,HazusFloodDamageFunctions_Hazus61.xlsx,flBldgStrucDmgFn,166
fl-6.1-structure-167,fl,6.1,structure,RES1,,USACE - New Orleans,"two story, Structure, salt water, short duration",,HazusFloodDamageFunctions_Hazus61.xlsx,flBldgStrucDmgFn,167
fl-6.1-structure-168,fl,6.1,structure,RES1,,USACE - New Orleans,"two story, Structure,  salt water, long duration",,HazusFloodDamageFunctions_Hazus61.xlsx,flBldgStrucDmgFn,168
fl-6.1-structure-169,fl,6.1,structure,RES1,,USACE - New Orleans,"two story, Pier foundation, structure, fresh water, short duration",,HazusFloodDamageFunctions_Hazus61.xlsx,flBldgStrucDmgFn,169
fl-6.1-structure-170,fl,6.1,structure,RES1,,USACE - New Orleans,"two story, Slab foundation, structure, fresh water, long  duration",,HazusFloodDamageFunctions_Hazus61.xlsx,flBldgStrucDmgFn,170
fl-6.1-structure-171,fl,6.1,structure,RES1,,USACE - New Orleans,"two story, Pier foundation, structure, salt  water, short duration",,HazusFloodDamageFunctions_Hazus61.xlsx,flBldgStrucDmgFn,171
fl-6.1-structure-172,fl,6.1,structure,RES1,,USACE - New Orleans,"two story, Slab foundation, structure, salt water, long duration",,HazusFloodDamageFunctions_Hazus61.xlsx,flBldgStrucDmgFn,172
fl-6.1-structure-173,fl,6.1,structure,RES1,,USACE - St. Paul,"one story, Structure",,HazusFloodDamageFunctions_Hazus61.xlsx,flBldgStrucDmgFn,173
fl-6.1-structure-174,fl,6.1,structure,RES1,,USACE - St. Paul,"two story, Structure",,HazusFloodDamageFunctions_Hazus61.xlsx,flBldgStrucDmgFn,174
fl-6.1-structure-175,fl,6.1,structure,RES1,,USACE - Wilmington,"one & 1/2 story, Pile foundation, structure",,HazusFloodDamageFunctions_Hazus61.xlsx,flBldgStrucDmgFn,175
fl-6.1-structure-176,fl,6.1,structure,RES1,,USACE - Wilmington,"one & 1/2 story, Structure",,HazusFloodDamageFunctions_Hazus61.xlsx,flBldgStrucDmgFn,176
fl-6.1-structure-177,fl,6.1,structure,RES1,,USACE - Wilmington,"one & 1/2 story w/ 1/2 living area below, Structure",,HazusFloodDamageFunctions_Hazus61.xlsx,flBldgStrucDmgFn,177
fl-6.1-structure-178,fl,6.1,structure,RES1,,USACE - Wilmington,"one story, Pile foundation, structure",,HazusFloodDamageFunctions_Hazus61.xlsx,flBldgStrucDmgFn,178
fl-6.1-structure-179,fl,6.1,structure,RES1,,USACE - Wilmington,"one story, Structure",,HazusFloodDamageFunctions_Hazus61.xlsx,flBldgStrucDmgFn,179
fl-6.1-structure-180,fl,6.1,structure,RES1,,USACE - Wilmington,"one story w/ 1/2 living area below, Structure",,HazusFloodDamageFunctions_Hazus61.xlsx,flBldgStrucDmgFn,180
fl-6.1-structure-181,fl,6.1,structure,RES1,,USACE - Wilmington,"one story w/ basement, Structure",,HazusFloodDamageFunctions_Hazus61.xlsx,flBldgStrucDmgFn,181
fl-6.1-structure-182,fl,6.1,structure,RES1,,USACE - Wilmington,"split level, Structure",,HazusFloodDamageFunctions_Hazus61.xlsx,flBldgStrucDmgFn,182
fl-6.1-structure-183,fl,6.1,structure,RES1,,USACE - Wilmington,"two story, Pile foundation, structure",,HazusFloodDamageFunctions_Hazus61.xlsx,flBldgStrucDmgFn,183
fl-6.1-structure-184,fl,6.1,structure,RES1,,USACE - Wilmington,"two story, Structure",,HazusFloodDamageFunctions_Hazus61.xlsx,flBldgStrucDmgFn,184
fl-6.1-structure-185,fl,6.1,structure,RES1,,USACE - Wilmington,"two story w/ 1/2 living area below, Structure",,HazusFloodDamageFunctions_Hazus61.xlsx,flBldgStrucDmgFn,185
fl-6.1-structure-189,fl,6.1,structure,RES2,,FIA,"Mobile home, structure, A-Zone",,HazusFloodDamageFunctions_Hazus61.xlsx,flBldgStrucDmgFn,189
fl-6.1-structure-190,fl,6.1,structure,RES2,,FIA,"Mobile home, structure, V-Zone",,HazusFloodDamageFunctions_Hazus61.xlsx,flBldgStrucDmgFn,190
fl-6.1-structure-191,fl,6.1,structure,RES2,,USACE - Chicago,"Mobile Home, structure",,HazusFloodDamageFunctions_Hazus61.xlsx,flBldgStrucDmgFn,191
fl-6.1-structure-192,fl,6.1,structure,RES2,,USACE - Galveston,"Mobile Home, structure",,HazusFloodDamageFunctions_Hazus61.xlsx,flBldgStrucDmgFn,192
fl-6.1-structure-193,fl,6.1,structure,RES2,,USACE - New Orleans,"Mobile Home, structure, fresh water, short duration",,HazusFloodDamageFunctions_Hazus61.xlsx,flBldgStrucDmgFn,193
fl-6.1-structure-194,fl,6.1,structure,RES2,,USACE - New Orleans,"Mobile Home, structure, fresh water, long duration",,HazusFloodDamageFunctions_Hazus61.xlsx,flBldgStrucDmgFn,194
fl-6.1-structure-195,fl,6.1,structure,RES2,,USACE - New Orleans,"Mobile Home, structure, salt water, short duration",,HazusFloodDamageFunctions_Hazus61.xlsx,flBldgStrucDmgFn,195
fl-6.1-structure-196,fl,6.1,structure,RES2,,USACE - New Orleans,"Mobile Home, structure, salt water, long duration",,HazusFloodDamageFunctions_Hazus61.xlsx,flBldgStrucDmgFn,196
fl-6.1-structure-197,fl,6.1,structure,RES2,,USACE - New Orleans,"Mobile Home, structure, fresh water, short duration",,HazusFloodDamageFunctions_Hazus61.xlsx,flBldgStrucDmgFn,197
fl-6.1-structure-198,fl,6.1,structure,RES2,,USACE - New Orleans,"Mobile Home, structure, fresh water, long duration",,HazusFloodDamageFunctions_Hazus61.xlsx,flBldgStrucDmgFn,198
fl-6.1-structure-199,fl,6.1,structure,RES2,,USACE - New Orleans,"Mobile Home, structure, salt water, short duration",,HazusFloodDamageFunctions_Hazus61.xlsx,flBldgStrucDmgFn,199
fl-6.1-structure-200,fl,6.1,structure,RES2,,USACE - New Orleans,"Mobile Home, structure, salt water, long duration",,HazusFloodDamageFunctions_Hazus61.xlsx,flBldgStrucDmgFn,200
fl-6.1-structure-201,fl,6.1,structure,RES2,,USACE - New Orleans,"Mobile Home, structure, fresh water, short duration",,HazusFloodDamageFunctions_Hazus61.xlsx,flBldgStrucDmgFn,201
fl-6.1-structure-202,fl,6.1,structure,RES2,,USACE - New Orleans,"Mobile Home, structure, salt water, long duration",,HazusFloodDamageFunctions_Hazus61.xlsx,flBldgStrucDmgFn,202
fl-6.1-structure-203,fl,6.1,structure,RES2,,USACE - Wilmington,"Mobile Home, structure",,HazusFloodDamageFunctions_Hazus61.xlsx,flBldgStrucDmgFn,203
fl-6.1-structure-204,fl,6.1,structure,RES3,,USACE - Chicago,"Apartment Unit Grade, Structure",,HazusFloodDamageFunctions_Hazus61.xlsx,flBldgStrucDmgFn,204
fl-6.1-structure-205,fl,6.1,structure,RES3,,USACE - Chicago,"Apartment Unit Sub-Grade, Structure",,HazusFloodDamageFunctions_Hazus61.xlsx,flBldgStrucDmgFn,205
fl-6.1-structure-206,fl,6.1,structure,RES3,,USACE - Galveston,"Apartment, living area on one floor, Structure",,HazusFloodDamageFunctions_Hazus61.xlsx,flBldgStrucDmgFn,206
fl-6.1-structure-207,fl,6.1,structure,RES3,,USACE - Galveston,"Condominium, living area on multiple floors, Structure",,HazusFloodDamageFunctions_Hazus61.xlsx,flBldgStrucDmgFn,207
fl-6.1-structure-208,fl,6.1,structure,RES3,,USACE - Wilmington,"Apartments, Structure",,HazusFloodDamageFunctions_Hazus61.xlsx,flBldgStrucDmgFn,208
fl-6.1-structure-209,fl,6.1,structure,RES4,,USACE - Galveston,"Average Hotel & Motel, structure",,HazusFloodDamageFunctions_Hazus61.xlsx,flBldgStrucDmgFn,209
fl-6.1-structure-210,fl,6.1,structure,RES4,,USACE - Galveston,"Hotel, structure",,HazusFloodDamageFunctions_Hazus61.xlsx,flBldgStrucDmgFn,210
fl-6.1-structure-211,fl,6.1,structure,RES4,,USACE - Galveston,"Motel Unit, structure",,HazusFloodDamageFunctions_Hazus61.xlsx,flBldgStrucDmgFn,211
fl-6.1-structure-212,fl,6.1,structure,RES4,,USACE - Wilmington,"Hotel, structure",,HazusFloodDamageFunctions_Hazus61.xlsx,flBldgStrucDmgFn,212
fl-6.1-structure-213,fl,6.1,structure,RES4,,USACE - Wilmington,"Motel, structure",,HazusFloodDamageFunctions_Hazus61.xlsx,flBldgStrucDmgFn,213
fl-6.1-structure-214,fl,6.1,structure,RES5,,USACE - Galveston,"Average institutional dormitory, structure",,HazusFloodDamageFunctions_Hazus61.xlsx,flBldgStrucDmgFn,214
fl-6.1-structure-215,fl,6.1,structure,RES6,,USACE - Galveston,"Nursing Home, structure",,HazusFloodDamageFunctions_Hazus61.xlsx,flBldgStrucDmgFn,215
fl-6.1-structure-216,fl,6.1,structure,RES6,,USACE - Wilmington,"Rest Home, structure",,HazusFloodDamageFunctions_Hazus61.xlsx,flBldgStrucDmgFn,216
fl-6.1-structure-217,fl,6.1,structure,COM1,,USACE - Galveston,"Average Retail, Structure",,HazusFloodDamageFunctions_Hazus61.xlsx,flBldgStrucDmgFn,217
fl-6.1-structure-218,fl,6.1,structure,COM1,,USACE - Galveston,"Antique, structure",,HazusFloodDamageFunctions_Hazus61.xlsx,flBldgStrucDmgFn,218
fl-6.1-structure-219,fl,6.1,structure,COM1,,USACE - Galveston,"Auto Dealer Big, structure",,HazusFloodDamageFunctions_Hazus61.xlsx,flBldgStrucDmgFn,219
fl-6.1-structure-220,fl,6.1,structure,COM1,,USACE - Galveston,"Bait Stand, structure",,HazusFloodDamageFunctions_Hazus61.xlsx,flBldgStrucDmgFn,220
fl-6.1-structure-221,fl,6.1,structure,COM1,,USACE - Galveston,"Bakery, structure",,HazusFloodDamageFunctions_Hazus61.xlsx,flBldgStrucDmgFn,221
fl-6.1-structure-222,fl,6.1,structure,COM1,,USACE - Galveston,"Boat Sales/Service, structure",,HazusFloodDamageFunctions_Hazus61.xlsx,flBldgStrucDmgFn,222
fl-6.1-structure-223,fl,6.1,structure,COM1,,USACE - Galveston,"Book Store, structure",,HazusFloodDamageFunctions_Hazus61.xlsx,flBldgStrucDmgFn,223
fl-6.1-structure-224,fl,6.1,structure,COM1,,USACE - Galveston,"Camera Store, structure",,HazusFloodDamageFunctions_Hazus61.xlsx,flBldgStrucDmgFn,224
fl-6.1-structure-225,fl,6.1,structure,COM1,,USACE - Galveston,"Carpet and Paint Shop, structure",,HazusFloodDamageFunctions_Hazus61.xlsx,flBldgStrucDmgFn,225
fl-6.1-structure-226,fl,6.1,structure,COM1,,USACE - Galveston,"Clothing-Mens, structure",,HazusFloodDamageFunctions_Hazus61.xlsx,flBldgStrucDmgFn,226
fl-6.1-structure-227,fl,6.1,structure,COM1,,USACE - Galveston,"Crafts, structure",,HazusFloodDamageFunctions_Hazus61.xlsx,flBldgStrucDmgFn,227
fl-6.1-structure-228,fl,6.1,structure,COM1,,USACE - Galveston,"Drug Store, structure",,HazusFloodDamageFunctions_Hazus61.xlsx,flBldgStrucDmgFn,228
fl-6.1-structure-229,fl,6.1,structure,COM1,,USACE - Galveston,"Fabric Store, structure",,HazusFloodDamageFunctions_Hazus61.xlsx,flBldgStrucDmgFn,229
fl-6.1-structure-230,fl,6.1,structure,COM1,,USACE - Galveston,"Feed Store, structure",,HazusFloodDamageFunctions_Hazus61.xlsx,flBldgStrucDmgFn,230
fl-6.1-structure-231,fl,6.1,structure,COM1,,USACE - Galveston,"Flea Market, structure",,HazusFloodDamageFunctions_Hazus61.xlsx,flBldgStrucDmgFn,231
fl-6.1-structure-232,fl,6.1,structure,COM1,,USACE - Galveston,"Florist, structure",,HazusFloodDamageFunctions_Hazus61.xlsx,flBldgStrucDmgFn,232
fl-6.1-structure-233,fl,6.1,structure,COM1,,USACE - Galveston,"Fruit Stand, structure",,HazusFloodDamageFunctions_Hazus61.xlsx,flBldgStrucDmgFn,233
fl-6.1-structure-234,fl,6.1,structure,COM1,,USACE - Galveston,"Large Furniture, structure",,HazusFloodDamageFunctions_Hazus61.xlsx,flBldgStrucDmgFn,234
fl-6.1-structure-235,fl,6.1,structure,COM1,,USACE - Galveston,"Gas/Butane Supply, structure",,HazusFloodDamageFunctions_Hazus61.xlsx,flBldgStrucDmgFn,235
fl-6.1-structure-236,fl,6.1,structure,COM1,,USACE - Galveston,"Gift Shop, structure",,HazusFloodDamageFunctions_Hazus61.xlsx,flBldgStrucDmgFn,236
fl-6.1-structure-237,fl,6.1,structure,COM1,,USACE - Galveston,"Greenhouse, structure",,HazusFloodDamageFunctions_Hazus61.xlsx,flBldgStrucDmgFn,237
fl-6.1-structure-238,fl,6.1,structure,COM1,,USACE - Galveston,"Small Grocery, structure",,HazusFloodDamageFunctions_Hazus61.xlsx,flBldgStrucDmgFn,238
fl-6.1-structure-239,fl,6.1,structure,COM1,,USACE - Galveston,"Medium Grocery, structure",,HazusFloodDamageFunctions_Hazus61.xlsx,flBldgStrucDmgFn,239
fl-6.1-structure-240,fl,6.1,structure,COM1,,USACE - Galveston,"Gun Shop, structure",,HazusFloodDamageFunctions_Hazus61.xlsx,flBldgStrucDmgFn,240
fl-6.1-structure-241,fl,6.1,structure,COM1,,USACE - Galveston,"Hardware, structure",,HazusFloodDamageFunctions_Hazus61.xlsx,flBldgStrucDmgFn,241
fl-6.1-structure-242,fl,6.1,structure,COM1,,USACE - Galveston,"Hobby Shop, structure",,HazusFloodDamageFunctions_Hazus61.xlsx,flBldgStrucDmgFn,242
fl-6.1-structure-243,fl,6.1,structure,COM1,,USACE - Galveston,"Lawnmower, structure",,HazusFloodDamageFunctions_Hazus61.xlsx,flBldgStrucDmgFn,243
fl-6.1-structure-244,fl,6.1,structure,COM1,,USACE - Galveston,"Liquor Store, structure",,HazusFloodDamageFunctions_Hazus61.xlsx,flBldgStrucDmgFn,244
fl-6.1-structure-245,fl,6.1,structure,COM1,,USACE - Galveston,"Meat Market, structure",,HazusFloodDamageFunctions_Hazus61.xlsx,flBldgStrucDmgFn,245
fl-6.1-structure-246,fl,6.1,structure,COM1,,USACE - Galveston,"Motorcycle Dealer, structure",,HazusFloodDamageFunctions_Hazus61.xlsx,flBldgStrucDmgFn,246
fl-6.1-structure-247,fl,6.1,structure,COM1,,USACE - Galveston,"Music Center, structure",,HazusFloodDamageFunctions_Hazus61.xlsx,flBldgStrucDmgFn,247
fl-6.1-structure-248,fl,6.1,structure,COM1,,USACE - Galveston,"Nursery, structure",,HazusFloodDamageFunctions_Hazus61.xlsx,flBldgStrucDmgFn,248
fl-6.1-structure-249,fl,6.1,structure,COM1,,USACE - Galveston,"Paint Store, structure",,HazusFloodDamageFunctions_Hazus61.xlsx,flBldgStrucDmgFn,249
fl-6.1-structure-250,fl,6.1,structure,COM1,,USACE - Galveston,"Pawn Shop, structure",,HazusFloodDamageFunctions_Hazus61.xlsx,flBldgStrucDmgFn,250
fl-6.1-structure-251,fl,6.1,structure,COM1,,USACE - Galveston,"Remnant Shop, structure",,HazusFloodDamageFunctions_Hazus61.xlsx,flBldgStrucDmgFn,251
fl-6.1-structure-252,fl,6.1,structure,COM1,,USACE - Galveston,"Service Station, structure",,HazusFloodDamageFunctions_Hazus61.xlsx,flBldgStrucDmgFn,252
fl-6.1-structure-253,fl,6.1,structure,COM1,,USACE - Galveston,"Shoe Repair, structure",,HazusFloodDamageFunctions_Hazus61.xlsx,flBldgStrucDmgFn,253
fl-6.1-structure-254,fl,6.1,structure,COM1,,USACE - Galveston,"Toy Store, structure",,HazusFloodDamageFunctions_Hazus61.xlsx,flBldgStrucDmgFn,254
fl-6.1-structure-255,fl,6.1,structure,COM1,,USACE - Galveston,"Tractor Sales, structure",,HazusFloodDamageFunctions_Hazus61.xlsx,flBldgStrucDmgFn,255
fl-6.1-structure-256,fl,6.1,structure,COM1,,USACE - Galveston,"Trophy Shop, structure",,HazusFloodDamageFunctions_Hazus61.xlsx,flBldgStrucDmgFn,256
fl-6.1-structure-257,fl,6.1,structure,COM1,,USACE - Galveston,"Upholstery Shop, structure",,HazusFloodDamageFunctions_Hazus61.xlsx,flBldgStrucDmgFn,257
fl-6.1-structure-258,fl,6.1,structure,COM1,,USACE - Galveston,"Used Appliances/Cloth, structure",,HazusFloodDamageFunctions_Hazus61.xlsx,flBldgStrucDmgFn,258
fl-6.1-structure-259,fl,6.1,structure,COM1,,USACE - Galveston,"Used Furniture, structure",,HazusFloodDamageFunctions_Hazus61.xlsx,flBldgStrucDmgFn,259
fl-6.1-structure-260,fl,6.1,structure,COM1,,USACE - Galveston,"Vacuum Cleaner Sales, structure",,HazusFloodDamageFunctions_Hazus61.xlsx,flBldgStrucDmgFn,260
fl-6.1-structure-261,fl,6.1,structure,COM1,,USACE - Galveston,"Video Games, structure",,HazusFloodDamageFunctions_Hazus61.xlsx,flBldgStrucDmgFn,261
fl-6.1-structure-262,fl,6.1,structure,COM1,,USACE - Wilmington,"Appliances, structure",,HazusFloodDamageFunctions_Hazus61.xlsx,flBldgStrucDmgFn,262
fl-6.1-structure-263,fl,6.1,structure,COM1,,USACE - Wilmington,"Auto Dealership, structure",,HazusFloodDamageFunctions_Hazus61.xlsx,flBldgStrucDmgFn,263
fl-6.1-structure-264,fl,6.1,structure,COM1,,USACE - Wilmington,"Bait Stand, structure",,HazusFloodDamageFunctions_Hazus61.xlsx,flBldgStrucDmgFn,264
fl-6.1-structure-265,fl,6.1,structure,COM1,,USACE - Wilmington,"Book Store, structure",,HazusFloodDamageFunctions_Hazus61.xlsx,flBldgStrucDmgFn,265
fl-6.1-structure-266,fl,6.1,structure,COM1,,USACE - Wilmington,"Clothing, structure",,HazusFloodDamageFunctions_Hazus61.xlsx,flBldgStrucDmgFn,266
fl-6.1-structure-267,fl,6.1,structure,COM1,,USACE - Wilmington,"Department Store, structure",,HazusFloodDamageFunctions_Hazus61.xlsx,flBldgStrucDmgFn,267
fl-6.1-structure-268,fl,6.1,structure,COM1,,USACE - Wilmington,"Drug, Super, structure",,HazusFloodDamageFunctions_Hazus61.xlsx,flBldgStrucDmgFn,268
fl-6.1-structure-269,fl,6.1,structure,COM1,,USACE - Wilmington,"Furniture, structure",,HazusFloodDamageFunctions_Hazus61.xlsx,flBldgStrucDmgFn,269
fl-6.1-structure-270,fl,6.1,structure,COM1,,USACE - Wilmington,"Hardware, structure",,HazusFloodDamageFunctions_Hazus61.xlsx,flBldgStrucDmgFn,270
fl-6.1-structure-271,fl,6.1,structure,COM1,,USACE - Wilmington,"Liquor, structure",,HazusFloodDamageFunctions_Hazus61.xlsx,flBldgStrucDmgFn,271
fl-6.1-structure-272,fl,6.1,structure,COM1,,USACE - Wilmington,"Drive thru market, structure",,HazusFloodDamageFunctions_Hazus61.xlsx,flBldgStrucDmgFn,272
fl-6.1-structure-273,fl,6.1,structure,COM1,,USACE - Wilmington,"Supermarket, structure",,HazusFloodDamageFunctions_Hazus61.xlsx,flBldgStrucDmgFn,273
fl-6.1-structure-274,fl,6.1,structure,COM1,,USACE - Wilmington,"Service Station, structure",,HazusFloodDamageFunctions_Hazus61.xlsx,flBldgStrucDmgFn,274
fl-6.1-structure-275,fl,6.1,structure,COM1,,USACE - Wilmington,"Variety Store, structure",,HazusFloodDamageFunctions_Hazus61.xlsx,flBldgStrucDmgFn,275
fl-6.1-structure-276,fl,6.1,structure,COM1,,USACE - New Orleans,"Bakery, structure, salt water, long duration",,HazusFloodDamageFunctions_Hazus61.xlsx,flBldgStrucDmgFn,276
fl-6.1-structure-277,fl,6.1,structure,COM1,,USACE - New Orleans,"Bakery, structure, salt water, short duration",,HazusFloodDamageFunctions_Hazus61.xlsx,flBldgStrucDmgFn,277
fl-6.1-structure-278,fl,6.1,structure,COM1,,USACE - New Orleans,"Bakery, structure, fresh water, long duration",,HazusFloodDamageFunctions_Hazus61.xlsx,flBldgStrucDmgFn,278
fl-6.1-structure-279,fl,6.1,structure,COM1,,USACE - New Orleans,"Bakery, structure, fresh water, short duration",,HazusFloodDamageFunctions_Hazus61.xlsx,flBldgStrucDmgFn,279
fl-6.1-structure-280,fl,6.1,structure,COM1,,USACE - New Orleans,"Bakery, structure, composite water & duration",,HazusFloodDamageFunctions_Hazus61.xlsx,flBldgStrucDmgFn,280
fl-6.1-structure-281,fl,6.1,structure,COM1,,USACE - New Orleans,"Candy Store, structure, salt water, long duration",,HazusFloodDamageFunctions_Hazus61.xlsx,flBldgStrucDmgFn,281
fl-6.1-structure-282,fl,6.1,structure,COM1,,USACE - New Orleans,"Candy Store, structure, salt water, short duration",,HazusFloodDamageFunctions_Hazus61.xlsx,flBldgStrucDmgFn,282
fl-6.1-structure-283,fl,6.1,structure,COM1,,USACE - New Orleans,"Candy Store, structure, fresh water, long duration",,HazusFloodDamageFunctions_Hazus61.xlsx,flBldgStrucDmgFn,283
fl-6.1-structure-284,fl,6.1,structure,COM1,,USACE - New Orleans,"Candy Store, structure, fresh water, short duration",,HazusFloodDamageFunctions_Hazus61.xlsx,flBldgStrucDmgFn,284
fl-6.1-structure-285,fl,6.1,structure,COM1,,USACE - New Orleans,"Candy Store, structure, composite water & duration",,HazusFloodDamageFunctions_Hazus61.xlsx,flBldgStrucDmgFn,285
fl-6.1-structure-286,fl,6.1,structure,COM1,,USACE - New Orleans,"Clothing Store, structure, salt water, long duration",,HazusFloodDamageFunctions_Hazus61.xlsx,flBldgStrucDmgFn,286
fl-6.1-structure-287,fl,6.1,structure,COM1,,USACE - New Orleans,"Clothing Store, structure, salt water, short duration",,HazusFloodDamageFunctions_Hazus61.xlsx,flBldgStrucDmgFn,287
fl-6.1-structure-288,fl,6.1,structure,COM1,,USACE - New Orleans,"Clothing Store, structure, fresh water, long duration",,HazusFloodDamageFunctions_Hazus61.xlsx,flBldgStrucDmgFn,288
fl-6.1-structure-289,fl,6.1,structure,COM1,,USACE - New Orleans,"Clothing Store, structure, fresh water, short duration",,HazusFloodDamageFunctions_Hazus61.xlsx,flBldgStrucDmgFn,289
fl-6.1-structure-290,fl,6.1,structure,COM1,,USACE - New Orleans,"Clothing Store, structure, composite water & duration",,HazusFloodDamageFunctions_Hazus61.xlsx,flBldgStrucDmgFn,290
fl-6.1-structure-291,fl,6.1,structure,COM1,,USACE - New Orleans,"Convenience Store, structure, salt water, long duration",,HazusFloodDamageFunctions_Hazus61.xlsx,flBldgStrucDmgFn,291
fl-6.1-structure-292,fl,6.1,structure,COM1,,USACE - New Orleans,"Convenience Store, structure, salt water, short duration",,HazusFloodDamageFunctions_Hazus61.xlsx,flBldgStrucDmgFn,292
fl-6.1-structure-293,fl,6.1,structure,COM1,,USACE - New Orleans,"Convenience Store, structure, fresh water, long duration",,HazusFloodDamageFunctions_Hazus61.xlsx,flBldgStrucDmgFn,293
fl-6.1-structure-294,fl,6.1,structure,COM1,,USACE - New Orleans,"Convenience Store, structure, fresh water, short duration",,HazusFloodDamageFunctions_Hazus61.xlsx,flBldgStrucDmgFn,294
fl-6.1-structure-295,fl,6.1,structure,COM1,,USACE - New Orleans,"Convenience Store, structure, composite water & duration",,HazusFloodDamageFunctions_Hazus61.xlsx,flBldgStrucDmgFn,295
fl-6.1-structure-296,fl,6.1,structure,COM1,,USACE - New Orleans,"Department Store, structure, salt water, long duration",,HazusFloodDamageFunctions_Hazus61.xlsx,flBldgStrucDmgFn,296
fl-6.1-structure-297,fl,6.1,structure,COM1,,USACE - New Orleans,"Department Store, structure, salt water, short duration",,HazusFloodDamageFunctions_Hazus61.xlsx,flBldgStrucDmgFn,297
fl-6.1-structure-298,fl,6.1,structure,COM1,,USACE - New Orleans,"Department Store, structure, fresh water, long duration",,HazusFloodDamageFunctions_Hazus61.xlsx,flBldgStrucDmgFn,298
fl-6.1-structure-299,fl,6.1,structure,COM1,,USACE - New Orleans,"Department Store, structure, fresh water, short duration",,HazusFloodDamageFunctions_Hazus61.xlsx,flBldgStrucDmgFn,299
fl-6.1-structure-300,fl,6.1,structure,COM1,,USACE - New Orleans,"Department Store, structure, composite water & duration",,HazusFloodDamageFunctions_Hazus61.xlsx,flBldgStrucDmgFn,300
fl-6.1-structure-301,fl,6.1,structure,COM1,,USACE - New Orleans,"Furniture Store, structure, salt water, long duration",,HazusFloodDamageFunctions_Hazus61.xlsx,flBldgStrucDmgFn,301
fl-6.1-structure-302,fl,6.1,structure,COM1,,USACE - New Orleans,"Furniture Store, structure, salt water, short duration",,HazusFloodDamageFunctions_Hazus61.xlsx,flBldgStrucDmgFn,302
fl-6.1-structure-303,fl,6.1,structure,COM1,,USACE - New Orleans,"Furniture Store, structure, fresh water, long duration",,HazusFloodDamageFunctions_Hazus61.xlsx,flBldgStrucDmgFn,303
fl-6.1-structure-304,fl,6.1,structure,COM1,,USACE - New Orleans,"Furniture Store, structure, fresh water, short duration",,HazusFloodDamageFunctions_Hazus61.xlsx,flBldgStrucDmgFn,304
fl-6.1-structure-305,fl,6.1,structure,COM1,,USACE - New Orleans,"Furniture Store, structure, composite water & duration",,HazusFloodDamageFunctions_Hazus61.xlsx,flBldgStrucDmgFn,305
fl-6.1-structure-306,fl,6.1,structure,COM1,,USACE - New Orleans,"Gas Station, structure, salt water, long duration",,HazusFloodDamageFunctions_Hazus61.xlsx,flBldgStrucDmgFn,306
fl-6.1-structure-307,fl,6.1,structure,COM1,,USACE - New Orleans,"Gas Station, structure, salt water, short duration",,HazusFloodDamageFunctions_Hazus61.xlsx,flBldgStrucDmgFn,307
fl-6.1-structure-308,fl,6.1,structure,COM1,,USACE - New Orleans,"Gas Station, structure, fresh water, long duration",,HazusFloodDamageFunctions_Hazus61.xlsx,flBldgStrucDmgFn,308
fl-6.1-structure-309,fl,6.1,structure,COM1,,USACE - New Orleans,"Gas Station, structure, fresh water, short duration",,HazusFloodDamageFunctions_Hazus61.xlsx,flBldgStrucDmgFn,309
fl-6.1-structure-310,fl,6.1,structure,COM1,,USACE - New Orleans,"Gas Station, structure, composite water & duration",,HazusFloodDamageFunctions_Hazus61.xlsx,flBldgStrucDmgFn,310
fl-6.1-structure-311,fl,6.1,structure,COM1,,USACE - New Orleans,"Large Grocery, structure, salt water, long duration",,HazusFloodDamageFunctions_Hazus61.xlsx,flBldgStrucDmgFn,311
fl-6.1-structure-312,fl,6.1,structure,COM1,,USACE - New Orleans,"Large Grocery, structure, salt water, short duration",,HazusFloodDamageFunctions_Hazus61.xlsx,flBldgStrucDmgFn,312
fl-6.1-structure-313,fl,6.1,structure,COM1,,USACE - New Orleans,"Large Grocery, structure, fresh water, long duration",,HazusFloodDamageFunctions_Hazus61.xlsx,flBldgStrucDmgFn,313
fl-6.1-structure-314,fl,6.1,structure,COM1,,USACE - New Orleans,"Large Grocery,  structure, fresh water, short duration",,HazusFloodDamageFunctions_Hazus61.xlsx,flBldgStrucDmgFn,314
fl-6.1-structure-315,fl,6.1,structure,COM1,,USACE - New Orleans,"Large Grocery, structure, composite water & duration",,HazusFloodDamageFunctions_Hazus61.xlsx,flBldgStrucDmgFn,315
fl-6.1-structure-316,fl,6.1,structure,COM1,,USACE - New Orleans,"Neigborhood Grocery, structure, salt water, long duration",,HazusFloodDamageFunctions_Hazus61.xlsx,flBldgStrucDmgFn,316
fl-6.1-structure-317,fl,6.1,structure,COM1,,USACE - New Orleans,"Neigborhood Grocery, structure, salt water, short duration",,HazusFloodDamageFunctions_Hazus61.xlsx,flBldgStrucDmgFn,317
fl-6.1-structure-318,fl,6.1,structure,COM1,,USACE - New Orleans,"Neigborhood Grocery, structure, fresh water, long duration",,HazusFloodDamageFunctions_Hazus61.xlsx,flBldgStrucDmgFn,318
fl-6.1-structure-319,fl,6.1,structure,COM1,,USACE - New Orleans,"Neigborhood Grocery, structure, fresh water, short duration",,HazusFloodDamageFunctions_Hazus61.xlsx,flBldgStrucDmgFn,319
fl-6.1-structure-320,fl,6.1,structure,COM1,,USACE - New Orleans,"Neigborhood Grocery, structure, composite water & duration",,HazusFloodDamageFunctions_Hazus61.xlsx,flBldgStrucDmgFn,320
fl-6.1-structure-321,fl,6.1,structure,COM1,,USACE - New Orleans,"Home Repair Store, structure, salt water, long duration",,HazusFloodDamageFunctions_Hazus61.xlsx,flBldgStrucDmgFn,321
fl-6.1-structure-322,fl,6.1,structure,COM1,,USACE - New Orleans,"Home Repair Store, structure, salt water, short duration",,HazusFloodDamageFunctions_Hazus61.xlsx,flBldgStrucDmgFn,322
fl-6.1-structure-323,fl,6.1,structure,COM1,,USACE - New Orleans,"Home Repair Store, structure, fresh water, long duration",,HazusFloodDamageFunctions_Hazus61.xlsx,flBldgStrucDmgFn,323
fl-6.1-structure-324,fl,6.1,structure,COM1,,USACE - New Orleans,"Home Repair Store, structure, fresh water, short duration",,HazusFloodDamageFunctions_Hazus61.xlsx,flBldgStrucDmgFn,324
fl-6.1-structure-325,fl,6.1,structure,COM1,,USACE - New Orleans,"Home Repair Store, structure, composite water & duration",,HazusFloodDamageFunctions_Hazus61.xlsx,flBldgStrucDmgFn,325
fl-6.1-structure-326,fl,6.1,structure,COM1,,USACE - New Orleans,"Liquor Store, structure, salt water, long duration",,HazusFloodDamageFunctions_Hazus61.xlsx,flBldgStrucDmgFn,326
fl-6.1-structure-327,fl,6.1,structure,COM1,,USACE - New Orleans,"Liquor Store, structure, salt water, short duration",,HazusFloodDamageFunctions_Hazus61.xlsx,flBldgStrucDmgFn,327
fl-6.1-structure-328,fl,6.1,structure,COM1,,USACE - New Orleans,"Liquor Store, structure, fresh water, long duration",,HazusFloodDamageFunctions_Hazus61.xlsx,flBldgStrucDmgFn,328
fl-6.1-structure-329,fl,6.1,structure,COM1,,USACE - New Orleans,"Liquor Store, structure, fresh water, short duration",,HazusFloodDamageFunctions_Hazus61.xlsx,flBldgStrucDmgFn,329
fl-6.1-structure-330,fl,6.1,structure,COM1,,USACE - New Orleans,"Liquor Store, structure, composite water & duration",,HazusFloodDamageFunctions_Hazus61.xlsx,flBldgStrucDmgFn,330
fl-6.1-structure-331,fl,6.1,structure,COM1,,USACE - New Orleans,"Shoe Store, structure, salt water, long duration",,HazusFloodDamageFunctions_Hazus61.xlsx,flBldgStrucDmgFn,331
fl-6.1-structure-332,fl,6.1,structure,COM1,,USACE - New Orleans,"Shoe Store, structure, salt water, short duration",,HazusFloodDamageFunctions_Hazus61.xlsx,flBldgStrucDmgFn,332
fl-6.1-structure-333,fl,6.1,structure,COM1,,USACE - New Orleans,"Shoe Store, structure, fresh water, long duration",,HazusFloodDamageFunctions_Hazus61.xlsx,flBldgStrucDmgFn,333
fl-6.1-structure-334,fl,6.1,structure,COM1,,USACE - New Orleans,"Shoe Store, structure, fresh water, short duration",,HazusFloodDamageFunctions_Hazus61.xlsx,flBldgStrucDmgFn,334
fl-6.1-structure-335,fl,6.1,structure,COM1,,USACE - New Orleans,"Shoe Store, structure, composite water & duration",,HazusFloodDamageFunctions_Hazus61.xlsx,flBldgStrucDmgFn,335
fl-6.1-structure-336,fl,6.1,structure,COM1,,USACE - New Orleans,"Wine Store, structure, salt water, long duration",,HazusFloodDamageFunctions_Hazus61.xlsx,flBldgStrucDmgFn,336
fl-6.1-structure-337,fl,6.1,structure,COM1,,USACE - New Orleans,"Wine Store, structure, salt water, short duration",,HazusFloodDamageFunctions_Hazus61.xlsx,flBldgStrucDmgFn,337
fl-6.1-structure-338,fl,6.1,structure,COM1,,USACE - New Orleans,"Wine Store, structure, fresh water, long duration",,HazusFloodDamageFunctions_Hazus61.xlsx,flBldgStrucDmgFn,338
fl-6.1-structure-339,fl,6.1,structure,COM1,,USACE - New Orleans,"Wine Store, structure, fresh water, short duration",,HazusFloodDamageFunctions_Hazus61.xlsx,flBldgStrucDmgFn,339
fl-6.1-structure-340,fl,6.1,structure,COM1,,USACE - New Orleans,"Wine Store, structure, composite water & duration",,HazusFloodDamageFunctions_Hazus61.xlsx,flBldgStrucDmgFn,340
fl-6.1-structure-341,fl,6.1,structure,COM2,,USACE - Galveston,"Average wholesale, Structure",,HazusFloodDamageFunctions_Hazus61.xlsx,flBldgStrucDmgFn,341
fl-6.1-structure-342,fl,6.1,structure,COM2,,USACE - Galveston,"Auto Parts, structure",,HazusFloodDamageFunctions_Hazus61.xlsx,flBldgStrucDmgFn,342
fl-6.1-structure-343,fl,6.1,structure,COM2,,USACE - Galveston,"Auto Parts/Mufflers, structure",,HazusFloodDamageFunctions_Hazus61.xlsx,flBldgStrucDmgFn,343
fl-6.1-structure-344,fl,6.1,structure,COM2,,USACE - Galveston,"Heavy Equipment Storage, structure",,HazusFloodDamageFunctions_Hazus61.xlsx,flBldgStrucDmgFn,344
fl-6.1-structure-345,fl,6.1,structure,COM2,,USACE - Galveston,"Food Warehouse, structure",,HazusFloodDamageFunctions_Hazus61.xlsx,flBldgStrucDmgFn,345
fl-6.1-structure-346,fl,6.1,structure,COM2,,USACE - Galveston,"Jewelry, structure",,HazusFloodDamageFunctions_Hazus61.xlsx,flBldgStrucDmgFn,346
fl-6.1-structure-347,fl,6.1,structure,COM2,,USACE - Galveston,"Lumber Yard, structure",,HazusFloodDamageFunctions_Hazus61.xlsx,flBldgStrucDmgFn,347
fl-6.1-structure-348,fl,6.1,structure,COM2,,USACE - Galveston,"Medical Supplies, structure",,HazusFloodDamageFunctions_Hazus61.xlsx,flBldgStrucDmgFn,348
fl-6.1-structure-349,fl,6.1,structure,COM2,,USACE - Galveston,"Municipal Storage Warehouse, structure",,HazusFloodDamageFunctions_Hazus61.xlsx,flBldgStrucDmgFn,349
fl-6.1-structure-350,fl,6.1,structure,COM2,,USACE - Galveston,"Paper Products Warehouse, structure",,HazusFloodDamageFunctions_Hazus61.xlsx,flBldgStrucDmgFn,350
fl-6.1-structure-351,fl,6.1,structure,COM2,,USACE - Galveston,"Private Storage, structure",,HazusFloodDamageFunctions_Hazus61.xlsx,flBldgStrucDmgFn,351
fl-6.1-structure-352,fl,6.1,structure,COM2,,USACE - Galveston,"Quonset Hut Storage, structure",,HazusFloodDamageFunctions_Hazus61.xlsx,flBldgStrucDmgFn,352
fl-6.1-structure-353,fl,6.1,structure,COM2,,USACE - Galveston,"Safety Equipment, structure",,HazusFloodDamageFunctions_Hazus61.xlsx,flBldgStrucDmgFn,353
fl-6.1-structure-354,fl,6.1,structure,COM2,,USACE - Galveston,"Sporting Goods, structure",,HazusFloodDamageFunctions_Hazus61.xlsx,flBldgStrucDmgFn,354
fl-6.1-structure-355,fl,6.1,structure,COM2,,USACE - Galveston,"Sporting Goods Warehouse, structure",,HazusFloodDamageFunctions_Hazus61.xlsx,flBldgStrucDmgFn,355
fl-6.1-structure-356,fl,6.1,structure,COM2,,USACE - Galveston,"Machine Parts Storage, structure",,HazusFloodDamageFunctions_Hazus61.xlsx,flBldgStrucDmgFn,356
fl-6.1-structure-357,fl,6.1,structure,COM2,,USACE - Galveston,"T.V. Station, structure",,HazusFloodDamageFunctions_Hazus61.xlsx,flBldgStrucDmgFn,357
fl-6.1-structure-358,fl,6.1,structure,COM2,,USACE - Galveston,"T.V. Repair, structure",,HazusFloodDamageFunctions_Hazus61.xlsx,flBldgStrucDmgFn,358
fl-6.1-structure-359,fl,6.1,structure,COM2,,USACE - Galveston,"Trailer Parts, structure",,HazusFloodDamageFunctions_Hazus61.xlsx,flBldgStrucDmgFn,359
fl-6.1-structure-360,fl,6.1,structure,COM2,,USACE - Galveston,"Warehouse, structure",,HazusFloodDamageFunctions_Hazus61.xlsx,flBldgStrucDmgFn,360
fl-6.1-structure-361,fl,6.1,structure,COM2,,USACE - Galveston,"Beer Warehouse, structure",,HazusFloodDamageFunctions_Hazus61.xlsx,flBldgStrucDmgFn,361
fl-6.1-structure-362,fl,6.1,structure,COM2,,USACE - Galveston,"Bottled Gases Warehouse, structure",,HazusFloodDamageFunctions_Hazus61.xlsx,flBldgStrucDmgFn,362
fl-6.1-structure-363,fl,6.1,structure,COM2,,USACE - Galveston,"Western Auto, structure",,HazusFloodDamageFunctions_Hazus61.xlsx,flBldgStrucDmgFn,363
fl-6.1-structure-364,fl,6.1,structure,COM2,,USACE - New Orleans,"Warehouse, structure, salt water, long duration",,HazusFloodDamageFunctions_Hazus61.xlsx,flBldgStrucDmgFn,364
fl-6.1-structure-365,fl,6.1,structure,COM2,,USACE - New Orleans,"Warehouse, structure, salt water, short duration",,HazusFloodDamageFunctions_Hazus61.xlsx,flBldgStrucDmgFn,365
fl-6.1-structure-366,fl,6.1,structure,COM2,,USACE - New Orleans,"Warehouse, structure, fresh water, long duration",,HazusFloodDamageFunctions_Hazus61.xlsx,flBldgStrucDmgFn,366
fl-6.1-structure-367,fl,6.1,structure,COM2,,USACE - New Orleans,"Warehouse, structure, fresh water, short duration",,HazusFloodDamageFunctions_Hazus61.xlsx,flBldgStrucDmgFn,367
fl-6.1-structure-368,fl,6.1,structure,COM2,,USACE - New Orleans,"Warehouse, structure, composite water & duration",,HazusFloodDamageFunctions_Hazus61.xlsx,flBldgStrucDmgFn,368
fl-6.1-structure-369,fl,6.1,structure,COM2,,USACE - St. Paul,"Warehouse, structure, fresh water",,HazusFloodDamageFunctions_Hazus61.xlsx,flBldgStrucDmgFn,369
fl-6.1-structure-370,fl,6.1,structure,COM2,,USACE - Wilmington,"Auto Junk Yard, structure",,HazusFloodDamageFunctions_Hazus61.xlsx,flBldgStrucDmgFn,370
fl-6.1-structure-371,fl,6.1,structure,COM2,,USACE - Wilmington,"Auto Parts, structure",,HazusFloodDamageFunctions_Hazus61.xlsx,flBldgStrucDmgFn,371
fl-6.1-structure-372,fl,6.1,structure,COM2,,USACE - Wilmington,"Jewelry, structure",,HazusFloodDamageFunctions_Hazus61.xlsx,flBldgStrucDmgFn,372
fl-6.1-structure-373,fl,6.1,structure,COM2,,USACE - Wilmington,"Lumber, structure",,HazusFloodDamageFunctions_Hazus61.xlsx,flBldgStrucDmgFn,373
fl-6.1-structure-374,fl,6.1,structure,COM2,,USACE - Wilmington,"Warehouse, structure",,HazusFloodDamageFunctions_Hazus61.xlsx,flBldgStrucDmgFn,374
fl-6.1-structure-375,fl,6.1,structure,COM3,,USACE - Galveston,"Average Personal & Repair Services, Structure",,HazusFloodDamageFunctions_Hazus61.xlsx,flBldgStrucDmgFn,375
fl-6.1-structure-376,fl,6.1,structure,COM3,,USACE - Galveston,"Barber Shop, structure",,HazusFloodDamageFunctions_Hazus61.xlsx,flBldgStrucDmgFn,376
fl-6.1-structure-377,fl,6.1,structure,COM3,,USACE - Galveston,"Beauty Shop, structure",,HazusFloodDamageFunctions_Hazus61.xlsx,flBldgStrucDmgFn,377
fl-6.1-structure-378,fl,6.1,structure,COM3,,USACE - Galveston,"Boat Service, structure",,HazusFloodDamageFunctions_Hazus61.xlsx,flBldgStrucDmgFn,378
fl-6.1-structure-379,fl,6.1,structure,COM3,,USACE - Galveston,"Car Wash, structure",,HazusFloodDamageFunctions_Hazus61.xlsx,flBldgStrucDmgFn,379
fl-6.1-structure-380,fl,6.1,structure,COM3,,USACE - Galveston,"Cemetary, structure",,HazusFloodDamageFunctions_Hazus61.xlsx,flBldgStrucDmgFn,380
fl-6.1-structure-381,fl,6.1,structure,COM3,,USACE - Galveston,"Cleaners, structure",,HazusFloodDamageFunctions_Hazus61.xlsx,flBldgStrucDmgFn,381
fl-6.1-structure-382,fl,6.1,structure,COM3,,USACE - Galveston,"Cleaners substation, structure",,HazusFloodDamageFunctions_Hazus61.xlsx,flBldgStrucDmgFn,382
fl-6.1-structure-383,fl,6.1,structure,COM3,,USACE - Galveston,"Private Day Care, structure",,HazusFloodDamageFunctions_Hazus61.xlsx,flBldgStrucDmgFn,383
fl-6.1-structure-384,fl,6.1,structure,COM3,,USACE - Galveston,"Funeral Home, structure",,HazusFloodDamageFunctions_Hazus61.xlsx,flBldgStrucDmgFn,384
fl-6.1-structure-385,fl,6.1,structure,COM3,,USACE - Galveston,"Laundry, structure",,HazusFloodDamageFunctions_Hazus61.xlsx,flBldgStrucDmgFn,385
fl-6.1-structure-386,fl,6.1,structure,COM3,,USACE - Galveston,"Photo Studio, structure",,HazusFloodDamageFunctions_Hazus61.xlsx,flBldgStrucDmgFn,386
fl-6.1-structure-387,fl,6.1,structure,COM3,,USACE - Galveston,"Truck Mfg & Sales, structure",,HazusFloodDamageFunctions_Hazus61.xlsx,flBldgStrucDmgFn,387
fl-6.1-structure-388,fl,6.1,structure,COM3,,USACE - Galveston,"Washateria, structure",,HazusFloodDamageFunctions_Hazus61.xlsx,flBldgStrucDmgFn,388
fl-6.1-structure-389,fl,6.1,structure,COM3,,USACE - New Orleans,"Auto Repair, structure, salt water, long duration",,HazusFloodDamageFunctions_Hazus61.xlsx,flBldgStrucDmgFn,389
fl-6.1-structure-390,fl,6.1,structure,COM3,,USACE - New Orleans,"Auto Repair, structure, salt water, short duration",,HazusFloodDamageFunctions_Hazus61.xlsx,flBldgStrucDmgFn,390
fl-6.1-structure-391,fl,6.1,structure,COM3,,USACE - New Orleans,"Auto Repair, structure, fresh water, long duration",,HazusFloodDamageFunctions_Hazus61.xlsx,flBldgStrucDmgFn,391
fl-6.1-structure-392,fl,6.1,structure,COM3,,USACE - New Orleans,"Auto Repair, structure, fresh water, short duration",,HazusFloodDamageFunctions_Hazus61.xlsx,flBldgStrucDmgFn,392
fl-6.1-structure-393,fl,6.1,structure,COM3,,USACE - New Orleans,"Auto Repair, structure, composite water & duration",,HazusFloodDamageFunctions_Hazus61.xlsx,flBldgStrucDmgFn,393
fl-6.1-structure-394,fl,6.1,structure,COM3,,USACE - New Orleans,"Barber Shop, structure, salt water, long duration",,HazusFloodDamageFunctions_Hazus61.xlsx,flBldgStrucDmgFn,394
fl-6.1-structure-395,fl,6.1,structure,COM3,,USACE - New Orleans,"Barber Shop, structure, salt water, short duration",,HazusFloodDamageFunctions_Hazus61.xlsx,flBldgStrucDmgFn,395
fl-6.1-structure-396,fl,6.1,structure,COM3,,USACE - New Orleans,"Barber Shop, structure, fresh water, long duration",,HazusFloodDamageFunctions_Hazus61.xlsx,flBldgStrucDmgFn,396
fl-6.1-structure-397,fl,6.1,structure,COM3,,USACE - New Orleans,"Barber Shop, structure, fresh water, short duration",,HazusFloodDamageFunctions_Hazus61.xlsx,flBldgStrucDmgFn,397
fl-6.1-structure-398,fl,6.1,structure,COM3,,USACE - New Orleans,"Barber Shop, structure, composite water & duration",,HazusFloodDamageFunctions_Hazus61.xlsx,flBldgStrucDmgFn,398
fl-6.1-structure-399,fl,6.1,structure,COM3,,USACE - New Orleans,"Beauty Salon, structure, salt water, long duration",,HazusFloodDamageFunctions_Hazus61.xlsx,flBldgStrucDmgFn,399
fl-6.1-structure-400,fl,6.1,structure,COM3,,USACE - New Orleans,"Beauty Salon, structure, salt water, short duration",,HazusFloodDamageFunctions_Hazus61.xlsx,flBldgStrucDmgFn,400
fl-6.1-structure-401,fl,6.1,structure,COM3,,USACE - New Orleans,"Beauty Salon, structure, fresh water, long duration",,HazusFloodDamageFunctions_Hazus61.xlsx,flBldgStrucDmgFn,401
fl-6.1-structure-402,fl,6.1,structure,COM3,,USACE - New Orleans,"Beauty Salon, structure, fresh water, short duration",,HazusFloodDamageFunctions_Hazus61.xlsx,flBldgStrucDmgFn,402
fl-6.1-structure-403,fl,6.1,structure,COM3,,USACE - New Orleans,"Beauty Salon, structure, composite water & duration",,HazusFloodDamageFunctions_Hazus61.xlsx,flBldgStrucDmgFn,403
fl-6.1-structure-404,fl,6.1,structure,COM3,,USACE - New Orleans,"Funeral Home, structure, salt water, long duration",,HazusFloodDamageFunctions_Hazus61.xlsx,flBldgStrucDmgFn,404
fl-6.1-structure-405,fl,6.1,structure,COM3,,USACE - New Orleans,"Funeral Home, structure, salt water, short duration",,HazusFloodDamageFunctions_Hazus61.xlsx,flBldgStrucDmgFn,405
fl-6.1-structure-406,fl,6.1,structure,COM3,,USACE - New Orleans,"Funeral Home, structure, fresh water, long duration",,HazusFloodDamageFunctions_Hazus61.xlsx,flBldgStrucDmgFn,406
fl-6.1-structure-407,fl,6.1,structure,COM3,,USACE - New Orleans,"Funeral Home, structure, fresh water, short duration",,HazusFloodDamageFunctions_Hazus61.xlsx,flBldgStrucDmgFn,407
fl-6.1-structure-408,fl,6.1,structure,COM3,,USACE - New Orleans,"Funeral Home, structure, composite water & duration",,HazusFloodDamageFunctions_Hazus61.xlsx,flBldgStrucDmgFn,408
fl-6.1-structure-409,fl,6.1,structure,COM3,,USACE - New Orleans,"Laundromat, structure, salt water, long duration",,HazusFloodDamageFunctions_Hazus61.xlsx,flBldgStrucDmgFn,409
fl-6.1-structure-410,fl,6.1,structure,COM3,,USACE - New Orleans,"Laundromat, structure, salt water, short duration",,HazusFloodDamageFunctions_Hazus61.xlsx,flBldgStrucDmgFn,410
fl-6.1-structure-411,fl,6.1,structure,COM3,,USACE - New Orleans,"Laundromat, structure, fresh water, long duration",,HazusFloodDamageFunctions_Hazus61.xlsx,flBldgStrucDmgFn,411
fl-6.1-structure-412,fl,6.1,structure,COM3,,USACE - New Orleans,"Laundromat, structure, fresh water, short duration",,HazusFloodDamageFunctions_Hazus61.xlsx,flBldgStrucDmgFn,412
fl-6.1-structure-413,fl,6.1,structure,COM3,,USACE - New Orleans,"Laundromat, structure, composite water & duration",,HazusFloodDamageFunctions_Hazus61.xlsx,flBldgStrucDmgFn,413
fl-6.1-structure-414,fl,6.1,structure,COM3,,USACE - New Orleans,"Reupholstery, structure, salt water, long duration",,HazusFloodDamageFunctions_Hazus61.xlsx,flBldgStrucDmgFn,414
fl-6.1-structure-415,fl,6.1,structure,COM3,,USACE - New Orleans,"Reupholstery, structure, salt water, short duration",,HazusFloodDamageFunctions_Hazus61.xlsx,flBldgStrucDmgFn,415
fl-6.1-structure-416,fl,6.1,structure,COM3,,USACE - New Orleans,"Reupholstery, structure, fresh water, long duration",,HazusFloodDamageFunctions_Hazus61.xlsx,flBldgStrucDmgFn,416
fl-6.1-structure-417,fl,6.1,structure,COM3,,USACE - New Orleans,"Reupholstery, structure, fresh water, short duration",,HazusFloodDamageFunctions_Hazus61.xlsx,flBldgStrucDmgFn,417
fl-6.1-structure-418,fl,6.1,structure,COM3,,USACE - New Orleans,"Reupholstery, structure, composite water & duration",,HazusFloodDamageFunctions_Hazus61.xlsx,flBldgStrucDmgFn,418
fl-6.1-structure-419,fl,6.1,structure,COM3,,USACE - New Orleans,"Watch Repair, structure, salt water, long duration",,HazusFloodDamageFunctions_Hazus61.xlsx,flBldgStrucDmgFn,419
fl-6.1-structure-420,fl,6.1,structure,COM3,,USACE - New Orleans,"Watch Repair, structure, salt water, short duration",,HazusFloodDamageFunctions_Hazus61.xlsx,flBldgStrucDmgFn,420
fl-6.1-structure-421,fl,6.1,structure,COM3,,USACE - New Orleans,"Watch Repair, structure, fresh water, long duration",,HazusFloodDamageFunctions_Hazus61.xlsx,flBldgStrucDmgFn,421
fl-6.1-structure-422,fl,6.1,structure,COM3,,USACE - New Orleans,"Watch Repair, structure, fresh water, short duration",,HazusFloodDamageFunctions_Hazus61.xlsx,flBldgStrucDmgFn,422
fl-6.1-structure-423,fl,6.1,structure,COM3,,USACE - New Orleans,"Watch Repair, structure, composite water & duration",,HazusFloodDamageFunctions_Hazus61.xlsx,flBldgStrucDmgFn,423
fl-6.1-structure-424,fl,6.1,structure,COM3,,USACE - Wilmington,"Barber Shop, structure",,HazusFloodDamageFunctions_Hazus61.xlsx,flBldgStrucDmgFn,424
fl-6.1-structure-425,fl,6.1,structure,COM3,,USACE - Wilmington,"Beauty Shop, structure",,HazusFloodDamageFunctions_Hazus61.xlsx,flBldgStrucDmgFn,425
fl-6.1-structure-426,fl,6.1,structure,COM3,,USACE - Wilmington,"Cleaners, structure",,HazusFloodDamageFunctions_Hazus61.xlsx,flBldgStrucDmgFn,426
fl-6.1-structure-427,fl,6.1,structure,COM3,,USACE - Wilmington,"Cleaners-substation, structure",,HazusFloodDamageFunctions_Hazus61.xlsx,flBldgStrucDmgFn,427
fl-6.1-structure-428,fl,6.1,structure,COM3,,USACE - Wilmington,"Funeral Home, structure",,HazusFloodDamageFunctions_Hazus61.xlsx,flBldgStrucDmgFn,428
fl-6.1-structure-429,fl,6.1,structure,COM3,,USACE - Wilmington,"Laundry, structure",,HazusFloodDamageFunctions_Hazus61.xlsx,flBldgStrucDmgFn,429
fl-6.1-structure-430,fl,6.1,structure,COM3,,USACE - Wilmington,"Wash-a-teria, structure",,HazusFloodDamageFunctions_Hazus61.xlsx,flBldgStrucDmgFn,430
fl-6.1-structure-431,fl,6.1,structure,COM4,,USACE - Galveston,"Average Prof/Tech Services, Structure",,HazusFloodDamageFunctions_Hazus61.xlsx,flBldgStrucDmgFn,431
fl-6.1-structure-432,fl,6.1,structure,COM4,,USACE - Galveston,"Airport, structure",,HazusFloodDamageFunctions_Hazus61.xlsx,flBldgStrucDmgFn,432
fl-6.1-structure-433,fl,6.1,structure,COM4,,USACE - Galveston,"Boat Stalls, structure",,HazusFloodDamageFunctions_Hazus61.xlsx,flBldgStrucDmgFn,433
fl-6.1-structure-434,fl,6.1,structure,COM4,,USACE - Galveston,"Boat Storage, structure",,HazusFloodDamageFunctions_Hazus61.xlsx,flBldgStrucDmgFn,434
fl-6.1-structure-435,fl,6.1,structure,COM4,,USACE - Galveston,"Business, Structure",,HazusFloodDamageFunctions_Hazus61.xlsx,flBldgStrucDmgFn,435
fl-6.1-structure-436,fl,6.1,structure,COM4,,USACE - Galveston,"Filtering Plant, structure",,HazusFloodDamageFunctions_Hazus61.xlsx,flBldgStrucDmgFn,436
fl-6.1-structure-437,fl,6.1,structure,COM4,,USACE - Galveston,"Import Sales, structure",,HazusFloodDamageFunctions_Hazus61.xlsx,flBldgStrucDmgFn,437
fl-6.1-structure-438,fl,6.1,structure,COM4,,USACE - Galveston,"Big Office Commercial, structure",,HazusFloodDamageFunctions_Hazus61.xlsx,flBldgStrucDmgFn,438
fl-6.1-structure-439,fl,6.1,structure,COM4,,USACE - Galveston,"Piers, structure",,HazusFloodDamageFunctions_Hazus61.xlsx,flBldgStrucDmgFn,439
fl-6.1-structure-440,fl,6.1,structure,COM4,,USACE - Galveston,"Sewage Treatment, structure",,HazusFloodDamageFunctions_Hazus61.xlsx,flBldgStrucDmgFn,440
fl-6.1-structure-441,fl,6.1,structure,COM4,,USACE - Galveston,"Transport Company, structure",,HazusFloodDamageFunctions_Hazus61.xlsx,flBldgStrucDmgFn,441
fl-6.1-structure-442,fl,6.1,structure,COM4,,USACE - Galveston,"Utility Company, structure",,HazusFloodDamageFunctions_Hazus61.xlsx,flBldgStrucDmgFn,442
fl-6.1-structure-443,fl,6.1,structure,COM4,,USACE - New Orleans,"Accounting Firm, structure, salt water, long duration",,HazusFloodDamageFunctions_Hazus61.xlsx,flBldgStrucDmgFn,443
fl-6.1-structure-444,fl,6.1,structure,COM4,,USACE - New Orleans,"Accounting Firm, structure, salt water, short duration",,HazusFloodDamageFunctions_Hazus61.xlsx,flBldgStrucDmgFn,444
fl-6.1-structure-445,fl,6.1,structure,COM4,,USACE - New Orleans,"Accounting Firm, structure, fresh water, long duration",,HazusFloodDamageFunctions_Hazus61.xlsx,flBldgStrucDmgFn,445
fl-6.1-structure-446,fl,6.1,structure,COM4,,USACE - New Orleans,"Accounting Firm, structure, fresh water, short duration",,HazusFloodDamageFunctions_Hazus61.xlsx,flBldgStrucDmgFn,446
fl-6.1-structure-447,fl,6.1,structure,COM4,,USACE - New Orleans,"Accounting Firm, structure, composite water & duration",,HazusFloodDamageFunctions_Hazus61.xlsx,flBldgStrucDmgFn,447
fl-6.1-structure-448,fl,6.1,structure,COM4,,USACE - New Orleans,"Legal Office, structure, salt water, long duration",,HazusFloodDamageFunctions_Hazus61.xlsx,flBldgStrucDmgFn,448
fl-6.1-structure-449,fl,6.1,structure,COM4,,USACE - New Orleans,"Legal Office, structure, salt water, short duration",,HazusFloodDamageFunctions_Hazus61.xlsx,flBldgStrucDmgFn,449
fl-6.1-structure-450,fl,6.1,structure,COM4,,USACE - New Orleans,"Legal Office, structure, fresh water, long duration",,HazusFloodDamageFunctions_Hazus61.xlsx,flBldgStrucDmgFn,450
fl-6.1-structure-451,fl,6.1,structure,COM4,,USACE - New Orleans,"Legal Office, structure, fresh water, short duration",,HazusFloodDamageFunctions_Hazus61.xlsx,flBldgStrucDmgFn,451
fl-6.1-structure-452,fl,6.1,structure,COM4,,USACE - New Orleans,"Legal Office, structure, composite water & duration",,HazusFloodDamageFunctions_Hazus61.xlsx,flBldgStrucDmgFn,452
fl-6.1-structure-453,fl,6.1,structure,COM4,,USACE - New Orleans,"Real Estate Office, structure, salt water, long duration",,HazusFloodDamageFunctions_Hazus61.xlsx,flBldgStrucDmgFn,453
fl-6.1-structure-454,fl,6.1,structure,COM4,,USACE - New Orleans,"Real Estate Office, structure, salt water, short duration",,HazusFloodDamageFunctions_Hazus61.xlsx,flBldgStrucDmgFn,454
fl-6.1-structure-455,fl,6.1,structure,COM4,,USACE - New Orleans,"Real Estate Office, structure, fresh water, long duration",,HazusFloodDamageFunctions_Hazus61.xlsx,flBldgStrucDmgFn,455
fl-6.1-structure-456,fl,6.1,structure,COM4,,USACE - New Orleans,"Real Estate Office, structure, fresh water, short duration",,HazusFloodDamageFunctions_Hazus61.xlsx,flBldgStrucDmgFn,456
fl-6.1-structure-457,fl,6.1,structure,COM4,,USACE - New Orleans,"Real Estate Office, structure, composite water & duration",,HazusFloodDamageFunctions_Hazus61.xlsx,flBldgStrucDmgFn,457
fl-6.1-structure-458,fl,6.1,structure,COM4,,USACE - New Orleans,"Utility Company, structure, salt water, long duration",,HazusFloodDamageFunctions_Hazus61.xlsx,flBldgStrucDmgFn,458
fl-6.1-structure-459,fl,6.1,structure,COM4,,USACE - New Orleans,"Utility Company, structure, salt water, short duration",,HazusFloodDamageFunctions_Hazus61.xlsx,flBldgStrucDmgFn,459
fl-6.1-structure-460,fl,6.1,structure,COM4,,USACE - New Orleans,"Utility Company, structure, fresh water, long duration",,HazusFloodDamageFunctions_Hazus61.xlsx,flBldgStrucDmgFn,460
fl-6.1-structure-461,fl,6.1,structure,COM4,,USACE - New Orleans,"Utility Company, structure, fresh water, short duration",,HazusFloodDamageFunctions_Hazus61.xlsx,flBldgStrucDmgFn,461
fl-6.1-structure-462,fl,6.1,structure,COM4,,USACE - New Orleans,"Utility Company, structure, composite water & duration",,HazusFloodDamageFunctions_Hazus61.xlsx,flBldgStrucDmgFn,462
fl-6.1-structure-463,fl,6.1,structure,COM4,,USACE - St. Paul,"Professional, structure, fresh water",,HazusFloodDamageFunctions_Hazus61.xlsx,flBldgStrucDmgFn,463
fl-6.1-structure-464,fl,6.1,structure,COM4,,USACE - Wilmington,"Boat Stalls, structure",,HazusFloodDamageFunctions_Hazus61.xlsx,flBldgStrucDmgFn,464
fl-6.1-structure-465,fl,6.1,structure,COM4,,USACE - Wilmington,"Business, structure",,HazusFloodDamageFunctions_Hazus61.xlsx,flBldgStrucDmgFn,465
fl-6.1-structure-466,fl,6.1,structure,COM4,,USACE - Wilmington,"Office Building, structure",,HazusFloodDamageFunctions_Hazus61.xlsx,flBldgStrucDmgFn,466
fl-6.1-structure-467,fl,6.1,structure,COM5,,USACE - Galveston,"Bank, Structure",,HazusFloodDamageFunctions_Hazus61.xlsx,flBldgStrucDmgFn,467
fl-6.1-structure-468,fl,6.1,structure,COM5,,USACE - New Orleans,"Bank, Structure, salt water, long duration",,HazusFloodDamageFunctions_Hazus61.xlsx,flBldgStrucDmgFn,468
fl-6.1-structure-469,fl,6.1,structure,COM5,,USACE - New Orleans,"Bank, Structure, salt water, short duration",,HazusFloodDamageFunctions_Hazus61.xlsx,flBldgStrucDmgFn,469
fl-6.1-structure-470,fl,6.1,structure,COM5,,USACE - New Orleans,"Bank, tructure, fresh water, long duration",,HazusFloodDamageFunctions_Hazus61.xlsx,flBldgStrucDmgFn,470
fl-6.1-structure-471,fl,6.1,structure,COM5,,USACE - New Orleans,"Bank, Structure, fresh water, short duration",,HazusFloodDamageFunctions_Hazus61.xlsx,flBldgStrucDmgFn,471
fl-6.1-structure-472,fl,6.1,structure,COM5,,USACE - New Orleans,"Bank, Structure, composite water & duration",,HazusFloodDamageFunctions_Hazus61.xlsx,flBldgStrucDmgFn,472
fl-6.1-structure-473,fl,6.1,structure,COM5,,USACE - Wilmington,"Bank, Structure",,HazusFloodDamageFunctions_Hazus61.xlsx,flBldgStrucDmgFn,473
fl-6.1-structure-474,fl,6.1,structure,COM6,,USACE - Galveston,"Hospital, Structure",,HazusFloodDamageFunctions_Hazus61.xlsx,flBldgStrucDmgFn,474
fl-6.1-structure-475,fl,6.1,structure,COM7,,USACE - Galveston,"Average Medical Office, Structure",,HazusFloodDamageFunctions_Hazus61.xlsx,flBldgStrucDmgFn,475
fl-6.1-structure-476,fl,6.1,structure,COM7,,USACE - Galveston,"Doctor's Office, structure",,HazusFloodDamageFunctions_Hazus61.xlsx,flBldgStrucDmgFn,476
fl-6.1-structure-477,fl,6.1,structure,COM7,,USACE - Galveston,"Dentist's Office, structure",,HazusFloodDamageFunctions_Hazus61.xlsx,flBldgStrucDmgFn,477
fl-6.1-structure-478,fl,6.1,structure,COM7,,USACE - Galveston,"Chiropractic Clinic, structure",,HazusFloodDamageFunctions_Hazus61.xlsx,flBldgStrucDmgFn,478
fl-6.1-structure-479,fl,6.1,structure,COM7,,USACE - Galveston,"X-Ray Service, structure",,HazusFloodDamageFunctions_Hazus61.xlsx,flBldgStrucDmgFn,479
fl-6.1-structure-480,fl,6.1,structure,COM7,,USACE - Wilmington,"Medical Clinic, structure",,HazusFloodDamageFunctions_Hazus61.xlsx,flBldgStrucDmgFn,480
fl-6.1-structure-481,fl,6.1,structure,COM7,,USACE - Wilmington,"Doctor's Office, structure",,HazusFloodDamageFunctions_Hazus61.xlsx,flBldgStrucDmgFn,481
fl-6.1-structure-482,fl,6.1,structure,COM7,,USACE - Wilmington,"Dentist's Office, structure",,HazusFloodDamageFunctions_Hazus61.xlsx,flBldgStrucDmgFn,482
fl-6.1-structure-483,fl,6.1,structure,COM7,,USACE - New Orleans,"Medical Office, structure, salt water, long duration",,HazusFloodDamageFunctions_Hazus61.xlsx,flBldgStrucDmgFn,483
fl-6.1-structure-484,fl,6.1,structure,COM7,,USACE - New Orleans,"Medical Office, structure, salt water, short duration",,HazusFloodDamageFunctions_Hazus61.xlsx,flBldgStrucDmgFn,484
fl-6.1-structure-485,fl,6.1,structure,COM7,,USACE - New Orleans,"Medical Office, structure, fresh water, long duration",,HazusFloodDamageFunctions_Hazus61.xlsx,flBldgStrucDmgFn,485
fl-6.1-structure-486,fl,6.1,structure,COM7,,USACE - New Orleans,"Medical Office, structure, fresh water, short duration",,HazusFloodDamageFunctions_Hazus61.xlsx,flBldgStrucDmgFn,486
fl-6.1-structure-487,fl,6.1,structure,COM7,,USACE - New Orleans,"Medical Office, structure, composite water & duration",,HazusFloodDamageFunctions_Hazus61.xlsx,flBldgStrucDmgFn,487
fl-6.1-structure-488,fl,6.1,structure,COM7,,USACE - New Orleans,"Dentist's Office, structure, salt water, long duration",,HazusFloodDamageFunctions_Hazus61.xlsx,flBldgStrucDmgFn,488
fl-6.1-structure-489,fl,6.1,structure,COM7,,USACE - New Orleans,"Dentist's Office, structure, salt water, short duration",,HazusFloodDamageFunctions_Hazus61.xlsx,flBldgStrucDmgFn,489
fl-6.1-structure-490,fl,6.1,structure,COM7,,USACE - New Orleans,"Dentist's Office, structure, fresh water, long duration",,HazusFloodDamageFunctions_Hazus61.xlsx,flBldgStrucDmgFn,490
fl-6.1-structure-491,fl,6.1,structure,COM7,,USACE - New Orleans,"Dentist's Office, structure, fresh water, short duration",,HazusFloodDamageFunctions_Hazus61.xlsx,flBldgStrucDmgFn,491
fl-6.1-structure-492,fl,6.1,structure,COM7,,USACE - New Orleans,"Dentist's Office, structure, composite water & duration",,HazusFloodDamageFunctions_Hazus61.xlsx,flBldgStrucDmgFn,492
fl-6.1-structure-493,fl,6.1,structure,COM8,,USACE - Galveston,"Average Entertainment/Recreation, Structure",,HazusFloodDamageFunctions_Hazus61.xlsx,flBldgStrucDmgFn,493
fl-6.1-structure-494,fl,6.1,structure,COM8,,USACE - Galveston,"Fishing Party Boat, structure",,HazusFloodDamageFunctions_Hazus61.xlsx,flBldgStrucDmgFn,494
fl-6.1-structure-495,fl,6.1,structure,COM8,,USACE - Galveston,"Bowling Alley, structure",,HazusFloodDamageFunctions_Hazus61.xlsx,flBldgStrucDmgFn,495
fl-6.1-structure-496,fl,6.1,structure,COM8,,USACE - Galveston,"Country Club, structure",,HazusFloodDamageFunctions_Hazus61.xlsx,flBldgStrucDmgFn,496
fl-6.1-structure-497,fl,6.1,structure,COM8,,USACE - Galveston,"Private Golf Course, structure",,HazusFloodDamageFunctions_Hazus61.xlsx,flBldgStrucDmgFn,497
fl-6.1-structure-498,fl,6.1,structure,COM8,,USACE - Galveston,"Physical Fitness, structure",,HazusFloodDamageFunctions_Hazus61.xlsx,flBldgStrucDmgFn,498
fl-6.1-structure-499,fl,6.1,structure,COM8,,USACE - Galveston,"Private Pool, structure",,HazusFloodDamageFunctions_Hazus61.xlsx,flBldgStrucDmgFn,499
fl-6.1-structure-500,fl,6.1,structure,COM8,,USACE - Galveston,"Private Club, structure",,HazusFloodDamageFunctions_Hazus61.xlsx,flBldgStrucDmgFn,500
fl-6.1-structure-501,fl,6.1,structure,COM8,,USACE - Galveston,"Recreation Facilities, structure",,HazusFloodDamageFunctions_Hazus61.xlsx,flBldgStrucDmgFn,501
fl-6.1-structure-502,fl,6.1,structure,COM8,,USACE - Galveston,"Tavern, structure",,HazusFloodDamageFunctions_Hazus61.xlsx,flBldgStrucDmgFn,502
fl-6.1-structure-503,fl,6.1,structure,COM8,,USACE - Galveston,"Telephone Exchange, structure",,HazusFloodDamageFunctions_Hazus61.xlsx,flBldgStrucDmgFn,503
fl-6.1-structure-504,fl,6.1,structure,COM8,,USACE - Galveston,"Cafeteria Restaurant, structure",,HazusFloodDamageFunctions_Hazus61.xlsx,flBldgStrucDmgFn,504
fl-6.1-structure-505,fl,6.1,structure,COM8,,USACE - Galveston,"Drive-In Restaurant, structure",,HazusFloodDamageFunctions_Hazus61.xlsx,flBldgStrucDmgFn,505
fl-6.1-structure-506,fl,6.1,structure,COM8,,USACE - New Orleans,"Bowling Alley, structure, salt water, long duration",,HazusFloodDamageFunctions_Hazus61.xlsx,flBldgStrucDmgFn,506
fl-6.1-structure-507,fl,6.1,structure,COM8,,USACE - New Orleans,"Bowling Alley, structure, salt water, short duration",,HazusFloodDamageFunctions_Hazus61.xlsx,flBldgStrucDmgFn,507
fl-6.1-structure-508,fl,6.1,structure,COM8,,USACE - New Orleans,"Bowling Alley, structure, fresh water, long duration",,HazusFloodDamageFunctions_Hazus61.xlsx,flBldgStrucDmgFn,508
fl-6.1-structure-509,fl,6.1,structure,COM8,,USACE - New Orleans,"Bowling Alley, structure, fresh water, short duration",,HazusFloodDamageFunctions_Hazus61.xlsx,flBldgStrucDmgFn,509
fl-6.1-structure-510,fl,6.1,structure,COM8,,USACE - New Orleans,"Bowling Alley, structure, composite water & duration",,HazusFloodDamageFunctions_Hazus61.xlsx,flBldgStrucDmgFn,510
fl-6.1-structure-511,fl,6.1,structure,COM8,,USACE - New Orleans,"Fast Food Restaurant, structure, salt water, long duration",,HazusFloodDamageFunctions_Hazus61.xlsx,flBldgStrucDmgFn,511
fl-6.1-structure-512,fl,6.1,structure,COM8,,USACE - New Orleans,"Fast Food Restaurant, structure, salt water, short duration",,HazusFloodDamageFunctions_Hazus61.xlsx,flBldgStrucDmgFn,512
fl-6.1-structure-513,fl,6.1,structure,COM8,,USACE - New Orleans,"Fast Food Restaurant, structure, fresh water, long duration",,HazusFloodDamageFunctions_Hazus61.xlsx,flBldgStrucDmgFn,513
fl-6.1-structure-514,fl,6.1,structure,COM8,,USACE - New Orleans,"Fast Food Restaurant, structure, fresh water, short duration",,HazusFloodDamageFunctions_Hazus61.xlsx,flBldgStrucDmgFn,514
fl-6.1-structure-515,fl,6.1,structure,COM8,,USACE - New Orleans,"Fast Food Restaurant, structure, composite water & duration",,HazusFloodDamageFunctions_Hazus61.xlsx,flBldgStrucDmgFn,515
fl-6.1-structure-516,fl,6.1,structure,COM8,,USACE - New Orleans,"Full-Service Restaurant, structure, salt water, long duration",,HazusFloodDamageFunctions_Hazus61.xlsx,flBldgStrucDmgFn,516
fl-6.1-structure-517,fl,6.1,structure,COM8,,USACE - New Orleans,"Full-Service Restaurant, structure, salt water, short duration",,HazusFloodDamageFunctions_Hazus61.xlsx,flBldgStrucDmgFn,517
fl-6.1-structure-518,fl,6.1,structure,COM8,,USACE - New Orleans,"Full-Service Restaurant, structure, fresh water, long duration",,HazusFloodDamageFunctions_Hazus61.xlsx,flBldgStrucDmgFn,518
fl-6.1-structure-519,fl,6.1,structure,COM8,,USACE - New Orleans,"Full-Service Restaurant, structure, fresh water, short duration",,HazusFloodDamageFunctions_Hazus61.xlsx,flBldgStrucDmgFn,519
fl-6.1-structure-520,fl,6.1,structure,COM8,,USACE - New Orleans,"Full-Service Restaurant, structure, composite water & duration",,HazusFloodDamageFunctions_Hazus61.xlsx,flBldgStrucDmgFn,520
fl-6.1-structure-521,fl,6.1,structure,COM8,,USACE - New Orleans,"Lounge, structure, salt water, long duration",,HazusFloodDamageFunctions_Hazus61.xlsx,flBldgStrucDmgFn,521
fl-6.1-structure-522,fl,6.1,structure,COM8,,USACE - New Orleans,"Lounge, structure, salt water, short duration",,HazusFloodDamageFunctions_Hazus61.xlsx,flBldgStrucDmgFn,522
fl-6.1-structure-523,fl,6.1,structure,COM8,,USACE - New Orleans,"Lounge, structure, fresh water, long duration",,HazusFloodDamageFunctions_Hazus61.xlsx,flBldgStrucDmgFn,523
fl-6.1-structure-524,fl,6.1,structure,COM8,,USACE - New Orleans,"Lounge, structure, fresh water, short duration",,HazusFloodDamageFunctions_Hazus61.xlsx,flBldgStrucDmgFn,524
fl-6.1-structure-525,fl,6.1,structure,COM8,,USACE - New Orleans,"Lounge, structure, composite water & duration",,HazusFloodDamageFunctions_Hazus61.xlsx,flBldgStrucDmgFn,525
fl-6.1-structure-526,fl,6.1,structure,COM8,,USACE - St. Paul,"Recreation, structure, fresh water",,HazusFloodDamageFunctions_Hazus61.xlsx,flBldgStrucDmgFn,526
fl-6.1-structure-527,fl,6.1,structure,COM8,,USACE - Wilmington,"Bowling Alley, structure",,HazusFloodDamageFunctions_Hazus61.xlsx,flBldgStrucDmgFn,527
fl-6.1-structure-528,fl,6.1,structure,COM8,,USACE - Wilmington,"Private Club, structure",,HazusFloodDamageFunctions_Hazus61.xlsx,flBldgStrucDmgFn,528
fl-6.1-structure-529,fl,6.1,structure,COM8,,USACE - Wilmington,"T.V. Station, structure",,HazusFloodDamageFunctions_Hazus61.xlsx,flBldgStrucDmgFn,529
fl-6.1-structure-530,fl,6.1,structure,COM8,,USACE - Wilmington,"Tavern, structure",,HazusFloodDamageFunctions_Hazus61.xlsx,flBldgStrucDmgFn,530
fl-6.1-structure-531,fl,6.1,structure,COM8,,USACE - Wilmington,"Restaurant, structure",,HazusFloodDamageFunctions_Hazus61.xlsx,flBldgStrucDmgFn,531
fl-6.1-structure-532,fl,6.1,structure,COM9,,USACE - Galveston,"Average theatre, Structure",,HazusFloodDamageFunctions_Hazus61.xlsx,flBldgStrucDmgFn,532
fl-6.1-structure-533,fl,6.1,structure,COM9,,USACE - Galveston,"Private Hall, structure",,HazusFloodDamageFunctions_Hazus61.xlsx,flBldgStrucDmgFn,533
fl-6.1-structure-534,fl,6.1,structure,COM9,,USACE - Galveston,"Indoor Theater, structure",,HazusFloodDamageFunctions_Hazus61.xlsx,flBldgStrucDmgFn,534
fl-6.1-structure-535,fl,6.1,structure,COM9,,USACE - New Orleans,"Movie Theater, structure, salt water, long duration",,HazusFloodDamageFunctions_Hazus61.xlsx,flBldgStrucDmgFn,535
fl-6.1-structure-536,fl,6.1,structure,COM9,,USACE - New Orleans,"Movie Theater, structure, salt water, short duration",,HazusFloodDamageFunctions_Hazus61.xlsx,flBldgStrucDmgFn,536
fl-6.1-structure-537,fl,6.1,structure,COM9,,USACE - New Orleans,"Movie Theater, structure, fresh water, long duration",,HazusFloodDamageFunctions_Hazus61.xlsx,flBldgStrucDmgFn,537
fl-6.1-structure-538,fl,6.1,structure,COM9,,USACE - New Orleans,"Movie Theater, structure, fresh water, short duration",,HazusFloodDamageFunctions_Hazus61.xlsx,flBldgStrucDmgFn,538
fl-6.1-structure-539,fl,6.1,structure,COM9,,USACE - New Orleans,"Movie Theater, structure, composite water & duration",,HazusFloodDamageFunctions_Hazus61.xlsx,flBldgStrucDmgFn,539
fl-6.1-structure-540,fl,6.1,structure,COM9,,USACE - Wilmington,"Organization Hall, structure",,HazusFloodDamageFunctions_Hazus61.xlsx,flBldgStrucDmgFn,540
fl-6.1-structure-541,fl,6.1,structure,COM9,,USACE - Wilmington,"Theater, Structure",,HazusFloodDamageFunctions_Hazus61.xlsx,flBldgStrucDmgFn,541
fl-6.1-structure-542,fl,6.1,structure,COM9,,USACE - Wilmington,"Drive-In Theater, structure",,HazusFloodDamageFunctions_Hazus61.xlsx,flBldgStrucDmgFn,542
fl-6.1-structure-543,fl,6.1,structure,COM10,,USACE - Galveston,"Garage, structure",,HazusFloodDamageFunctions_Hazus61.xlsx,flBldgStrucDmgFn,543
fl-6.1-structure-544,fl,6.1,structure,COM10,,USACE - Wilmington,"Garage, structure",,HazusFloodDamageFunctions_Hazus61.xlsx,flBldgStrucDmgFn,544
fl-6.1-structure-545,fl,6.1,structure,IND1,,USACE - Galveston,"Average heavy industrial, Structure",,HazusFloodDamageFunctions_Hazus61.xlsx,flBldgStrucDmgFn,545
fl-6.1-structure-546,fl,6.1,structure,IND1,,USACE - Galveston,"Boiler Building, structure",,HazusFloodDamageFunctions_Hazus61.xlsx,flBldgStrucDmgFn,546
fl-6.1-structure-547,fl,6.1,structure,IND1,,USACE - Galveston,"Cabinet Shop Mfg, structure",,HazusFloodDamageFunctions_Hazus61.xlsx,flBldgStrucDmgFn,547
fl-6.1-structure-548,fl,6.1,structure,IND1,,USACE - Galveston,"Concrete Mfg, structure",,HazusFloodDamageFunctions_Hazus61.xlsx,flBldgStrucDmgFn,548
fl-6.1-structure-549,fl,6.1,structure,IND1,,USACE - Galveston,"Door Mfg, structure",,HazusFloodDamageFunctions_Hazus61.xlsx,flBldgStrucDmgFn,549
fl-6.1-structure-550,fl,6.1,structure,IND1,,USACE - Galveston,"Fabrication Shop, structure",,HazusFloodDamageFunctions_Hazus61.xlsx,flBldgStrucDmgFn,550
fl-6.1-structure-551,fl,6.1,structure,IND1,,USACE - Galveston,"Heat Exchanger Mfg, structure",,HazusFloodDamageFunctions_Hazus61.xlsx,flBldgStrucDmgFn,551
fl-6.1-structure-552,fl,6.1,structure,IND1,,USACE - Galveston,"Lumber Mill, structure",,HazusFloodDamageFunctions_Hazus61.xlsx,flBldgStrucDmgFn,552
fl-6.1-structure-553,fl,6.1,structure,IND1,,USACE - Galveston,"Heavy Machine Shop, structure",,HazusFloodDamageFunctions_Hazus61.xlsx,flBldgStrucDmgFn,553
fl-6.1-structure-554,fl,6.1,structure,IND1,,USACE - Galveston,"Metal Coatings Services, structure",,HazusFloodDamageFunctions_Hazus61.xlsx,flBldgStrucDmgFn,554
fl-6.1-structure-555,fl,6.1,structure,IND1,,USACE - Galveston,"Pipe Threader Facility, structure",,HazusFloodDamageFunctions_Hazus61.xlsx,flBldgStrucDmgFn,555
fl-6.1-structure-556,fl,6.1,structure,IND1,,USACE - Galveston,"Metal Recycling, structure",,HazusFloodDamageFunctions_Hazus61.xlsx,flBldgStrucDmgFn,556
fl-6.1-structure-557,fl,6.1,structure,IND1,,USACE - Galveston,"Research Lab-Machine, structure",,HazusFloodDamageFunctions_Hazus61.xlsx,flBldgStrucDmgFn,557
fl-6.1-structure-558,fl,6.1,structure,IND1,,USACE - Galveston,"Welding-Machine, structure",,HazusFloodDamageFunctions_Hazus61.xlsx,flBldgStrucDmgFn,558
fl-6.1-structure-559,fl,6.1,structure,IND2,,USACE - Galveston,"Average light industrial, structure",,HazusFloodDamageFunctions_Hazus61.xlsx,flBldgStrucDmgFn,559
fl-6.1-structure-560,fl,6.1,structure,IND2,,USACE - Galveston,"Battery Mfg, structure",,HazusFloodDamageFunctions_Hazus61.xlsx,flBldgStrucDmgFn,560
fl-6.1-structure-561,fl,6.1,structure,IND2,,USACE - Galveston,"Cooling Tower, structure",,HazusFloodDamageFunctions_Hazus61.xlsx,flBldgStrucDmgFn,561
fl-6.1-structure-562,fl,6.1,structure,IND2,,USACE - Galveston,"Electronic Equip Mfg, structure",,HazusFloodDamageFunctions_Hazus61.xlsx,flBldgStrucDmgFn,562
fl-6.1-structure-563,fl,6.1,structure,IND2,,USACE - Galveston,"Frame Shop, structure",,HazusFloodDamageFunctions_Hazus61.xlsx,flBldgStrucDmgFn,563
fl-6.1-structure-564,fl,6.1,structure,IND2,,USACE - Galveston,"Furniture Mfg, structure",,HazusFloodDamageFunctions_Hazus61.xlsx,flBldgStrucDmgFn,564
fl-6.1-structure-565,fl,6.1,structure,IND2,,USACE - Galveston,"Instrument Mfg, structure",,HazusFloodDamageFunctions_Hazus61.xlsx,flBldgStrucDmgFn,565
fl-6.1-structure-566,fl,6.1,structure,IND2,,USACE - Galveston,"Leather Goods Mfg, structure",,HazusFloodDamageFunctions_Hazus61.xlsx,flBldgStrucDmgFn,566
fl-6.1-structure-567,fl,6.1,structure,IND2,,USACE - Galveston,"Industrial Loading Dock, structure",,HazusFloodDamageFunctions_Hazus61.xlsx,flBldgStrucDmgFn,567
fl-6.1-structure-568,fl,6.1,structure,IND2,,USACE - Galveston,"Locker Bldg, structure",,HazusFloodDamageFunctions_Hazus61.xlsx,flBldgStrucDmgFn,568
fl-6.1-structure-569,fl,6.1,structure,IND2,,USACE - Galveston,"Maint Bldg-Mfg Facility, structure",,HazusFloodDamageFunctions_Hazus61.xlsx,flBldgStrucDmgFn,569
fl-6.1-structure-570,fl,6.1,structure,IND2,,USACE - Galveston,"Newspaper Print Plant, structure",,HazusFloodDamageFunctions_Hazus61.xlsx,flBldgStrucDmgFn,570
fl-6.1-structure-571,fl,6.1,structure,IND2,,USACE - Galveston,"Newspaper Sales Office, structure",,HazusFloodDamageFunctions_Hazus61.xlsx,flBldgStrucDmgFn,571
fl-6.1-structure-572,fl,6.1,structure,IND2,,USACE - Galveston,"Office-Manuf Facility, structure",,HazusFloodDamageFunctions_Hazus61.xlsx,flBldgStrucDmgFn,572
fl-6.1-structure-573,fl,6.1,structure,IND2,,USACE - Galveston,"Commercial Printing, structure",,HazusFloodDamageFunctions_Hazus61.xlsx,flBldgStrucDmgFn,573
fl-6.1-structure-574,fl,6.1,structure,IND2,,USACE - Wilmington,"Newspaper, structure",,HazusFloodDamageFunctions_Hazus61.xlsx,flBldgStrucDmgFn,574
fl-6.1-structure-575,fl,6.1,structure,IND3,,USACE - Galveston,"Average Food/Drug/Chem, Structure",,HazusFloodDamageFunctions_Hazus61.xlsx,flBldgStrucDmgFn,575
fl-6.1-structure-576,fl,6.1,structure,IND3,,USACE - Galveston,"Chemical Plant, structure",,HazusFloodDamageFunctions_Hazus61.xlsx,flBldgStrucDmgFn,576
fl-6.1-structure-577,fl,6.1,structure,IND3,,USACE - Galveston,"Chemical Plant Bonding, structure",,HazusFloodDamageFunctions_Hazus61.xlsx,flBldgStrucDmgFn,577
fl-6.1-structure-578,fl,6.1,structure,IND3,,USACE - Galveston,"Chemical refinery, structure",,HazusFloodDamageFunctions_Hazus61.xlsx,flBldgStrucDmgFn,578
fl-6.1-structure-579,fl,6.1,structure,IND3,,USACE - Galveston,"Feed Mill, structure",,HazusFloodDamageFunctions_Hazus61.xlsx,flBldgStrucDmgFn,579
fl-6.1-structure-580,fl,6.1,structure,IND3,,USACE - Galveston,"Food Processor, structure",,HazusFloodDamageFunctions_Hazus61.xlsx,flBldgStrucDmgFn,580
fl-6.1-structure-581,fl,6.1,structure,IND3,,USACE - Galveston,"Chemical Laboratory, structure",,HazusFloodDamageFunctions_Hazus61.xlsx,flBldgStrucDmgFn,581
fl-6.1-structure-582,fl,6.1,structure,IND3,,USACE - Galveston,"Detergent Manuf. Facility, structure",,HazusFloodDamageFunctions_Hazus61.xlsx,flBldgStrucDmgFn,582
fl-6.1-structure-583,fl,6.1,structure,IND3,,USACE - Galveston,"Meat Packing, structure",,HazusFloodDamageFunctions_Hazus61.xlsx,flBldgStrucDmgFn,583
fl-6.1-structure-584,fl,6.1,structure,IND3,,USACE - Galveston,"Oil Storage Tanks, structure",,HazusFloodDamageFunctions_Hazus61.xlsx,flBldgStrucDmgFn,584
fl-6.1-structure-585,fl,6.1,structure,IND3,,USACE - Galveston,"Plastic Mfg, structure",,HazusFloodDamageFunctions_Hazus61.xlsx,flBldgStrucDmgFn,585
fl-6.1-structure-586,fl,6.1,structure,IND4,,USACE - Galveston,"Average Metals/Minerals processing, structure",,HazusFloodDamageFunctions_Hazus61.xlsx,flBldgStrucDmgFn,586
fl-6.1-structure-587,fl,6.1,structure,IND4,,USACE - Galveston,"Foundry, structure",,HazusFloodDamageFunctions_Hazus61.xlsx,flBldgStrucDmgFn,587
fl-6.1-structure-588,fl,6.1,structure,IND4,,USACE - Galveston,"Refinery-Lead, structure",,HazusFloodDamageFunctions_Hazus61.xlsx,flBldgStrucDmgFn,588
fl-6.1-structure-589,fl,6.1,structure,IND4,,USACE - Galveston,"Sand & Gravel, structure",,HazusFloodDamageFunctions_Hazus61.xlsx,flBldgStrucDmgFn,589
fl-6.1-structure-590,fl,6.1,structure,IND4,,USACE - Galveston,"Sheet Metal, structure",,HazusFloodDamageFunctions_Hazus61.xlsx,flBldgStrucDmgFn,590
fl-6.1-structure-591,fl,6.1,structure,IND5,,USACE - Galveston,"Average High Technology, structure",,HazusFloodDamageFunctions_Hazus61.xlsx,flBldgStrucDmgFn,591
fl-6.1-structure-592,fl,6.1,structure,IND6,,USACE - Galveston,"Average Construction, structure",,HazusFloodDamageFunctions_Hazus61.xlsx,flBldgStrucDmgFn,592
fl-6.1-structure-593,fl,6.1,structure,IND6,,USACE - Galveston,"Carpet Tile Flooring, structure",,HazusFloodDamageFunctions_Hazus61.xlsx,flBldgStrucDmgFn,593
fl-6.1-structure-594,fl,6.1,structure,IND6,,USACE - Galveston,"Construction Co, structure",,HazusFloodDamageFunctions_Hazus61.xlsx,flBldgStrucDmgFn,594
fl-6.1-structure-595,fl,6.1,structure,IND6,,USACE - Galveston,"Contractor Roofing, structure",,HazusFloodDamageFunctions_Hazus61.xlsx,flBldgStrucDmgFn,595
fl-6.1-structure-596,fl,6.1,structure,IND6,,USACE - Galveston,"Contractor-Electric, structure",,HazusFloodDamageFunctions_Hazus61.xlsx,flBldgStrucDmgFn,596
fl-6.1-structure-597,fl,6.1,structure,IND6,,USACE - Galveston,"Pier Drilling Co, structure",,HazusFloodDamageFunctions_Hazus61.xlsx,flBldgStrucDmgFn,597
fl-6.1-structure-598,fl,6.1,structure,IND6,,USACE - Galveston,"Plumbing Co, structure",,HazusFloodDamageFunctions_Hazus61.xlsx,flBldgStrucDmgFn,598
fl-6.1-structure-599,fl,6.1,structure,IND6,,USACE - Galveston,"Sandblasting Co, structure",,HazusFloodDamageFunctions_Hazus61.xlsx,flBldgStrucDmgFn,599
fl-6.1-structure-600,fl,6.1,structure,IND6,,USACE - Galveston,"Water Well Service, structure",,HazusFloodDamageFunctions_Hazus61.xlsx,flBldgStrucDmgFn,600
fl-6.1-structure-601,fl,6.1,structure,IND6,,USACE - New Orleans,"Carpeting Service, structure, salt water, long duration",,HazusFloodDamageFunctions_Hazus61.xlsx,flBldgStrucDmgFn,601
fl-6.1-structure-602,fl,6.1,structure,IND6,,USACE - New Orleans,"Carpeting Service, structure, salt water, short duration",,HazusFloodDamageFunctions_Hazus61.xlsx,flBldgStrucDmgFn,602
fl-6.1-structure-603,fl,6.1,structure,IND6,,USACE - New Orleans,"Carpeting Service, structure, fresh water, long duration",,HazusFloodDamageFunctions_Hazus61.xlsx,flBldgStrucDmgFn,603
fl-6.1-structure-604,fl,6.1,structure,IND6,,USACE - New Orleans,"Carpeting Service, structure, fresh water, short duration",,HazusFloodDamageFunctions_Hazus61.xlsx,flBldgStrucDmgFn,604
fl-6.1-structure-605,fl,6.1,structure,IND6,,USACE - New Orleans,"Carpeting Service, structure, composite water & duration",,HazusFloodDamageFunctions_Hazus61.xlsx,flBldgStrucDmgFn,605
fl-6.1-structure-606,fl,6.1,structure,IND6,,USACE - New Orleans,"Heating & Air Conditioning Service, structure, salt water, long duration",,HazusFloodDamageFunctions_Hazus61.xlsx,flBldgStrucDmgFn,606
fl-6.1-structure-607,fl,6.1,structure,IND6,,USACE - New Orleans,"Heating & Air Conditioning Service, structure, salt water, short duration",,HazusFloodDamageFunctions_Hazus61.xlsx,flBldgStrucDmgFn,607
fl-6.1-structure-608,fl,6.1,structure,IND6,,USACE - New Orleans,"Heating & Air Conditioning Service, structure, fresh water, long duration",,HazusFloodDamageFunctions_Hazus61.xlsx,flBldgStrucDmgFn,608
fl-6.1-structure-609,fl,6.1,structure,IND6,,USACE - New Orleans,"Heating & Air Conditioning Service, structure, fresh water, short duration",,HazusFloodDamageFunctions_Hazus61.xlsx,flBldgStrucDmgFn,609
fl-6.1-structure-610,fl,6.1,structure,IND6,,USACE - New Orleans,"Heating & Air Conditioning Service, structure, composite water & duration",,HazusFloodDamageFunctions_Hazus61.xlsx,flBldgStrucDmgFn,610
fl-6.1-structure-611,fl,6.1,structure,IND6,,USACE - New Orleans,"Plumbing Services, structure, salt water, long duration",,HazusFloodDamageFunctions_Hazus61.xlsx,flBldgStrucDmgFn,611
fl-6.1-structure-612,fl,6.1,structure,IND6,,USACE - New Orleans,"Plumbing Services, structure, salt water, short duration",,HazusFloodDamageFunctions_Hazus61.xlsx,flBldgStrucDmgFn,612
fl-6.1-structure-613,fl,6.1,structure,IND6,,USACE - New Orleans,"Plumbing Services, structure, fresh water, long duration",,HazusFloodDamageFunctions_Hazus61.xlsx,flBldgStrucDmgFn,613
fl-6.1-structure-614,fl,6.1,structure,IND6,,USACE - New Orleans,"Plumbing Services, structure, fresh water, short duration",,HazusFloodDamageFunctions_Hazus61.xlsx,flBldgStrucDmgFn,614
fl-6.1-structure-615,fl,6.1,structure,IND6,,USACE - New Orleans,"Plumbing Services, structure, composite water & duration",,HazusFloodDamageFunctions_Hazus61.xlsx,flBldgStrucDmgFn,615
fl-6.1-structure-616,fl,6.1,structure,AGR1,,USACE - Galveston,"Average Agriculture, structure",,HazusFloodDamageFunctions_Hazus61.xlsx,flBldgStrucDmgFn,616
fl-6.1-structure-617,fl,6.1,structure,AGR1,,USACE - Galveston,"Horse Stalls, structure",,HazusFloodDamageFunctions_Hazus61.xlsx,flBldgStrucDmgFn,617
fl-6.1-structure-618,fl,6.1,structure,AGR1,,USACE - Galveston,"Veterinary Clinic, structure",,HazusFloodDamageFunctions_Hazus61.xlsx,flBldgStrucDmgFn,618
fl-6.1-structure-619,fl,6.1,structure,AGR1,,USACE - New Orleans,"Veterinary Office, structure, salt water, long duration",,HazusFloodDamageFunctions_Hazus61.xlsx,flBldgStrucDmgFn,619
fl-6.1-structure-620,fl,6.1,structure,AGR1,,USACE - New Orleans,"Veterinary Office, structure, salt water, short duration",,HazusFloodDamageFunctions_Hazus61.xlsx,flBldgStrucDmgFn,620
fl-6.1-structure-621,fl,6.1,structure,AGR1,,USACE - New Orleans,"Veterinary Office, structure, fresh water, long duration",,HazusFloodDamageFunctions_Hazus61.xlsx,flBldgStrucDmgFn,621
fl-6.1-structure-622,fl,6.1,structure,AGR1,,USACE - New Orleans,"Veterinary Office, structure, fresh water, short duration",,HazusFloodDamageFunctions_Hazus61.xlsx,flBldgStrucDmgFn,622
fl-6.1-structure-623,fl,6.1,structure,AGR1,,USACE - New Orleans,"Veterinary Office, structure, composite water & duration",,HazusFloodDamageFunctions_Hazus61.xlsx,flBldgStrucDmgFn,623
fl-6.1-structure-624,fl,6.1,structure,REL1,,USACE - Galveston,"Church, structure",,HazusFloodDamageFunctions_Hazus61.xlsx,flBldgStrucDmgFn,624
fl-6.1-structure-625,fl,6.1,structure,REL1,,USACE - New Orleans,"Civic Association, structure, salt water, long duration",,HazusFloodDamageFunctions_Hazus61.xlsx,flBldgStrucDmgFn,625
fl-6.1-structure-626,fl,6.1,structure,REL1,,USACE - New Orleans,"Civic Association, structure, salt water, short duration",,HazusFloodDamageFunctions_Hazus61.xlsx,flBldgStrucDmgFn,626
fl-6.1-structure-627,fl,6.1,structure,REL1,,USACE - New Orleans,"Civic Association, structure, fresh water, long duration",,HazusFloodDamageFunctions_Hazus61.xlsx,flBldgStrucDmgFn,627
fl-6.1-structure-628,fl,6.1,structure,REL1,,USACE - New Orleans,"Civic Association, structure, fresh water, short duration",,HazusFloodDamageFunctions_Hazus61.xlsx,flBldgStrucDmgFn,628
fl-6.1-structure-629,fl,6.1,structure,REL1,,USACE - New Orleans,"Civic Association, structure, composite water & duration",,HazusFloodDamageFunctions_Hazus61.xlsx,flBldgStrucDmgFn,629
fl-6.1-structure-630,fl,6.1,structure,REL1,,USACE - Wilmington,"Church, structure",,HazusFloodDamageFunctions_Hazus61.xlsx,flBldgStrucDmgFn,630
fl-6.1-structure-631,fl,6.1,structure,GOV1,,USACE - Galveston,"Average government services, structure",,HazusFloodDamageFunctions_Hazus61.xlsx,flBldgStrucDmgFn,631
fl-6.1-structure-632,fl,6.1,structure,GOV1,,USACE - Galveston,"City Hall, structure",,HazusFloodDamageFunctions_Hazus61.xlsx,flBldgStrucDmgFn,632
fl-6.1-structure-633,fl,6.1,structure,GOV1,,USACE - Galveston,"Post Office, structure",,HazusFloodDamageFunctions_Hazus61.xlsx,flBldgStrucDmgFn,633
fl-6.1-structure-634,fl,6.1,structure,GOV1,,USACE - New Orleans,"Government facility, structure, salt water, long duration",,HazusFloodDamageFunctions_Hazus61.xlsx,flBldgStrucDmgFn,634
fl-6.1-structure-635,fl,6.1,structure,GOV1,,USACE - New Orleans,"Government facility, structure, salt water, short duration",,HazusFloodDamageFunctions_Hazus61.xlsx,flBldgStrucDmgFn,635
fl-6.1-structure-636,fl,6.1,structure,GOV1,,USACE - New Orleans,"Government facility, structure, fresh water, long duration",,HazusFloodDamageFunctions_Hazus61.xlsx,flBldgStrucDmgFn,636
fl-6.1-structure-637,fl,6.1,structure,GOV1,,USACE - New Orleans,"Government facility, structure, fresh water, short duration",,HazusFloodDamageFunctions_Hazus61.xlsx,flBldgStrucDmgFn,637
fl-6.1-structure-638,fl,6.1,structure,GOV1,,USACE - New Orleans,"Government facility, structure, composite water & duration",,HazusFloodDamageFunctions_Hazus61.xlsx,flBldgStrucDmgFn,638
fl-6.1-structure-639,fl,6.1,structure,GOV1,,USACE - Wilmington,"Post Office, structure",,HazusFloodDamageFunctions_Hazus61.xlsx,flBldgStrucDmgFn,639
fl-6.1-structure-640,fl,6.1,structure,GOV2,,USACE - Galveston,"Average emergency response, Structure",,HazusFloodDamageFunctions_Hazus61.xlsx,flBldgStrucDmgFn,640
fl-6.1-structure-641,fl,6.1,structure,GOV2,,USACE - Galveston,"Fire Station, structure",,HazusFloodDamageFunctions_Hazus61.xlsx,flBldgStrucDmgFn,641
fl-6.1-structure-642,fl,6.1,structure,GOV2,,USACE - Galveston,"Police Station, structure",,HazusFloodDamageFunctions_Hazus61.xlsx,flBldgStrucDmgFn,642
fl-6.1-structure-643,fl,6.1,structure,EDU1,,USACE - Galveston,"Average school, structure",,HazusFloodDamageFunctions_Hazus61.xlsx,flBldgStrucDmgFn,643
fl-6.1-structure-644,fl,6.1,structure,EDU1,,USACE - Galveston,"Commercial School, structure",,HazusFloodDamageFunctions_Hazus61.xlsx,flBldgStrucDmgFn,644
fl-6.1-structure-645,fl,6.1,structure,EDU1,,USACE - Galveston,"Library, structure",,HazusFloodDamageFunctions_Hazus61.xlsx,flBldgStrucDmgFn,645
fl-6.1-structure-646,fl,6.1,structure,EDU1,,USACE - Wilmington,"School, Structure",,HazusFloodDamageFunctions_Hazus61.xlsx,flBldgStrucDmgFn,646
fl-6.1-structure-647,fl,6.1,structure,EDU1,,USACE - New Orleans,"Elementary school, structure, salt water, long duration",,HazusFloodDamageFunctions_Hazus61.xlsx,flBldgStrucDmgFn,647
fl-6.1-structure-648,fl,6.1,structure,EDU1,,USACE - New Orleans,"Elementary school, structure, salt water, short duration",,HazusFloodDamageFunctions_Hazus61.xlsx,flBldgStrucDmgFn,648
fl-6.1-structure-649,fl,6.1,structure,EDU1,,USACE - New Orleans,"Elementary school, structure, fresh water, long duration",,HazusFloodDamageFunctions_Hazus61.xlsx,flBldgStrucDmgFn,649
fl-6.1-structure-650,fl,6.1,structure,EDU1,,USACE - New Orleans,"Elementary school, structure, fresh water, short duration",,HazusFloodDamageFunctions_Hazus61.xlsx,flBldgStrucDmgFn,650
fl-6.1-structure-651,fl,6.1,structure,EDU1,,USACE - New Orleans,"Elementary school, structure, composite water & duration",,HazusFloodDamageFunctions_Hazus61.xlsx,flBldgStrucDmgFn,651
fl-6.1-structure-652,fl,6.1,structure,EDU2,,USACE - Galveston,"Average college/university, structure",,HazusFloodDamageFunctions_Hazus61.xlsx,flBldgStrucDmgFn,652
fl-6.1-structure-653,fl,6.1,structure,EDU2,,USACE - New Orleans,"College, structure, salt water, long duration",,HazusFloodDamageFunctions_Hazus61.xlsx,flBldgStrucDmgFn,653
fl-6.1-structure-654,fl,6.1,structure,EDU2,,USACE - New Orleans,"College, structure, salt water, short duration",,HazusFloodDamageFunctions_Hazus61.xlsx,flBldgStrucDmgFn,654
fl-6.1-structure-655,fl,6.1,structure,EDU2,,USACE - New Orleans,"College, structure, fresh water, long duration",,HazusFloodDamageFunctions_Hazus61.xlsx,flBldgStrucDmgFn,655
fl-6.1-structure-656,fl,6.1,structure,EDU2,,USACE - New Orleans,"College, structure, fresh water, short duration",,HazusFloodDamageFunctions_Hazus61.xlsx,flBldgStrucDmgFn,656
fl-6.1-structure-657,fl,6.1,structure,EDU2,,USACE - New Orleans,"College, structure, composite water & duration",,HazusFloodDamageFunctions_Hazus61.xlsx,flBldgStrucDmgFn,657
fl-6.1-structure-658,fl,6.1,structure,RES1,,BCAR - Jan 2011,"all floors, slab - no basement, Coastal A or V Zone",,HazusFloodDamageFunctions_Hazus61.xlsx,flBldgStrucDmgFn,658
fl-6.1-structure-659,fl,6.1,structure,RES3A,,BCAR - Jan 2011,"1to2 Stories, slab - no basement, Coastal A or V Zone",,HazusFloodDamageFunctions_Hazus61.xlsx,flBldgStrucDmgFn,659
fl-6.1-structure-660,fl,6.1,structure,RES3B,,BCAR - Jan 2011,"1to2 Stories, slab - no basement, Coastal A or V Zone",,HazusFloodDamageFunctions_Hazus61.xlsx,flBldgStrucDmgFn,660
fl-6.1-structure-661,fl,6.1,structure,RES1,,BCAR - Jan 2011,"all floors, Wall 2ft - no basement, Coastal A or V Zone",,HazusFloodDamageFunctions_Hazus61.xlsx,flBldgStrucDmgFn,661
fl-6.1-structure-662,fl,6.1,structure,RES3A,,BCAR - Jan 2011,"1to2 Stories, Wall 2ft - no basement, Coastal A or V Zone",,HazusFloodDamageFunctions_Hazus61.xlsx,flBldgStrucDmgFn,662
fl-6.1-structure-663,fl,6.1,structure,RES3B,,BCAR - Jan 2011,"1to2 Stories, Wall 2ft - no basement, Coastal A or V Zone",,HazusFloodDamageFunctions_Hazus61.xlsx,flBldgStrucDmgFn,663
fl-6.1-structure-664,fl,6.1,structure,RES1,,BCAR - Jan 2011,"all floors, Wall 3ft - no basement, Coastal A or V Zone",,HazusFloodDamageFunctions_Hazus61.xlsx,flBldgStrucDmgFn,664
fl-6.1-structure-665,fl,6.1,structure,RES3A,,BCAR - Jan 2011,"1to2 Stories, Wall 3ft - no basement, Coastal A or V Zone",,HazusFloodDamageFunctions_Hazus61.xlsx,flBldgStrucDmgFn,665
fl-6.1-structure-666,fl,6.1,structure,RES3B,,BCAR - Jan 2011,"1to2 Stories, Wall 3ft - no basement, Coastal A or V Zone",,HazusFloodDamageFunctions_Hazus61.xlsx,flBldgStrucDmgFn,666
fl-6.1-structure-667,fl,6.1,structure,RES2,,BCAR - Jan 2011,"Manufactured Home (Mobile), Structure, Coastal A or V Zone",,HazusFloodDamageFunctions_Hazus61.xlsx,flBldgStrucDmgFn,667
fl-6.1-structure-668,fl,6.1,structure,RES1,,BCAR - Jan 2011,"all floors, Elevated (Open)+2ft - no basement, Coastal A or V Zone",,HazusFloodDamageFunctions_Hazus61.xlsx,flBldgStrucDmgFn,668
fl-6.1-structure-669,fl,6.1,structure,RES3A,,BCAR - Jan 2011,"1to2 Stories, Elevated (Open)+2ft - no basement, Coastal A or V Zone",,HazusFloodDamageFunctions_Hazus61.xlsx,flBldgStrucDmgFn,669
fl-6.1-structure-670,fl,6.1,structure,RES3B,,BCAR - Jan 2011,"1to2 Stories, Elevated (Open)+2ft - no basement, Coastal A or V Zone",,HazusFloodDamageFunctions_Hazus61.xlsx,flBldgStrucDmgFn,670
fl-6.1-structure-671,fl,6.1,structure,RES1,,BCAR - Jan 2011,"all floors, Elevated (Open)+4ft - no basement, Coastal A or V Zone",,HazusFloodDamageFunctions_Hazus61.xlsx,flBldgStrucDmgFn,671
fl-6.1-structure-672,fl,6.1,structure,RES3A,,BCAR - Jan 2011,"1to2 Stories, Elevated (Open)+4ft - no basement, Coastal A or V Zone",,HazusFloodDamageFunctions_Hazus61.xlsx,flBldgStrucDmgFn,672
fl-6.1-structure-673,fl,6.1,structure,RES3B,,BCAR - Jan 2011,"1to2 Stories, Elevated (Open)+4ft - no basement, Coastal A or V Zone",,HazusFloodDamageFunctions_Hazus61.xlsx,flBldgStrucDmgFn,673
fl-6.1-structure-674,fl,6.1,structure,RES1,,BCAR - Jan 2011,"all floors, Elevated (Open)+6ft - no basement, Coastal A or V Zone",,HazusFloodDamageFunctions_Hazus61.xlsx,flBldgStrucDmgFn,674
fl-6.1-structure-675,fl,6.1,structure,RES3A,,BCAR - Jan 2011,"1to2 Stories, Elevated (Open)+6ft - no basement, Coastal A or V Zone",,HazusFloodDamageFunctions_Hazus61.xlsx,flBldgStrucDmgFn,675
fl-6.1-structure-676,fl,6.1,structure,RES3B,,BCAR - Jan 2011,"1to2 Stories, Elevated (Open)+6ft - no basement, Coastal A or V Zone",,HazusFloodDamageFunctions_Hazus61.xlsx,flBldgStrucDmgFn,676
fl-6.1-structure-677,fl,6.1,structure,RES1,,BCAR - Jan 2011,"all floors, Elevated (Open)+8ft - no basement, Coastal A or V Zone",,HazusFloodDamageFunctions_Hazus61.xlsx,flBldgStrucDmgFn,677
fl-6.1-structure-678,fl,6.1,structure,RES3A,,BCAR - Jan 2011,"1to2 Stories, Elevated (Open)+8ft - no basement, Coastal A or V Zone",,HazusFloodDamageFunctions_Hazus61.xlsx,flBldgStrucDmgFn,678
fl-6.1-structure-679,fl,6.1,structure,RES3B,,BCAR - Jan 2011,"1to2 Stories, Elevated (Open)+8ft - no basement, Coastal A or V Zone",,HazusFloodDamageFunctions_Hazus61.xlsx,flBldgStrucDmgFn,679
fl-6.1-structure-680,fl,6.1,structure,RES1,,BCAR - Jan 2011,"all floors, Elevated (Open)+10ft - no basement, Coastal A or V Zone",,HazusFloodDamageFunctions_Hazus61.xlsx,flBldgStrucDmgFn,680
fl-6.1-structure-681,fl,6.1,structure,RES3A,,BCAR - Jan 2011,"1to2 Stories, Elevated (Open)+10ft - no basement, Coastal A or V Zone",,HazusFloodDamageFunctions_Hazus61.xlsx,flBldgStrucDmgFn,681
fl-6.1-structure-682,fl,6.1,structure,RES3B,,BCAR - Jan 2011,"1to2 Stories, Elevated (Open)+10ft - no basement, Coastal A or V Zone",,HazusFloodDamageFunctions_Hazus61.xlsx,flBldgStrucDmgFn,682
fl-6.1-structure-683,fl,6.1,structure,RES1,,BCAR - Jan 2011,"all floors, Elevated (Open)+12ft - no basement, Coastal A or V Zone",,HazusFloodDamageFunctions_Hazus61.xlsx,flBldgStrucDmgFn,683
fl-6.1-structure-684,fl,6.1,structure,RES3A,,BCAR - Jan 2011,"1to2 Stories, Elevated (Open)+12ft - no basement, Coastal A or V Zone",,HazusFloodDamageFunctions_Hazus61.xlsx,flBldgStrucDmgFn,684
fl-6.1-structure-685,fl,6.1,structure,RES3B,,BCAR - Jan 2011,"1to2 Stories, Elevated (Open)+12ft - no basement, Coastal A or V Zone",,HazusFloodDamageFunctions_Hazus61.xlsx,flBldgStrucDmgFn,685
fl-6.1-structure-686,fl,6.1,structure,RES1,,BCAR - Jan 2011,"all floors, Elevated (Obstr)+2ft - no basement, Coastal A or V Zone",,HazusFloodDamageFunctions_Hazus61.xlsx,flBldgStrucDmgFn,686
fl-6.1-structure-687,fl,6.1,structure,RES3A,,BCAR - Jan 2011,"1to2 Stories, Elevated (Obstr)+2ft - no basement, Coastal A or V Zone",,HazusFloodDamageFunctions_Hazus61.xlsx,flBldgStrucDmgFn,687
fl-6.1-structure-688,fl,6.1,structure,RES3B,,BCAR - Jan 2011,"1to2 Stories, Elevated (Obstr)+2ft - no basement, Coastal A or V Zone",,HazusFloodDamageFunctions_Hazus61.xlsx,flBldgStrucDmgFn,688
fl-6.1-structure-689,fl,6.1,structure,RES1,,BCAR - Jan 2011,"all floors, Elevated (Obstr)+4ft - no basement, Coastal A or V Zone",,HazusFloodDamageFunctions_Hazus61.xlsx,flBldgStrucDmgFn,689
fl-6.1-structure-690,fl,6.1,structure,RES3A,,BCAR - Jan 2011,"1to2 Stories, Elevated (Obstr)+4ft - no basement, Coastal A or V Zone",,HazusFloodDamageFunctions_Hazus61.xlsx,flBldgStrucDmgFn,690
fl-6.1-structure-691,fl,6.1,structure,RES3B,,BCAR - Jan 2011,"1to2 Stories, Elevated (Obstr)+4ft - no basement, Coastal A or V Zone",,HazusFloodDamageFunctions_Hazus61.xlsx,flBldgStrucDmgFn,691
fl-6.1-structure-692,fl,6.1,structure,RES1,,BCAR - Jan 2011,"all floors, Elevated (Obstr)+6ft - no basement, Coastal A or V Zone",,HazusFloodDamageFunctions_Hazus61.xlsx,flBldgStrucDmgFn,692
fl-6.1-structure-693,fl,6.1,structure,RES3A,,BCAR - Jan 2011,"1to2 Stories, Elevated (Obstr)+6ft - no basement, Coastal A or V Zone",,HazusFloodDamageFunctions_Hazus61.xlsx,flBldgStrucDmgFn,693
fl-6.1-structure-694,fl,6.1,structure,RES3B,,BCAR - Jan 2011,"1to2 Stories, Elevated (Obstr)+6ft - no basement, Coastal A or V Zone",,HazusFloodDamageFunctions_Hazus61.xlsx,flBldgStrucDmgFn,694
fl-6.1-structure-695,fl,6.1,structure,RES1,,BCAR - Jan 2011,"all floors, Elevated (Obstr)+8ft - no basement, Coastal A or V Zone",,HazusFloodDamageFunctions_Hazus61.xlsx,flBldgStrucDmgFn,695
fl-6.1-structure-696,fl,6.1,structure,RES3A,,BCAR - Jan 2011,"1to2 Stories, Elevated (Obstr)+8ft - no basement, Coastal A or V Zone",,HazusFloodDamageFunctions_Hazus61.xlsx,flBldgStrucDmgFn,696
fl-6.1-structure-697,fl,6.1,structure,RES3B,,BCAR - Jan 2011,"1to2 Stories, Elevated (Obstr)+8ft - no basement, Coastal A or V Zone",,HazusFloodDamageFunctions_Hazus61.xlsx,flBldgStrucDmgFn,697
fl-6.1-structure-698,fl,6.1,structure,RES1,,BCAR - Jan 2011,"all floors, Elevated (Obstr)+10ft - no basement, Coastal A or V Zone",,HazusFloodDamageFunctions_Hazus61.xlsx,flBldgStrucDmgFn,698
fl-6.1-structure-699,fl,6.1,structure,RES3A,,BCAR - Jan 2011,"1to2 Stories, Elevated (Obstr)+10ft - no basement, Coastal A or V Zone",,HazusFloodDamageFunctions_Hazus61.xlsx,flBldgStrucDmgFn,699
fl-6.1-structure-700,fl,6.1,structure,RES3B,,BCAR - Jan 2011,"1to2 Stories, Elevated (Obstr)+10ft - no basement, Coastal A or V Zone",,HazusFloodDamageFunctions_Hazus61.xlsx,flBldgStrucDmgFn,700
fl-6.1-structure-701,fl,6.1,structure,RES1,,BCAR - Jan 2011,"all floors, Elevated (Obstr)+12ft - no basement, Coastal A or V Zone",,HazusFloodDamageFunctions_Hazus61.xlsx,flBldgStrucDmgFn,701
fl-6.1-structure-702,fl,6.1,structure,RES3A,,BCAR - Jan 2011,"1to2 Stories, Elevated (Obstr)+12ft - no basement, Coastal A or V Zone",,HazusFloodDamageFunctions_Hazus61.xlsx,flBldgStrucDmgFn,702
fl-6.1-structure-703,fl,6.1,structure,RES3B,,BCAR - Jan 2011,"1to2 Stories, Elevated (Obstr)+12ft - no basement, Coastal A or V Zone",,HazusFloodDamageFunctions_Hazus61.xlsx,flBldgStrucDmgFn,703
fl-6.1-structure-704,fl,6.1,structure,RES1,,BCAR - Jan 2011,"one story, w/ basement, Structure  (B14)",,HazusFloodDamageFunctions_Hazus61.xlsx,flBldgStrucDmgFn,704
fl-6.1-structure-705,fl,6.1,structure,AGR1,,USACE American River,"USACE - American River Curves: Farms, Short Duration, polluted freshwater",,HazusFloodDamageFunctions_Hazus61.xlsx,flBldgStrucDmgFn,705
fl-6.1-structure-706,fl,6.1,structure,AGR1,,USACE American River,"USACE - American River Curves: Farms, Long Duration, polluted freshwater",,HazusFloodDamageFunctions_Hazus61.xlsx,flBldgStrucDmgFn,706
fl-6.1-structure-707,fl,6.1,structure,COM,,USACE NACCS,NACCS 2 - Commercial - Engineeered,,HazusFloodDamageFunctions_Hazus61.xlsx,flBldgStrucDmgFn,707
fl-6.1-structure-708,fl,6.1,structure,COM,,USACE NACCS,NACCS 2 - Commercial - Engineeered - Waves,,HazusFloodDamageFunctions_Hazus61.xlsx,flBldgStrucDmgFn,708
fl-6.1-structure-709,fl,6.1,structure,COM,,USACE NACCS,NACCS 3 - Commercial - Non/Pre-Engineered,,HazusFloodDamageFunctions_Hazus61.xlsx,flBldgStrucDmgFn,709
fl-6.1-structure-710,fl,6.1,structure,COM,,USACE NACCS,NACCS 3 - Commercial - Non/Pre-Engineered - Waves,,HazusFloodDamageFunctions_Hazus61.xlsx,flBldgStrucDmgFn,710
fl-6.1-structure-711,fl,6.1,structure,COM1,,Coastal Resilience Center,Small grocery store/Gas station with a convenience store (Small businesses),,HazusFloodDamageFunctions_Hazus61.xlsx,flBldgStrucDmgFn,711
fl-6.1-structure-712,fl,6.1,structure,COM1,,Coastal Resilience Center,Super retail building (strip mall),,HazusFloodDamageFunctions_Hazus61.xlsx,flBldgStrucDmgFn,712
fl-6.1-structure-713,fl,6.1,structure,COM1,,Coastal Resilience Center,Small multi-business building,,HazusFloodDamageFunctions_Hazus61.xlsx,flBldgStrucDmgFn,713
fl-6.1-structure-714,fl,6.1,structure,COM1,,Coastal Resilience Center,Super shopping center,,HazusFloodDamageFunctions_Hazus61.xlsx,flBldgStrucDmgFn,714
fl-6.1-structure-715,fl,6.1,structure,COM1,,FEMA BCA Toolkit,"Convenience Store, Engineered",,HazusFloodDamageFunctions_Hazus61.xlsx,flBldgStrucDmgFn,715
fl-6.1-structure-716,fl,6.1,structure,COM1,,FEMA BCA Toolkit,"Convenience Store, Non-Engineered",,HazusFloodDamageFunctions_Hazus61.xlsx,flBldgStrucDmgFn,716
fl-6.1-structure-717,fl,6.1,structure,COM1,,FEMA BCA Toolkit,"Grocery, Engineered",,HazusFloodDamageFunctions_Hazus61.xlsx,flBldgStrucDmgFn,717
fl-6.1-structure-718,fl,6.1,structure,COM1,,FEMA BCA Toolkit,"Grocery, Non-Engineered",,HazusFloodDamageFunctions_Hazus61.xlsx,flBldgStrucDmgFn,718
fl-6.1-structure-719,fl,6.1,structure,COM1,,FEMA BCA Toolkit,"Retail-Clothing, Engineered",,HazusFloodDamageFunctions_Hazus61.xlsx,flBldgStrucDmgFn,719
fl-6.1-structure-720,fl,6.1,structure,COM1,,FEMA BCA Toolkit,"Retail-Clothing, Non-Engineered",,HazusFloodDamageFunctions_Hazus61.xlsx,flBldgStrucDmgFn,720
fl-6.1-structure-721,fl,6.1,structure,COM1,,FEMA BCA Toolkit,"Retail-Electronics, Engineered",,HazusFloodDamageFunctions_Hazus61.xlsx,flBldgStrucDmgFn,721
fl-6.1-structure-722,fl,6.1,structure,COM1,,FEMA BCA Toolkit,"Retail-Electronics, Non-Engineered",,HazusFloodDamageFunctions_Hazus61.xlsx,flBldgStrucDmgFn,722
fl-6.1-structure-723,fl,6.1,structure,COM1,,FEMA BCA Toolkit,"Retail-Furniture, Engineered",,HazusFloodDamageFunctions_Hazus61.xlsx,flBldgStrucDmgFn,723
fl-6.1-structure-724,fl,6.1,structure,COM1,,FEMA BCA Toolkit,"Retail-Furniture, Non-Engineered",,HazusFloodDamageFunctions_Hazus61.xlsx,flBldgStrucDmgFn,724
fl-6.1-structure-725,fl,6.1,structure,COM1,,FEMA BCA Toolkit,"Service Station, Engineered",,HazusFloodDamageFunctions_Hazus61.xlsx,flBldgStrucDmgFn,725
fl-6.1-structure-726,fl,6.1,structure,COM1,,FEMA BCA Toolkit,"Service Station, Non-Engineered",,HazusFloodDamageFunctions_Hazus61.xlsx,flBldgStrucDmgFn,726
fl-6.1-structure-727,fl,6.1,structure,COM1,,USACE New Orleans,"USACE - New Orleans: Department Store, structure, fresh water, short duration",,HazusFloodDamageFunctions_Hazus61.xlsx,flBldgStrucDmgFn,727
fl-6.1-structure-728,fl,6.1,structure,COM1,,USACE New Orleans,"USACE - New Orleans: Department Store, structure, salt water, long duration",,HazusFloodDamageFunctions_Hazus61.xlsx,flBldgStrucDmgFn,728
fl-6.1-structure-729,fl,6.1,structure,COM1,,USACE New Orleans,"USACE - New Orleans: Large Grocery,  structure, fresh water, short duration",,HazusFloodDamageFunctions_Hazus61.xlsx,flBldgStrucDmgFn,729
fl-6.1-structure-730,fl,6.1,structure,COM1,,USACE New Orleans,"USACE - New Orleans: Large Grocery, structure, salt water, long duration",,HazusFloodDamageFunctions_Hazus61.xlsx,flBldgStrucDmgFn,730
fl-6.1-structure-731,fl,6.1,structure,COM1,,USACE American River,"Commercial Retail, 1-Story, Prototype 2A, Short Duration, polluted freshwater",,HazusFloodDamageFunctions_Hazus61.xlsx,flBldgStrucDmgFn,731
fl-6.1-structure-732,fl,6.1,structure,COM1,,USACE American River,"Commercial Retail, 1-Story, Prototype 2A, Long Duration, polluted freshwater",,HazusFloodDamageFunctions_Hazus61.xlsx,flBldgStrucDmgFn,732
fl-6.1-structure-733,fl,6.1,structure,COM1,,USACE American River,"Commercial Retail, 1-Story, Prototype 2B, Short Duration, polluted freshwater",,HazusFloodDamageFunctions_Hazus61.xlsx,flBldgStrucDmgFn,733
fl-6.1-structure-734,fl,6.1,structure,COM1,,USACE American River,"Commercial Retail, 1-Story, Prototype 2B, Long Duration, polluted freshwater",,HazusFloodDamageFunctions_Hazus61.xlsx,flBldgStrucDmgFn,734
fl-6.1-structure-735,fl,6.1,structure,COM1,,USACE American River,"USACE - American River Curves: Food Stores, 1-Story, Short Duration, polluted freshwater",,HazusFloodDamageFunctions_Hazus61.xlsx,flBldgStrucDmgFn,735
fl-6.1-structure-736,fl,6.1,structure,COM1,,USACE American River,"USACE - American River Curves: Food Stores, 1-Story, Long Duration, polluted freshwater",,HazusFloodDamageFunctions_Hazus61.xlsx,flBldgStrucDmgFn,736
fl-6.1-structure-737,fl,6.1,structure,COM2,,Coastal Resilience Center,Warehouse (small/large box),,HazusFloodDamageFunctions_Hazus61.xlsx,flBldgStrucDmgFn,737
fl-6.1-structure-738,fl,6.1,structure,COM2,,USACE New Orleans,"USACE - New Orleans: Warehouse, structure, fresh water, short duration",,HazusFloodDamageFunctions_Hazus61.xlsx,flBldgStrucDmgFn,738
fl-6.1-structure-739,fl,6.1,structure,COM2,,USACE New Orleans,"USACE - New Orleans: Warehouse, structure, salt water, long duration",,HazusFloodDamageFunctions_Hazus61.xlsx,flBldgStrucDmgFn,739
fl-6.1-structure-740,fl,6.1,structure,COM2,,FEMA BCA Toolkit,"Warehouse, Non-Refrig (Default), Engineered",,HazusFloodDamageFunctions_Hazus61.xlsx,flBldgStrucDmgFn,740
fl-6.1-structure-741,fl,6.1,structure,COM2,,FEMA BCA Toolkit,"Warehouse, Non-Refrig (Default), Non-Engineered",,HazusFloodDamageFunctions_Hazus61.xlsx,flBldgStrucDmgFn,741
fl-6.1-structure-742,fl,6.1,structure,COM2,,FEMA BCA Toolkit,"Warehouse, Refrig (Default), Engineered",,HazusFloodDamageFunctions_Hazus61.xlsx,flBldgStrucDmgFn,742
fl-6.1-structure-743,fl,6.1,structure,COM2,,FEMA BCA Toolkit,"Warehouse, Refrig (Default), Non-Engineered",,HazusFloodDamageFunctions_Hazus61.xlsx,flBldgStrucDmgFn,743
fl-6.1-structure-744,fl,6.1,structure,COM2,,USACE American River,"USACE - American River Curves: Large Shopping Centers, Short Duration, polluted freshwater",,HazusFloodDamageFunctions_Hazus61.xlsx,flBldgStrucDmgFn,744
fl-6.1-structure-745,fl,6.1,structure,COM2,,USACE American River,"USACE - American River Curves: Large Shopping Centers, Long Duration, polluted freshwater",,HazusFloodDamageFunctions_Hazus61.xlsx,flBldgStrucDmgFn,745
fl-6.1-structure-746,fl,6.1,structure,COM2,,USACE American River,"USACE - American River Curves: Large Shopping Groceries, Short Duration, polluted freshwater",,HazusFloodDamageFunctions_Hazus61.xlsx,flBldgStrucDmgFn,746
fl-6.1-structure-747,fl,6.1,structure,COM2,,USACE American River,"USACE - American River Curves: Large Shopping Groceries, Long Duration, polluted freshwater",,HazusFloodDamageFunctions_Hazus61.xlsx,flBldgStrucDmgFn,747
fl-6.1-structure-748,fl,6.1,structure,COM3,,FEMA BCA Toolkit,"Protective Services, Engineered",,HazusFloodDamageFunctions_Hazus61.xlsx,flBldgStrucDmgFn,748
fl-6.1-structure-749,fl,6.1,structure,COM3,,FEMA BCA Toolkit,"Protective Services, Non-Engineered",,HazusFloodDamageFunctions_Hazus61.xlsx,flBldgStrucDmgFn,749
fl-6.1-structure-750,fl,6.1,structure,COM3,,USACE American River,"USACE - American River Curves: Commercial Service Shop, Short Duration, polluted freshwater",,HazusFloodDamageFunctions_Hazus61.xlsx,flBldgStrucDmgFn,750
fl-6.1-structure-751,fl,6.1,structure,COM3,,USACE American River,"USACE - American River Curves: Commercial Service Shop, Long Duration, polluted freshwater",,HazusFloodDamageFunctions_Hazus61.xlsx,flBldgStrucDmgFn,751
fl-6.1-structure-752,fl,6.1,structure,COM4,,Coastal Resilience Center,Office building,,HazusFloodDamageFunctions_Hazus61.xlsx,flBldgStrucDmgFn,752
fl-6.1-structure-753,fl,6.1,structure,COM4,,FEMA BCA Toolkit,"Office One-Story, Engineered",,HazusFloodDamageFunctions_Hazus61.xlsx,flBldgStrucDmgFn,753
fl-6.1-structure-754,fl,6.1,structure,COM4,,FEMA BCA Toolkit,"Office One-Story, Non-Engineered",,HazusFloodDamageFunctions_Hazus61.xlsx,flBldgStrucDmgFn,754
fl-6.1-structure-755,fl,6.1,structure,COM4,,USACE New Orleans,"USACE - New Orleans: Utility Company, structure, fresh water, short duration",,HazusFloodDamageFunctions_Hazus61.xlsx,flBldgStrucDmgFn,755
fl-6.1-structure-756,fl,6.1,structure,COM4,,USACE New Orleans,"USACE - New Orleans: Utility Company, structure, salt water, long duration",,HazusFloodDamageFunctions_Hazus61.xlsx,flBldgStrucDmgFn,756
fl-6.1-structure-757,fl,6.1,structure,COM4,,USACE American River,"USACE - American River Curves: Office Buildings, 2-Story, Short Duration, polluted freshwater",,HazusFloodDamageFunctions_Hazus61.xlsx,flBldgStrucDmgFn,757
fl-6.1-structure-758,fl,6.1,structure,COM4,,USACE American River,"USACE - American River Curves: Office Buildings, 2-Story, Long Duration, polluted freshwater",,HazusFloodDamageFunctions_Hazus61.xlsx,flBldgStrucDmgFn,758
fl-6.1-structure-759,fl,6.1,structure,COM4,,USACE American River,"USACE - American River Curves: Office Buildings, 1-Story, Short Duration, polluted freshwater",,HazusFloodDamageFunctions_Hazus61.xlsx,flBldgStrucDmgFn,759
fl-6.1-structure-760,fl,6.1,structure,COM4,,USACE American River,"USACE - American River Curves: Office Buildings, 1-Story, Long Duration, polluted freshwater",,HazusFloodDamageFunctions_Hazus61.xlsx,flBldgStrucDmgFn,760
fl-6.1-structure-761,fl,6.1,structure,COM6,,Coastal Resilience Center,Hospital,,HazusFloodDamageFunctions_Hazus61.xlsx,flBldgStrucDmgFn,761
fl-6.1-structure-762,fl,6.1,structure,COM6,,FEMA BCA Toolkit,"Hospital, Engineered",,HazusFloodDamageFunctions_Hazus61.xlsx,flBldgStrucDmgFn,762
fl-6.1-structure-763,fl,6.1,structure,COM6,,FEMA BCA Toolkit,"Hospital, Non-Engineered",,HazusFloodDamageFunctions_Hazus61.xlsx,flBldgStrucDmgFn,763
fl-6.1-structure-764,fl,6.1,structure,COM6,,USACE New Orleans,"USACE - New Orleans: Medical Office, structure, fresh water, short duration",,HazusFloodDamageFunctions_Hazus61.xlsx,flBldgStrucDmgFn,764
fl-6.1-structure-765,fl,6.1,structure,COM6,,USACE New Orleans,"USACE - New Orleans: Medical Office, structure, salt water, long duration",,HazusFloodDamageFunctions_Hazus61.xlsx,flBldgStrucDmgFn,765
fl-6.1-structure-766,fl,6.1,structure,COM6,,USACE American River,"USACE - American River Curves: Medical Hospitals, Short Duration, polluted freshwater",,HazusFloodDamageFunctions_Hazus61.xlsx,flBldgStrucDmgFn,766
fl-6.1-structure-767,fl,6.1,structure,COM6,,USACE American River,"USACE - American River Curves: Medical Hospitals, Long Duration, polluted freshwater",,HazusFloodDamageFunctions_Hazus61.xlsx,flBldgStrucDmgFn,767
fl-6.1-structure-768,fl,6.1,structure,COM7,,FEMA BCA Toolkit,"Medical Office, Engineered",,HazusFloodDamageFunctions_Hazus61.xlsx,flBldgStrucDmgFn,768
fl-6.1-structure-769,fl,6.1,structure,COM7,,FEMA BCA Toolkit,"Medical Office, Non-Engineered",,HazusFloodDamageFunctions_Hazus61.xlsx,flBldgStrucDmgFn,769
fl-6.1-structure-770,fl,6.1,structure,COM7,,USACE American River,"USACE - American River Curves: Medical Offices, Short Duration, polluted freshwater",,HazusFloodDamageFunctions_Hazus61.xlsx,flBldgStrucDmgFn,770
fl-6.1-structure-771,fl,6.1,structure,COM7,,USACE American River,"USACE - American River Curves: Medical Offices, Long Duration, polluted freshwater",,HazusFloodDamageFunctions_Hazus61.xlsx,flBldgStrucDmgFn,771
fl-6.1-structure-772,fl,6.1,structure,COM8,,Coastal Resilience Center,Community center (theatre),,HazusFloodDamageFunctions_Hazus61.xlsx,flBldgStrucDmgFn,772
fl-6.1-structure-773,fl,6.1,structure,COM8,,FEMA BCA Toolkit,"Fast Food, Engineered",,HazusFloodDamageFunctions_Hazus61.xlsx,flBldgStrucDmgFn,773
fl-6.1-structure-774,fl,6.1,structure,COM8,,FEMA BCA Toolkit,"Fast Food, Non-Engineered",,HazusFloodDamageFunctions_Hazus61.xlsx,flBldgStrucDmgFn,774
fl-6.1-structure-775,fl,6.1,structure,COM8,,FEMA BCA Toolkit,"Non-Fast Food, Engineered",,HazusFloodDamageFunctions_Hazus61.xlsx,flBldgStrucDmgFn,775
fl-6.1-structure-776,fl,6.1,structure,COM8,,FEMA BCA Toolkit,"Non-Fast Food, Non-Engineered",,HazusFloodDamageFunctions_Hazus61.xlsx,flBldgStrucDmgFn,776
fl-6.1-structure-777,fl,6.1,structure,COM8,,FEMA BCA Toolkit,"Recreation, Engineered",,HazusFloodDamageFunctions_Hazus61.xlsx,flBldgStrucDmgFn,777
fl-6.1-structure-778,fl,6.1,structure,COM8,,FEMA BCA Toolkit,"Recreation, Non-Engineered",,HazusFloodDamageFunctions_Hazus61.xlsx,flBldgStrucDmgFn,778
fl-6.1-structure-779,fl,6.1,structure,COM8,,USACE American River,"Restaurant (Non Fast Food), 1-Story, Short Duration, polluted freshwater",,HazusFloodDamageFunctions_Hazus61.xlsx,flBldgStrucDmgFn,779
fl-6.1-structure-780,fl,6.1,structure,COM8,,USACE American River,"Restaurant (Non Fast Food), 1-Story, Long Duration, polluted freshwater",,HazusFloodDamageFunctions_Hazus61.xlsx,flBldgStrucDmgFn,780
fl-6.1-structure-781,fl,6.1,structure,COM8,,USACE American River,"USACE - American River Curves: Restaurant (Fast Food), 1-Story, Short Duration, polluted freshwater",,HazusFloodDamageFunctions_Hazus61.xlsx,flBldgStrucDmgFn,781
fl-6.1-structure-782,fl,6.1,structure,COM8,,USACE American River,"USACE - American River Curves: Restaurant (Fast Food), 1-Story, Long Duration, polluted freshwater",,HazusFloodDamageFunctions_Hazus61.xlsx,flBldgStrucDmgFn,782
fl-6.1-structure-783,fl,6.1,structure,COM8,,USACE American River,"USACE - American River Curves: Restaurant (Fast Food), 1-Story, Short Duration, polluted freshwater",,HazusFloodDamageFunctions_Hazus61.xlsx,flBldgStrucDmgFn,783
fl-6.1-structure-784,fl,6.1,structure,COM8,,USACE American River,"USACE - American River Curves: Restaurant (Fast Food), 1-Story, Long Duration, polluted freshwater",,HazusFloodDamageFunctions_Hazus61.xlsx,flBldgStrucDmgFn,784
fl-6.1-structure-785,fl,6.1,structure,COM8,,USACE American River,"USACE - American River Curves: Recreation, Short Duration, polluted freshwater",,HazusFloodDamageFunctions_Hazus61.xlsx,flBldgStrucDmgFn,785
fl-6.1-structure-786,fl,6.1,structure,COM8,,USACE American River,"USACE - American River Curves: Recreation, Long Duration, polluted freshwater",,HazusFloodDamageFunctions_Hazus61.xlsx,flBldgStrucDmgFn,786
fl-6.1-structure-787,fl,6.1,structure,EDU,,FEMA BCA Toolkit,"Schools, Engineered",,HazusFloodDamageFunctions_Hazus61.xlsx,flBldgStrucDmgFn,787
fl-6.1-structure-788,fl,6.1,structure,EDU,,FEMA BCA Toolkit,"Schools, Non-Engineered",,HazusFloodDamageFunctions_Hazus61.xlsx,flBldgStrucDmgFn,788
fl-6.1-structure-789,fl,6.1,structure,EDU1,,Coastal Resilience Center,One-story School,,HazusFloodDamageFunctions_Hazus61.xlsx,flBldgStrucDmgFn,789
fl-6.1-structure-790,fl,6.1,structure,EDU1,,Coastal Resilience Center,Two-story School,,HazusFloodDamageFunctions_Hazus61.xlsx,flBldgStrucDmgFn,790
fl-6.1-structure-791,fl,6.1,structure,EDU1,,USACE New Orleans,"USACE - New Orleans: Elementary school, structure, fresh water, short duration",,HazusFloodDamageFunctions_Hazus61.xlsx,flBldgStrucDmgFn,791
fl-6.1-structure-792,fl,6.1,structure,EDU1,,USACE New Orleans,"USACE - New Orleans: Elementary school, structure, salt water, long duration",,HazusFloodDamageFunctions_Hazus61.xlsx,flBldgStrucDmgFn,792
fl-6.1-structure-793,fl,6.1,structure,EDU1,,USACE American River,"USACE - American River Curves: Schools, Short Duration, polluted freshwater",,HazusFloodDamageFunctions_Hazus61.xlsx,flBldgStrucDmgFn,793
fl-6.1-structure-794,fl,6.1,structure,EDU1,,USACE American River,"USACE - American River Curves: Schools, Long Duration, polluted freshwater",,HazusFloodDamageFunctions_Hazus61.xlsx,flBldgStrucDmgFn,794
fl-6.1-structure-795,fl,6.1,structure,EDU2,,USACE New Orleans,"USACE - New Orleans: College, structure, fresh water, short duration",,HazusFloodDamageFunctions_Hazus61.xlsx,flBldgStrucDmgFn,795
fl-6.1-structure-796,fl,6.1,structure,EDU2,,USACE New Orleans,"USACE - New Orleans: College, structure, salt water, long duration",,HazusFloodDamageFunctions_Hazus61.xlsx,flBldgStrucDmgFn,796
fl-6.1-structure-797,fl,6.1,structure,GOV1,,USACE New Orleans,"USACE - New Orleans: Government facility, structure, fresh water, short duration",,HazusFloodDamageFunctions_Hazus61.xlsx,flBldgStrucDmgFn,797
fl-6.1-structure-798,fl,6.1,structure,GOV1,,USACE New Orleans,"USACE - New Orleans: Government facility, structure, salt water, long duration",,HazusFloodDamageFunctions_Hazus61.xlsx,flBldgStrucDmgFn,798
fl-6.1-structure-799,fl,6.1,structure,GOV1,,USACE American River,"USACE - American River Curves: Government Buildings, Short Duration, polluted freshwater",,HazusFloodDamageFunctions_Hazus61.xlsx,flBldgStrucDmgFn,799
fl-6.1-structure-800,fl,6.1,structure,GOV1,,USACE American River,"USACE - American River Curves: Government Buildings, Long Duration, polluted freshwater",,HazusFloodDamageFunctions_Hazus61.xlsx,flBldgStrucDmgFn,800
fl-6.1-structure-801,fl,6.1,structure,IND2,,FEMA BCA Toolkit,"Industrial Light, Engineered",,HazusFloodDamageFunctions_Hazus61.xlsx,flBldgStrucDmgFn,801
fl-6.1-structure-802,fl,6.1,structure,IND2,,FEMA BCA Toolkit,"Industrial Light, Non-Engineered",,HazusFloodDamageFunctions_Hazus61.xlsx,flBldgStrucDmgFn,802
fl-6.1-structure-803,fl,6.1,structure,IND2,,USACE American River,"USACE - American River Curves: Industrial Light Manufacturing, Short Duration, polluted freshwater",,HazusFloodDamageFunctions_Hazus61.xlsx,flBldgStrucDmgFn,803
fl-6.1-structure-804,fl,6.1,structure,IND2,,USACE American River,"USACE - American River Curves: Industrial Light Manufacturing, Long Duration, polluted freshwater",,HazusFloodDamageFunctions_Hazus61.xlsx,flBldgStrucDmgFn,804
fl-6.1-structure-805,fl,6.1,structure,IND3,,USACE American River,"USACE - American River Curves: Industrial Warehouse, Short Duration, polluted freshwater",,HazusFloodDamageFunctions_Hazus61.xlsx,flBldgStrucDmgFn,805
fl-6.1-structure-806,fl,6.1,structure,IND3,,USACE American River,"USACE - American River Curves: Industrial Warehouse, Long Duration, polluted freshwater",,HazusFloodDamageFunctions_Hazus61.xlsx,flBldgStrucDmgFn,806
fl-6.1-structure-807,fl,6.1,structure,IND3,,USACE American River,"USACE - American River Curves: Industrial Heavy Manufacturing, Short Duration, polluted freshwater",,HazusFloodDamageFunctions_Hazus61.xlsx,flBldgStrucDmgFn,807
fl-6.1-structure-808,fl,6.1,structure,IND3,,USACE American River,"USACE - American River Curves: Industrial Heavy Manufacturing, Long Duration, polluted freshwater",,HazusFloodDamageFunctions_Hazus61.xlsx,flBldgStrucDmgFn,808
fl-6.1-structure-809,fl,6.1,structure,INDX,,Coastal Resilience Center,Industrial building,,HazusFloodDamageFunctions_Hazus61.xlsx,flBldgStrucDmgFn,809
fl-6.1-structure-810,fl,6.1,structure,REL1,,Coastal Resilience Center,Community center (church),,HazusFloodDamageFunctions_Hazus61.xlsx,flBldgStrucDmgFn,810
fl-6.1-structure-811,fl,6.1,structure,REL1,,FEMA BCA Toolkit,"Religious Facilities, Engineered",,HazusFloodDamageFunctions_Hazus61.xlsx,flBldgStrucDmgFn,811
fl-6.1-structure-812,fl,6.1,structure,REL1,,FEMA BCA Toolkit,"Religious Facilities, Non-Engineered",,HazusFloodDamageFunctions_Hazus61.xlsx,flBldgStrucDmgFn,812
fl-6.1-structure-813,fl,6.1,structure,REL1,,USACE American River,"USACE - American River Curves: Religious, Short Duration, polluted freshwater",,HazusFloodDamageFunctions_Hazus61.xlsx,flBldgStrucDmgFn,813
fl-6.1-structure-814,fl,6.1,structure,REL1,,USACE American River,"USACE - American River Curves: Religious, Long Duration, polluted freshwater",,HazusFloodDamageFunctions_Hazus61.xlsx,flBldgStrucDmgFn,814
fl-6.1-structure-815,fl,6.1,structure,RES1,,Coastal Resilience Center,One-story residential building on a crawlspace foundation,,HazusFloodDamageFunctions_Hazus61.xlsx,flBldgStrucDmgFn,815
fl-6.1-structure-816,fl,6.1,structure,RES1,,Coastal Resilience Center,Two-story residential building on a crawlspace foundation,,HazusFloodDamageFunctions_Hazus61.xlsx,flBldgStrucDmgFn,816
fl-6.1-structure-817,fl,6.1,structure,RES1,,FEMA FIMA,FEMA FIA Split-Level Zone A,,HazusFloodDamageFunctions_Hazus61.xlsx,flBldgStrucDmgFn,817
fl-6.1-structure-818,fl,6.1,structure,RES1,,FEMA FIMA,FEMA FIA Two or More Stories Zone A,,HazusFloodDamageFunctions_Hazus61.xlsx,flBldgStrucDmgFn,818
fl-6.1-structure-819,fl,6.1,structure,RES1,,FEMA FIMA,FEMA FIA Split-Level Zone A,,HazusFloodDamageFunctions_Hazus61.xlsx,flBldgStrucDmgFn,819
fl-6.1-structure-820,fl,6.1,structure,RES1,,FEMA FIMA,FEMA FIA One-Story Zone A,,HazusFloodDamageFunctions_Hazus61.xlsx,flBldgStrucDmgFn,820
fl-6.1-structure-821,fl,6.1,structure,RES1,,FEMA FIMA,FEMA FIA Coastal Building Zone V,,HazusFloodDamageFunctions_Hazus61.xlsx,flBldgStrucDmgFn,821
fl-6.1-structure-822,fl,6.1,structure,RES1,,FEMA FIMA,FEMA FIA Two or More Stories Zone A,,HazusFloodDamageFunctions_Hazus61.xlsx,flBldgStrucDmgFn,822
fl-6.1-structure-823,fl,6.1,structure,RES1,,FEMA FIMA,FEMA FIA One-Story Zone A,,HazusFloodDamageFunctions_Hazus61.xlsx,flBldgStrucDmgFn,823
fl-6.1-structure-824,fl,6.1,structure,RES1,,FEMA FIMA,FEMA FIA Coastal Building Zone V,,HazusFloodDamageFunctions_Hazus61.xlsx,flBldgStrucDmgFn,824
fl-6.1-structure-825,fl,6.1,structure,RES1,,FEMA FIMA,"FEMA FIA, Split Level, With Basement Split-Level",,HazusFloodDamageFunctions_Hazus61.xlsx,flBldgStrucDmgFn,825
fl-6.1-structure-826,fl,6.1,structure,RES1,,FEMA FIMA,FEMA FIA (Default) One-Story Zone A,,HazusFloodDamageFunctions_Hazus61.xlsx,flBldgStrucDmgFn,826
fl-6.1-structure-827,fl,6.1,structure,RES1,,FEMA FIMA,"FEMA FIA, 1-Story, No Basement One-Story",,HazusFloodDamageFunctions_Hazus61.xlsx,flBldgStrucDmgFn,827
fl-6.1-structure-828,fl,6.1,structure,RES1,,FEMA FIMA,"FEMA FIA, 2-Story, No Basement Two or More Stories",,HazusFloodDamageFunctions_Hazus61.xlsx,flBldgStrucDmgFn,828
fl-6.1-structure-829,fl,6.1,structure,RES1,,FEMA FIMA,FEMA FIA (Default) One-Story Zone A,,HazusFloodDamageFunctions_Hazus61.xlsx,flBldgStrucDmgFn,829
fl-6.1-structure-830,fl,6.1,structure,RES1,,FEMA FIMA,FEMA FIA (Default) Coastal Building Zone V,,HazusFloodDamageFunctions_Hazus61.xlsx,flBldgStrucDmgFn,830
fl-6.1-structure-831,fl,6.1,structure,RES1,,FEMA FIMA,FEMA FIA (Default) Two or More Stories Zone A,,HazusFloodDamageFunctions_Hazus61.xlsx,flBldgStrucDmgFn,831
fl-6.1-structure-832,fl,6.1,structure,RES1,,FEMA FIMA,"FEMA FIA, 1-Story, With Basement One-Story",,HazusFloodDamageFunctions_Hazus61.xlsx,flBldgStrucDmgFn,832
fl-6.1-structure-833,fl,6.1,structure,RES1,,FEMA FIMA,FEMA FIA (Default) Split-Level Zone A,,HazusFloodDamageFunctions_Hazus61.xlsx,flBldgStrucDmgFn,833
fl-6.1-structure-834,fl,6.1,structure,RES1,,FEMA FIMA,FEMA FIA (Default) Two or More Stories Zone A,,HazusFloodDamageFunctions_Hazus61.xlsx,flBldgStrucDmgFn,834
fl-6.1-structure-835,fl,6.1,structure,RES1,,FEMA FIMA,FEMA FIA (Default) Coastal Building Zone V,,HazusFloodDamageFunctions_Hazus61.xlsx,flBldgStrucDmgFn,835
fl-6.1-structure-836,fl,6.1,structure,RES1,,FEMA BCA Toolkit,BCA Toolkit Slab CAZ and V Zone Expert Panel,,HazusFloodDamageFunctions_Hazus61.xlsx,flBldgStrucDmgFn,836
fl-6.1-structure-837,fl,6.1,structure,RES1,,FEMA BCA Toolkit,BCA Toolkit Wall (2 feet) CAZ and V Zone Expert Panel,,HazusFloodDamageFunctions_Hazus61.xlsx,flBldgStrucDmgFn,837
fl-6.1-structure-838,fl,6.1,structure,RES1,,FEMA BCA Toolkit,BCA Toolkit Wall (3 feet) CAZ and V Zone Expert Panel,,HazusFloodDamageFunctions_Hazus61.xlsx,flBldgStrucDmgFn,838
fl-6.1-structure-839,fl,6.1,structure,RES1,,FEMA BCA Toolkit,BCA Toolkit Elevated (Open) +2 CAZ and V Zone Expert Panel,,HazusFloodDamageFunctions_Hazus61.xlsx,flBldgStrucDmgFn,839
fl-6.1-structure-840,fl,6.1,structure,RES1,,FEMA BCA Toolkit,BCA Toolkit Elevated (Open) +4 CAZ and V Zone Expert Panel,,HazusFloodDamageFunctions_Hazus61.xlsx,flBldgStrucDmgFn,840
fl-6.1-structure-841,fl,6.1,structure,RES1,,FEMA BCA Toolkit,BCA Toolkit Elevated (Open) +6 CAZ and V Zone Expert Panel,,HazusFloodDamageFunctions_Hazus61.xlsx,flBldgStrucDmgFn,841
fl-6.1-structure-842,fl,6.1,structure,RES1,,FEMA BCA Toolkit,BCA Toolkit Elevated (Open) +8 CAZ and V Zone Expert Panel,,HazusFloodDamageFunctions_Hazus61.xlsx,flBldgStrucDmgFn,842
fl-6.1-structure-843,fl,6.1,structure,RES1,,FEMA BCA Toolkit,BCA Toolkit Elevated (Open) +10 CAZ and V Zone Expert Panel,,HazusFloodDamageFunctions_Hazus61.xlsx,flBldgStrucDmgFn,843
fl-6.1-structure-844,fl,6.1,structure,RES1,,FEMA BCA Toolkit,BCA Toolkit Elevated (Open) +12 CAZ and V Zone Expert Panel,,HazusFloodDamageFunctions_Hazus61.xlsx,flBldgStrucDmgFn,844
fl-6.1-structure-845,fl,6.1,structure,RES1,,FEMA BCA Toolkit,BCA Toolkit Elevated (Obstr) +2 CAZ and V Zone Expert Panel,,HazusFloodDamageFunctions_Hazus61.xlsx,flBldgStrucDmgFn,845
fl-6.1-structure-846,fl,6.1,structure,RES1,,FEMA BCA Toolkit,BCA Toolkit Elevated (Obstr) +4 CAZ and V Zone Expert Panel,,HazusFloodDamageFunctions_Hazus61.xlsx,flBldgStrucDmgFn,846
fl-6.1-structure-847,fl,6.1,structure,RES1,,FEMA BCA Toolkit,BCA Toolkit Elevated (Obstr) +6 CAZ and V Zone Expert Panel,,HazusFloodDamageFunctions_Hazus61.xlsx,flBldgStrucDmgFn,847
fl-6.1-structure-848,fl,6.1,structure,RES1,,FEMA BCA Toolkit,BCA Toolkit Elevated (Obstr) +8 CAZ and V Zone Expert Panel,,HazusFloodDamageFunctions_Hazus61.xlsx,flBldgStrucDmgFn,848
fl-6.1-structure-849,fl,6.1,structure,RES1,,FEMA BCA Toolkit,BCA Toolkit Elevated (Obstr) +10 CAZ and V Zone Expert Panel,,HazusFloodDamageFunctions_Hazus61.xlsx,flBldgStrucDmgFn,849
fl-6.1-structure-850,fl,6.1,structure,RES1,,FEMA BCA Toolkit,BCA Toolkit Elevated (Obstr) +12 CAZ and V Zone Expert Panel,,HazusFloodDamageFunctions_Hazus61.xlsx,flBldgStrucDmgFn,850
fl-6.1-structure-851,fl,6.1,structure,RES1,,FEMA BCA Toolkit,BCA Toolkit 1-Story Without Basement Outside CAZ USACE Generic Riverine,,HazusFloodDamageFunctions_Hazus61.xlsx,flBldgStrucDmgFn,851
fl-6.1-structure-852,fl,6.1,structure,RES1,,FEMA BCA Toolkit,BCA Toolkit 2-Story Without Basement Outside CAZ USACE Generic Riverine,,HazusFloodDamageFunctions_Hazus61.xlsx,flBldgStrucDmgFn,852
fl-6.1-structure-853,fl,6.1,structure,RES1,,FEMA BCA Toolkit,BCA Toolkit Split Level Without Basement Outside CAZ USACE Generic Riverine,,HazusFloodDamageFunctions_Hazus61.xlsx,flBldgStrucDmgFn,853
fl-6.1-structure-854,fl,6.1,structure,RES1,,FEMA BCA Toolkit,BCA Toolkit 1-Story With Basement Outside CAZ USACE Generic Riverine,,HazusFloodDamageFunctions_Hazus61.xlsx,flBldgStrucDmgFn,854
fl-6.1-structure-855,fl,6.1,structure,RES1,,FEMA BCA Toolkit,BCA Toolkit 2-Story With Basement Outside CAZ USACE Generic Riverine,,HazusFloodDamageFunctions_Hazus61.xlsx,flBldgStrucDmgFn,855
fl-6.1-structure-856,fl,6.1,structure,RES1,,FEMA BCA Toolkit,BCA Toolkit Split Level With Basement Outside CAZ USACE Generic Riverine,,HazusFloodDamageFunctions_Hazus61.xlsx,flBldgStrucDmgFn,856
fl-6.1-structure-857,fl,6.1,structure,RES1,,USACE New Orleans,"One-Story, USACE - New Orleans: one story, Pier foundation, structure, fresh water, short duration",,HazusFloodDamageFunctions_Hazus61.xlsx,flBldgStrucDmgFn,857
fl-6.1-structure-858,fl,6.1,structure,RES1,,USACE New Orleans,"One-Story, USACE - New Orleans: one story, Pier foundation, structure, salt water, long duration",,HazusFloodDamageFunctions_Hazus61.xlsx,flBldgStrucDmgFn,858
fl-6.1-structure-859,fl,6.1,structure,RES1,,USACE New Orleans,"One-Story, USACE - New Orleans: one story, Slab foundation, structure, fresh water, short duration",,HazusFloodDamageFunctions_Hazus61.xlsx,flBldgStrucDmgFn,859
fl-6.1-structure-860,fl,6.1,structure,RES1,,USACE New Orleans,"One-Story, USACE - New Orleans: one story, Slab foundation, structure, salt water, long duration",,HazusFloodDamageFunctions_Hazus61.xlsx,flBldgStrucDmgFn,860
fl-6.1-structure-861,fl,6.1,structure,RES1,,USACE New Orleans,"Two or More, USACE - New Orleans: two story, Pier foundation, structure, fresh water, short duration",,HazusFloodDamageFunctions_Hazus61.xlsx,flBldgStrucDmgFn,861
fl-6.1-structure-862,fl,6.1,structure,RES1,,USACE New Orleans,"Two or More, USACE - New Orleans: two story, Pier foundation, structure, salt  water, long duration",,HazusFloodDamageFunctions_Hazus61.xlsx,flBldgStrucDmgFn,862
fl-6.1-structure-863,fl,6.1,structure,RES1,,USACE New Orleans,"Two or More, USACE - New Orleans: two story, Slab foundation, structure, fresh water, short duration",,HazusFloodDamageFunctions_Hazus61.xlsx,flBldgStrucDmgFn,863
fl-6.1-structure-864,fl,6.1,structure,RES1,,USACE New Orleans,"Two or More, USACE - New Orleans: two story, Slab foundation, structure, salt water, long duration",,HazusFloodDamageFunctions_Hazus61.xlsx,flBldgStrucDmgFn,864
fl-6.1-structure-865,fl,6.1,structure,RES1,,USACE St Paul,"One-Story, USACE - St. Paul: one story",,HazusFloodDamageFunctions_Hazus61.xlsx,flBldgStrucDmgFn,865
fl-6.1-structure-866,fl,6.1,structure,RES1,,USACE St Paul,"Two or More, USACE - St. Paul: two story",,HazusFloodDamageFunctions_Hazus61.xlsx,flBldgStrucDmgFn,866
fl-6.1-structure-867,fl,6.1,structure,RES1,,USACE Wilmington,"Split Level, USACE - Wilmington: one & 1/2 story",,HazusFloodDamageFunctions_Hazus61.xlsx,flBldgStrucDmgFn,867
fl-6.1-structure-868,fl,6.1,structure,RES1,,USACE Wilmington,"Split Level, USACE - Wilmington: one & 1/2 story w/ 1/2 living area below",,HazusFloodDamageFunctions_Hazus61.xlsx,flBldgStrucDmgFn,868
fl-6.1-structure-869,fl,6.1,structure,RES1,,USACE Wilmington,"Split Level, USACE - Wilmington: one & 1/2 story, Pile foundation",,HazusFloodDamageFunctions_Hazus61.xlsx,flBldgStrucDmgFn,869
fl-6.1-structure-870,fl,6.1,structure,RES1,,USACE Wilmington,"One-Story, USACE - Wilmington: one story",,HazusFloodDamageFunctions_Hazus61.xlsx,flBldgStrucDmgFn,870
fl-6.1-structure-871,fl,6.1,structure,RES1,,USACE Wilmington,"Split Level, USACE - Wilmington: one story w/ 1/2 living area below",,HazusFloodDamageFunctions_Hazus61.xlsx,flBldgStrucDmgFn,871
fl-6.1-structure-872,fl,6.1,structure,RES1,,USACE Wilmington,"One-Story, USACE - Wilmington: one story w/ basement",,HazusFloodDamageFunctions_Hazus61.xlsx,flBldgStrucDmgFn,872
fl-6.1-structure-873,fl,6.1,structure,RES1,,USACE Wilmington,"One-Story, USACE - Wilmington: one story, Pile foundation",,HazusFloodDamageFunctions_Hazus61.xlsx,flBldgStrucDmgFn,873
fl-6.1-structure-874,fl,6.1,structure,RES1,,USACE Wilmington,"Split Level, USACE - Wilmington: split level",,HazusFloodDamageFunctions_Hazus61.xlsx,flBldgStrucDmgFn,874
fl-6.1-structure-875,fl,6.1,structure,RES1,,USACE Wilmington,"Two or More, USACE - Wilmington: two story",,HazusFloodDamageFunctions_Hazus61.xlsx,flBldgStrucDmgFn,875
fl-6.1-structure-876,fl,6.1,structure,RES1,,USACE Wilmington,"Two or More, USACE - Wilmington: two story w/ 1/2 living area below",,HazusFloodDamageFunctions_Hazus61.xlsx,flBldgStrucDmgFn,876
fl-6.1-structure-877,fl,6.1,structure,RES1,,USACE Wilmington,"Two or More, USACE - Wilmington: two story, Pile foundation",,HazusFloodDamageFunctions_Hazus61.xlsx,flBldgStrucDmgFn,877
fl-6.1-structure-878,fl,6.1,structure,RES1,,USACE Generic,"One-Story, USACE Generic, with Basement",,HazusFloodDamageFunctions_Hazus61.xlsx,flBldgStrucDmgFn,878
fl-6.1-structure-879,fl,6.1,structure,RES1,,USACE Generic,"One-Story, USACE Generic, with No Basement",,HazusFloodDamageFunctions_Hazus61.xlsx,flBldgStrucDmgFn,879
fl-6.1-structure-880,fl,6.1,structure,RES1,,USACE Generic,"Split-Level, USACE Generic, with Basement",,HazusFloodDamageFunctions_Hazus61.xlsx,flBldgStrucDmgFn,880
fl-6.1-structure-881,fl,6.1,structure,RES1,,USACE Generic,"Split-Level, USACE Generic, with No Basement",,HazusFloodDamageFunctions_Hazus61.xlsx,flBldgStrucDmgFn,881
fl-6.1-structure-882,fl,6.1,structure,RES1,,USACE Generic,"Two or More Stories, USACE Generic, with Basement",,HazusFloodDamageFunctions_Hazus61.xlsx,flBldgStrucDmgFn,882
fl-6.1-structure-883,fl,6.1,structure,RES1,,USACE Generic,"Two or More Stories, USACE Generic, with No Basement",,HazusFloodDamageFunctions_Hazus61.xlsx,flBldgStrucDmgFn,883
fl-6.1-structure-884,fl,6.1,structure,RES1,,FEMA PFRA 2020,SFH 1-Story Deep Fnd Saltwater Inundation,,HazusFloodDamageFunctions_Hazus61.xlsx,flBldgStrucDmgFn,884
fl-6.1-structure-885,fl,6.1,structure,RES1,,FEMA PFRA 2020,SFH 1-Story Deep Fnd 1ft-2.9ft Waves,,HazusFloodDamageFunctions_Hazus61.xlsx,flBldgStrucDmgFn,885
fl-6.1-structure-886,fl,6.1,structure,RES1,,FEMA PFRA 2020,SFH 1-Story Deep Fnd 3ft and Greater Waves,,HazusFloodDamageFunctions_Hazus61.xlsx,flBldgStrucDmgFn,886
fl-6.1-structure-887,fl,6.1,structure,RES1,,FEMA PFRA 2020,SFH 2-Story Deep Fnd Saltwater Inundation,,HazusFloodDamageFunctions_Hazus61.xlsx,flBldgStrucDmgFn,887
fl-6.1-structure-888,fl,6.1,structure,RES1,,FEMA PFRA 2020,SFH 2-Story Deep Fnd 1ft-2.9ft Waves,,HazusFloodDamageFunctions_Hazus61.xlsx,flBldgStrucDmgFn,888
fl-6.1-structure-889,fl,6.1,structure,RES1,,FEMA PFRA 2020,SFH 2-Story Deep Fnd 3ft and Greater Waves,,HazusFloodDamageFunctions_Hazus61.xlsx,flBldgStrucDmgFn,889
fl-6.1-structure-890,fl,6.1,structure,RES1,,FEMA PFRA 2020,SFH 1-Story Shallow Fnd Saltwater Inundation,,HazusFloodDamageFunctions_Hazus61.xlsx,flBldgStrucDmgFn,890
fl-6.1-structure-891,fl,6.1,structure,RES1,,FEMA PFRA 2020,SFH 1-Story Shallow Fnd 1ft-2.9ft Waves,,HazusFloodDamageFunctions_Hazus61.xlsx,flBldgStrucDmgFn,891
fl-6.1-structure-892,fl,6.1,structure,RES1,,FEMA PFRA 2020,SFH 1-Story Shallow Fnd 3ft and Greater Waves,,HazusFloodDamageFunctions_Hazus61.xlsx,flBldgStrucDmgFn,892
fl-6.1-structure-893,fl,6.1,structure,RES1,,FEMA PFRA 2020,SFH 2-Story Shallow Fnd Saltwater Inundation,,HazusFloodDamageFunctions_Hazus61.xlsx,flBldgStrucDmgFn,893
fl-6.1-structure-894,fl,6.1,structure,RES1,,FEMA PFRA 2020,SFH 2-Story Shallow Fnd 1ft-2.9ft Waves,,HazusFloodDamageFunctions_Hazus61.xlsx,flBldgStrucDmgFn,894
fl-6.1-structure-895,fl,6.1,structure,RES1,,FEMA PFRA 2020,SFH 2-Story Shallow Fnd 3ft and Greater Waves,,HazusFloodDamageFunctions_Hazus61.xlsx,flBldgStrucDmgFn,895
fl-6.1-structure-896,fl,6.1,structure,RES1,,FEMA PFRA 2020,SFH 1-Story Basement Saltwater Inundation - Unfinished,,HazusFloodDamageFunctions_Hazus61.xlsx,flBldgStrucDmgFn,896
fl-6.1-structure-897,fl,6.1,structure,RES1,,FEMA PFRA 2020,SFH 1-Story Basement 1ft-2.9ft Waves - Unfinished,,HazusFloodDamageFunctions_Hazus61.xlsx,flBldgStrucDmgFn,897
fl-6.1-structure-898,fl,6.1,structure,RES1,,FEMA PFRA 2020,SFH 1-Story Basement 3ft and Greater Waves - Unfinished,,HazusFloodDamageFunctions_Hazus61.xlsx,flBldgStrucDmgFn,898
fl-6.1-structure-899,fl,6.1,structure,RES1,,FEMA PFRA 2020,SFH 1-Story Basement Saltwater Inundation - Finished,,HazusFloodDamageFunctions_Hazus61.xlsx,flBldgStrucDmgFn,899
fl-6.1-structure-900,fl,6.1,structure,RES1,,FEMA PFRA 2020,SFH 1-Story Basement 1ft-2.9ft Waves - Finished,,HazusFloodDamageFunctions_Hazus61.xlsx,flBldgStrucDmgFn,900
fl-6.1-structure-901,fl,6.1,structure,RES1,,FEMA PFRA 2020,SFH 1-Story Basement 3ft and Greater Waves - Finished,,HazusFloodDamageFunctions_Hazus61.xlsx,flBldgStrucDmgFn,901
fl-6.1-structure-902,fl,6.1,structure,RES1,,FEMA PFRA 2020,SFH 2-Story Basement Saltwater Inundation - Unfinished,,HazusFloodDamageFunctions_Hazus61.xlsx,flBldgStrucDmgFn,902
fl-6.1-structure-903,fl,6.1,structure,RES1,,FEMA PFRA 2020,SFH 2-Story Basement 1ft-2.9ft Waves - Unfinished,,HazusFloodDamageFunctions_Hazus61.xlsx,flBldgStrucDmgFn,903
fl-6.1-structure-904,fl,6.1,structure,RES1,,FEMA PFRA 2020,SFH 2-Story Basement 3ft and Greater Waves - Unfinished,,HazusFloodDamageFunctions_Hazus61.xlsx,flBldgStrucDmgFn,904
fl-6.1-structure-905,fl,6.1,structure,RES1,,FEMA PFRA 2020,SFH 2-Story Basement Saltwater Inundation - Finished,,HazusFloodDamageFunctions_Hazus61.xlsx,flBldgStrucDmgFn,905
fl-6.1-structure-906,fl,6.1,structure,RES1,,FEMA PFRA 2020,SFH 2-Story Basement 1ft-2.9ft Waves - Finished,,HazusFloodDamageFunctions_Hazus61.xlsx,flBldgStrucDmgFn,906
fl-6.1-structure-907,fl,6.1,structure,RES1,,FEMA PFRA 2020,SFH 2-Story Basement 3ft and Greater Waves - Finished,,HazusFloodDamageFunctions_Hazus61.xlsx,flBldgStrucDmgFn,907
fl-6.1-structure-908,fl,6.1,structure,RES1,,FEMA PFRA 2021,SFH 1-Story Deep Fnd Freshwater Inundation,,HazusFloodDamageFunctions_Hazus61.xlsx,flBldgStrucDmgFn,908
fl-6.1-structure-909,fl,6.1,structure,RES1,,FEMA PFRA 2021,SFH 2-Story Deep Fnd Freshwater Inundation,,HazusFloodDamageFunctions_Hazus61.xlsx,flBldgStrucDmgFn,909
fl-6.1-structure-910,fl,6.1,structure,RES1,,FEMA PFRA 2021,SFH 1-Story Shallow Fnd Freshwater Inundation,,HazusFloodDamageFunctions_Hazus61.xlsx,flBldgStrucDmgFn,910
fl-6.1-structure-911,fl,6.1,structure,RES1,,FEMA PFRA 2021,SFH 2-Story Shallow Fnd Freshwater Inundation,,HazusFloodDamageFunctions_Hazus61.xlsx,flBldgStrucDmgFn,911
fl-6.1-structure-912,fl,6.1,structure,RES1,,FEMA PFRA 2021,SFH 1-Story Basement Freshwater Inundation - Unfinished,,HazusFloodDamageFunctions_Hazus61.xlsx,flBldgStrucDmgFn,912
fl-6.1-structure-913,fl,6.1,structure,RES1,,FEMA PFRA 2021,SFH 1-Story Basement Freshwater Inundation - Finished,,HazusFloodDamageFunctions_Hazus61.xlsx,flBldgStrucDmgFn,913
fl-6.1-structure-914,fl,6.1,structure,RES1,,FEMA PFRA 2021,SFH 2-Story Basement Freshwater Inundation - Unfinished,,HazusFloodDamageFunctions_Hazus61.xlsx,flBldgStrucDmgFn,914
fl-6.1-structure-915,fl,6.1,structure,RES1,,FEMA PFRA 2021,SFH 2-Story Basement Freshwater Inundation - Finished,,HazusFloodDamageFunctions_Hazus61.xlsx,flBldgStrucDmgFn,915
fl-6.1-structure-916,fl,6.1,structure,RES1,,FEMA PFRA 2021,SFH 1-Story Pier / Crawlspace with openings - Freshwater Inundation Flooding,,HazusFloodDamageFunctions_Hazus61.xlsx,flBldgStrucDmgFn,916
fl-6.1-structure-917,fl,6.1,structure,RES1,,FEMA PFRA 2021,SFH 1-Story Pier / Crawlspace with openings - Freshwater Long Duration Inundation Flooding,,HazusFloodDamageFunctions_Hazus61.xlsx,flBldgStrucDmgFn,917
fl-6.1-structure-918,fl,6.1,structure,RES1,,FEMA PFRA 2021,SFH 1-Story Pier / Crawlspace with openings - Freshwater Moderate Velocity Flooding,,HazusFloodDamageFunctions_Hazus61.xlsx,flBldgStrucDmgFn,918
fl-6.1-structure-919,fl,6.1,structure,RES1,,FEMA PFRA 2021,SFH 1-Story Pier / Crawlspace with openings - Freshwater High Velocity Flooding,,HazusFloodDamageFunctions_Hazus61.xlsx,flBldgStrucDmgFn,919
fl-6.1-structure-920,fl,6.1,structure,RES1,,FEMA PFRA 2021,SFH 2-Story Pier / Crawlspace with openings - Freshwater Inundation Flooding,,HazusFloodDamageFunctions_Hazus61.xlsx,flBldgStrucDmgFn,920
fl-6.1-structure-921,fl,6.1,structure,RES1,,FEMA PFRA 2021,SFH 2-Story Pier / Crawlspace with openings - Freshwater Long Duration Inundation Flooding,,HazusFloodDamageFunctions_Hazus61.xlsx,flBldgStrucDmgFn,921
fl-6.1-structure-922,fl,6.1,structure,RES1,,FEMA PFRA 2021,SFH 2-Story Pier / Crawlspace with openings - Freshwater Moderate Velocity Flooding,,HazusFloodDamageFunctions_Hazus61.xlsx,flBldgStrucDmgFn,922
fl-6.1-structure-923,fl,6.1,structure,RES1,,FEMA PFRA 2021,SFH 2-Story Pier / Crawlspace with openings - Freshwater High Velocity Flooding,,HazusFloodDamageFunctions_Hazus61.xlsx,flBldgStrucDmgFn,923
fl-6.1-structure-924,fl,6.1,structure,RES1,,FEMA PFRA 2021,SFH 1-Story Crawlspace without openings - Freshwater Inundation Flooding,,HazusFloodDamageFunctions_Hazus61.xlsx,flBldgStrucDmgFn,924
fl-6.1-structure-925,fl,6.1,structure,RES1,,FEMA PFRA 2021,SFH 1-Story Crawlspace without openings - Freshwater Long Duration Inundation Flooding,,HazusFloodDamageFunctions_Hazus61.xlsx,flBldgStrucDmgFn,925
fl-6.1-structure-926,fl,6.1,structure,RES1,,FEMA PFRA 2021,SFH 1-Story Crawlspace without openings - Freshwater Moderate Velocity Flooding,,HazusFloodDamageFunctions_Hazus61.xlsx,flBldgStrucDmgFn,926
fl-6.1-structure-927,fl,6.1,structure,RES1,,FEMA PFRA 2021,SFH 1-Story Crawlspace without openings - Freshwater High Velocity Flooding,,HazusFloodDamageFunctions_Hazus61.xlsx,flBldgStrucDmgFn,927
fl-6.1-structure-928,fl,6.1,structure,RES1,,FEMA PFRA 2021,SFH 2-Story Crawlspace without openings - Freshwater Inundation Flooding,,HazusFloodDamageFunctions_Hazus61.xlsx,flBldgStrucDmgFn,928
fl-6.1-structure-929,fl,6.1,structure,RES1,,FEMA PFRA 2021,SFH 2-Story Crawlspace without openings - Freshwater Long Duration Inundation Flooding,,HazusFloodDamageFunctions_Hazus61.xlsx,flBldgStrucDmgFn,929
fl-6.1-structure-930,fl,6.1,structure,RES1,,FEMA PFRA 2021,SFH 2-Story Crawlspace without openings - Freshwater Moderate Velocity Flooding,,HazusFloodDamageFunctions_Hazus61.xlsx,flBldgStrucDmgFn,930
fl-6.1-structure-931,fl,6.1,structure,RES1,,FEMA PFRA 2021,SFH 2-Story Crawlspace without openings - Freshwater High Velocity Flooding,,HazusFloodDamageFunctions_Hazus61.xlsx,flBldgStrucDmgFn,931
fl-6.1-structure-932,fl,6.1,structure,RES1,,FEMA PFRA 2021,SFH 1-Story Slab on Grade - Freshwater Inundation Flooding,,HazusFloodDamageFunctions_Hazus61.xlsx,flBldgStrucDmgFn,932
fl-6.1-structure-933,fl,6.1,structure,RES1,,FEMA PFRA 2021,SFH 1-Story Slab on Grade - Freshwater Long Duration Inundation Flooding,,HazusFloodDamageFunctions_Hazus61.xlsx,flBldgStrucDmgFn,933
fl-6.1-structure-934,fl,6.1,structure,RES1,,FEMA PFRA 2021,SFH 1-Story Slab on Grade - Freshwater Moderate Velocity Flooding,,HazusFloodDamageFunctions_Hazus61.xlsx,flBldgStrucDmgFn,934
fl-6.1-structure-935,fl,6.1,structure,RES1,,FEMA PFRA 2021,SFH 1-Story Slab on Grade - Freshwater High Velocity Flooding,,HazusFloodDamageFunctions_Hazus61.xlsx,flBldgStrucDmgFn,935
fl-6.1-structure-936,fl,6.1,structure,RES1,,FEMA PFRA 2021,SFH 2-Story Slab on Grade - Freshwater Inundation Flooding,,HazusFloodDamageFunctions_Hazus61.xlsx,flBldgStrucDmgFn,936
fl-6.1-structure-937,fl,6.1,structure,RES1,,FEMA PFRA 2021,SFH 2-Story Slab on Grade - Freshwater Long Duration Inundation Flooding,,HazusFloodDamageFunctions_Hazus61.xlsx,flBldgStrucDmgFn,937
fl-6.1-structure-938,fl,6.1,structure,RES1,,FEMA PFRA 2021,SFH 2-Story Slab on Grade - Freshwater Moderate Velocity Flooding,,HazusFloodDamageFunctions_Hazus61.xlsx,flBldgStrucDmgFn,938
fl-6.1-structure-939,fl,6.1,structure,RES1,,FEMA PFRA 2021,SFH 2-Story Slab on Grade - Freshwater High Velocity Flooding,,HazusFloodDamageFunctions_Hazus61.xlsx,flBldgStrucDmgFn,939
fl-6.1-structure-940,fl,6.1,structure,RES1,,FEMA PFRA 2021,SFH 1-Story Basement - Freshwater Inundation Flooding,,HazusFloodDamageFunctions_Hazus61.xlsx,flBldgStrucDmgFn,940
fl-6.1-structure-941,fl,6.1,structure,RES1,,FEMA PFRA 2021,SFH 1-Story Basement - Freshwater Long Duration Inundation Flooding,,HazusFloodDamageFunctions_Hazus61.xlsx,flBldgStrucDmgFn,941
fl-6.1-structure-942,fl,6.1,structure,RES1,,FEMA PFRA 2021,SFH 1-Story Basement - Freshwater Moderate Velocity Flooding,,HazusFloodDamageFunctions_Hazus61.xlsx,flBldgStrucDmgFn,942
fl-6.1-structure-943,fl,6.1,structure,RES1,,FEMA PFRA 2021,SFH 1-Story Basement - Freshwater High Velocity Flooding,,HazusFloodDamageFunctions_Hazus61.xlsx,flBldgStrucDmgFn,943
fl-6.1-structure-944,fl,6.1,structure,RES1,,FEMA PFRA 2021,SFH 2-Story Basement - Freshwater Inundation Flooding,,HazusFloodDamageFunctions_Hazus61.xlsx,flBldgStrucDmgFn,944
fl-6.1-structure-945,fl,6.1,structure,RES1,,FEMA PFRA 2021,SFH 2-Story Basement - Freshwater Long Duration Inundation Flooding,,HazusFloodDamageFunctions_Hazus61.xlsx,flBldgStrucDmgFn,945
fl-6.1-structure-946,fl,6.1,structure,RES1,,FEMA PFRA 2021,SFH 2-Story Basement - Freshwater Moderate Velocity Flooding,,HazusFloodDamageFunctions_Hazus61.xlsx,flBldgStrucDmgFn,946
fl-6.1-structure-947,fl,6.1,structure,RES1,,FEMA PFRA 2021,SFH 2-Story Basement - Freshwater High Velocity Flooding,,HazusFloodDamageFunctions_Hazus61.xlsx,flBldgStrucDmgFn,947
fl-6.1-structure-948,fl,6.1,structure,RES1,,USACE NACCS,NACCS 5A - Single Story Residence - No Basement,,HazusFloodDamageFunctions_Hazus61.xlsx,flBldgStrucDmgFn,948
fl-6.1-structure-949,fl,6.1,structure,RES1,,USACE NACCS,NACCS 5A-Single Story Residence - No Basement Wave Crawlspace,,HazusFloodDamageFunctions_Hazus61.xlsx,flBldgStrucDmgFn,949
fl-6.1-structure-950,fl,6.1,structure,RES1,,USACE NACCS,NACCS 5B - Two Story Residence - No Basement,,HazusFloodDamageFunctions_Hazus61.xlsx,flBldgStrucDmgFn,950
fl-6.1-structure-951,fl,6.1,structure,RES1,,USACE NACCS,NACCS 5B-Two Story Residence - No Basement Wave Crawlspace,,HazusFloodDamageFunctions_Hazus61.xlsx,flBldgStrucDmgFn,951
fl-6.1-structure-952,fl,6.1,structure,RES1,,USACE NACCS,NACCS 6A - Single Story Residence With Basement,,HazusFloodDamageFunctions_Hazus61.xlsx,flBldgStrucDmgFn,952
fl-6.1-structure-953,fl,6.1,structure,RES1,,USACE NACCS,NACCS 6B - Two Story Residence With Basement,,HazusFloodDamageFunctions_Hazus61.xlsx,flBldgStrucDmgFn,953
fl-6.1-structure-954,fl,6.1,structure,RES1,,USACE NACCS,NACCS 7A - Building on Open Pile Foundation,,HazusFloodDamageFunctions_Hazus61.xlsx,flBldgStrucDmgFn,954
fl-6.1-structure-955,fl,6.1,structure,RES1,,USACE NACCS,NACCS 7A - Building on Open Pile Foundation Waves,,HazusFloodDamageFunctions_Hazus61.xlsx,flBldgStrucDmgFn,955
fl-6.1-structure-956,fl,6.1,structure,RES1,,USACE NACCS,NACCS 7B - Building on Pile Foundation with Enclosure,,HazusFloodDamageFunctions_Hazus61.xlsx,flBldgStrucDmgFn,956
fl-6.1-structure-957,fl,6.1,structure,RES1,,USACE NACCS,NACCS 7B - Building on Pile Foundation with Enclosure Waves,,HazusFloodDamageFunctions_Hazus61.xlsx,flBldgStrucDmgFn,957
fl-6.1-structure-958,fl,6.1,structure,RES1,,USACE Generic,"Single Family Residential Structures, 1 Story with Basements",,HazusFloodDamageFunctions_Hazus61.xlsx,flBldgStrucDmgFn,958
fl-6.1-structure-959,fl,6.1,structure,RES1,,USACE Generic,"Single Family Residential Structures, 2 or More Stories with Basements",,HazusFloodDamageFunctions_Hazus61.xlsx,flBldgStrucDmgFn,959
fl-6.1-structure-960,fl,6.1,structure,RES1,,USACE Generic,"Single Family Residential Structures, Split Level with Basements",,HazusFloodDamageFunctions_Hazus61.xlsx,flBldgStrucDmgFn,960
fl-6.1-structure-961,fl,6.1,structure,RES1,,USACE Generic,"Single Family Residential Structures, 1 Story with No Basement",,HazusFloodDamageFunctions_Hazus61.xlsx,flBldgStrucDmgFn,961
fl-6.1-structure-962,fl,6.1,structure,RES1,,USACE Generic,"Single Family Residential Structures, 2 or More Stories with No Basements",,HazusFloodDamageFunctions_Hazus61.xlsx,flBldgStrucDmgFn,962
fl-6.1-structure-963,fl,6.1,structure,RES1,,USACE Generic,"Single Family Residential Structures, Split Level with No Basements",,HazusFloodDamageFunctions_Hazus61.xlsx,flBldgStrucDmgFn,963
fl-6.1-structure-964,fl,6.1,structure,RES2,,FEMA FIMA,FEMA FIA Mobile Home Zone A,,HazusFloodDamageFunctions_Hazus61.xlsx,flBldgStrucDmgFn,964
fl-6.1-structure-965,fl,6.1,structure,RES2,,FEMA FIMA,FEMA FIA Mobile Home,,HazusFloodDamageFunctions_Hazus61.xlsx,flBldgStrucDmgFn,965
fl-6.1-structure-966,fl,6.1,structure,RES2,,FEMA FIMA,FEMA FIA (Default) Mobile Home,,HazusFloodDamageFunctions_Hazus61.xlsx,flBldgStrucDmgFn,966
fl-6.1-structure-967,fl,6.1,structure,RES2,,FEMA FIMA,FEMA FIA (Default) Mobile Home Zone A,,HazusFloodDamageFunctions_Hazus61.xlsx,flBldgStrucDmgFn,967
fl-6.1-structure-968,fl,6.1,structure,RES2,,FEMA BCA Toolkit,BCA Toolkit Manufactured Home CAZ and V Zone Expert Panel,,HazusFloodDamageFunctions_Hazus61.xlsx,flBldgStrucDmgFn,968
fl-6.1-structure-969,fl,6.1,structure,RES2,,FEMA BCA Toolkit,BCA Toolkit Mobile Home Outside CAZ FEMA FIA Riverine (Adjusted),,HazusFloodDamageFunctions_Hazus61.xlsx,flBldgStrucDmgFn,969
fl-6.1-structure-970,fl,6.1,structure,RES2,,USACE Wilmington,"mobile home, USACE - Wilmington: Mobile Home",,HazusFloodDamageFunctions_Hazus61.xlsx,flBldgStrucDmgFn,970
fl-6.1-structure-971,fl,6.1,structure,RES3,,Coastal Resilience Center,One-story residential building on a slab-on-grade foundation,,HazusFloodDamageFunctions_Hazus61.xlsx,flBldgStrucDmgFn,971
fl-6.1-structure-972,fl,6.1,structure,RES3,,Coastal Resilience Center,Two-story residential building on a slab-on-grade foundation,,HazusFloodDamageFunctions_Hazus61.xlsx,flBldgStrucDmgFn,972
fl-6.1-structure-973,fl,6.1,structure,RES3,,FEMA BCA Toolkit,"Apartment, Engineered",,HazusFloodDamageFunctions_Hazus61.xlsx,flBldgStrucDmgFn,973
fl-6.1-structure-974,fl,6.1,structure,RES3,,FEMA BCA Toolkit,"Apartment, Non-Engineered",,HazusFloodDamageFunctions_Hazus61.xlsx,flBldgStrucDmgFn,974
fl-6.1-structure-975,fl,6.1,structure,RES3,,FEMA CPFRA 2021,Low Rise Apartment - Shallow Foundation - Freshwater - Adjusted,,HazusFloodDamageFunctions_Hazus61.xlsx,flBldgStrucDmgFn,975
fl-6.1-structure-976,fl,6.1,structure,RES3,,FEMA CPFRA 2021,Low Rise Apartment - Shallow Foundation - Saltwater - Adjusted,,HazusFloodDamageFunctions_Hazus61.xlsx,flBldgStrucDmgFn,976
fl-6.1-structure-977,fl,6.1,structure,RES3,,FEMA CPFRA 2021,Low Rise Apartment - Shallow Foundation - Moderate Waves - Adjusted,,HazusFloodDamageFunctions_Hazus61.xlsx,flBldgStrucDmgFn,977
fl-6.1-structure-978,fl,6.1,structure,RES3,,FEMA CPFRA 2021,Low Rise Apartment - Shallow Foundation - High Waves - Adjusted (Source NACCS 1A-1),,HazusFloodDamageFunctions_Hazus61.xlsx,flBldgStrucDmgFn,978
fl-6.1-structure-979,fl,6.1,structure,RES3,,FEMA CPFRA 2021,Low Rise Apartment - Deep Foundation - Freshwater - Adjusted,,HazusFloodDamageFunctions_Hazus61.xlsx,flBldgStrucDmgFn,979
fl-6.1-structure-980,fl,6.1,structure,RES3,,FEMA CPFRA 2021,Low Rise Apartment - Deep Foundation - Saltwater - Adjusted,,HazusFloodDamageFunctions_Hazus61.xlsx,flBldgStrucDmgFn,980
fl-6.1-structure-981,fl,6.1,structure,RES3,,FEMA CPFRA 2021,Low Rise Apartment - Deep Foundation - Moderate Waves - Adjusted,,HazusFloodDamageFunctions_Hazus61.xlsx,flBldgStrucDmgFn,981
fl-6.1-structure-982,fl,6.1,structure,RES3,,FEMA CPFRA 2021,Low Rise Apartment - Deep Foundation - High Waves - Adjusted (Source NACCS 1A-1),,HazusFloodDamageFunctions_Hazus61.xlsx,flBldgStrucDmgFn,982
fl-6.1-structure-983,fl,6.1,structure,RES3,,FEMA CPFRA 2021,Low Rise Apartment - Basement Foundation - Freshwater - Adjusted,,HazusFloodDamageFunctions_Hazus61.xlsx,flBldgStrucDmgFn,983
fl-6.1-structure-984,fl,6.1,structure,RES3,,FEMA CPFRA 2021,Low Rise Apartment - Basement Foundation - Saltwater - Adjusted,,HazusFloodDamageFunctions_Hazus61.xlsx,flBldgStrucDmgFn,984
fl-6.1-structure-985,fl,6.1,structure,RES3,,FEMA CPFRA 2021,Low Rise Apartment - Basement Foundation - Moderate Waves - Adjusted,,HazusFloodDamageFunctions_Hazus61.xlsx,flBldgStrucDmgFn,985
fl-6.1-structure-986,fl,6.1,structure,RES3,,FEMA CPFRA 2021,Low Rise Apartment - Basement Foundation - High Waves - Adjusted (Source NACCS 1A-1),,HazusFloodDamageFunctions_Hazus61.xlsx,flBldgStrucDmgFn,986
fl-6.1-structure-987,fl,6.1,structure,RES3,,FEMA CPFRA 2021,Low Rise Apartment - Basement Foundation with Elevator - Freshwater - Adjusted,,HazusFloodDamageFunctions_Hazus61.xlsx,flBldgStrucDmgFn,987
fl-6.1-structure-988,fl,6.1,structure,RES3,,FEMA CPFRA 2021,Low Rise Apartment - Basement Foundation with Elevator - Saltwater - Adjusted,,HazusFloodDamageFunctions_Hazus61.xlsx,flBldgStrucDmgFn,988
fl-6.1-structure-989,fl,6.1,structure,RES3,,FEMA CPFRA 2021,Low Rise Apartment - Basement Foundation with Elevator - Moderate Waves - Adjusted,,HazusFloodDamageFunctions_Hazus61.xlsx,flBldgStrucDmgFn,989
fl-6.1-structure-990,fl,6.1,structure,RES3,,FEMA CPFRA 2021,Low Rise Apartment - Basement Foundation with Elevator - High Waves - Adjusted (Source NACCS 1A-1),,HazusFloodDamageFunctions_Hazus61.xlsx,flBldgStrucDmgFn,990
fl-6.1-structure-991,fl,6.1,structure,RES3,,USACE NACCS,NACCS 1A-1 - Apartments - 1 Story - No Basement,,HazusFloodDamageFunctions_Hazus61.xlsx,flBldgStrucDmgFn,991
fl-6.1-structure-992,fl,6.1,structure,RES3,,USACE NACCS,NACCS 1A-3 - Apartments - 3 Story - No Basement,,HazusFloodDamageFunctions_Hazus61.xlsx,flBldgStrucDmgFn,992
fl-6.1-structure-993,fl,6.1,structure,RES3,,USACE NACCS,NACCS 4A - Urban High Rise,,HazusFloodDamageFunctions_Hazus61.xlsx,flBldgStrucDmgFn,993
fl-6.1-structure-994,fl,6.1,structure,RES3,,USACE NACCS,NACCS 4B - Beach High Rise,,HazusFloodDamageFunctions_Hazus61.xlsx,flBldgStrucDmgFn,994
fl-6.1-structure-995,fl,6.1,structure,RES3,,USACE NACCS,NACCS 4B - Beach High Rise - Waves,,HazusFloodDamageFunctions_Hazus61.xlsx,flBldgStrucDmgFn,995
fl-6.1-structure-996,fl,6.1,structure,RES4,,FEMA BCA Toolkit,"Hotel, Engineered",,HazusFloodDamageFunctions_Hazus61.xlsx,flBldgStrucDmgFn,996
fl-6.1-structure-997,fl,6.1,structure,RES4,,FEMA BCA Toolkit,"Hotel, Non-Engineered",,HazusFloodDamageFunctions_Hazus61.xlsx,flBldgStrucDmgFn,997
fl-6.1-structure-998,fl,6.1,structure,RES5,,FEMA BCA Toolkit,"Correctional Facility, Engineered",,HazusFloodDamageFunctions_Hazus61.xlsx,flBldgStrucDmgFn,998
fl-6.1-structure-999,fl,6.1,structure,RES5,,FEMA BCA Toolkit,"Correctional Facility, Non-Engineered",,HazusFloodDamageFunctions_Hazus61.xlsx,flBldgStrucDmgFn,999
fl-4.0-contents-21,fl,4.0,contents,RES1,,FIA,"one floor, no basement, Contents, A-Zone",,flBldgContDmgFn.csv,flBldgContDmgFn,21
fl-4.0-contents-22,fl,4.0,contents,RES1,,FIA,"one floor, w/ basement, Contents, A-Zone",,flBldgContDmgFn.csv,flBldgContDmgFn,22
fl-4.0-contents-23,fl,4.0,contents,RES1,,FIA,"two floors, no basement, Contents, A-Zone",,flBldgContDmgFn.csv,flBldgContDmgFn,23
fl-4.0-contents-24,fl,4.0,contents,RES1,,FIA (MOD.),"two floors, w/ basement, Contents, A-Zone",,flBldgContDmgFn.csv,flBldgContDmgFn,24
fl-4.0-contents-25,fl,4.0,contents,RES1,,FIA (MOD.),"three or more floors, no basement, Contents, A-Zone",,flBldgContDmgFn.csv,flBldgContDmgFn,25
fl-4.0-contents-26,fl,4.0,contents,RES1,,FIA (MOD.),"three or more floors, w/ basement, Contents, A-Zone",,flBldgContDmgFn.csv,flBldgContDmgFn,26
fl-4.0-contents-27,fl,4.0,contents,RES1,,FIA,"split level, no basement, Contents, A-Zone",,flBldgContDmgFn.csv,flBldgContDmgFn,27
fl-4.0-contents-28,fl,4.0,contents,RES1,,FIA (MOD.),"split level, w/ basement, Contents, A-Zone",,flBldgContDmgFn.csv,flBldgContDmgFn,28
fl-4.0-contents-29,fl,4.0,contents,RES1,,FIA,"one floor, no basement, Contents, V-Zone",,flBldgContDmgFn.csv,flBldgContDmgFn,29
fl-4.0-contents-30,fl,4.0,contents,RES1,,FIA,"one floor, w/ basement, Contents, V-Zone",,flBldgContDmgFn.csv,flBldgContDmgFn,30
fl-4.0-contents-31,fl,4.0,contents,RES1,,FIA,"two floors, no basement, Contents, V-Zone",,flBldgContDmgFn.csv,flBldgContDmgFn,31
fl-4.0-contents-32,fl,4.0,contents,RES1,,FIA (MOD.),"two floors, w/ basement, Contents, V-Zone",,flBldgContDmgFn.csv,flBldgContDmgFn,32
fl-4.0-contents-33,fl,4.0,contents,RES1,,FIA (MOD.),"three or more floors, no basement, Contents, V-Zone",,flBldgContDmgFn.csv,flBldgContDmgFn,33
fl-4.0-contents-34,fl,4.0,contents,RES1,,FIA (MOD.),"three or more floors, w/ basement, Contents, V-Zone",,flBldgContDmgFn.csv,flBldgContDmgFn,34
fl-4.0-contents-35,fl,4.0,contents,RES1,,FIA,"split level, no basement, Contents, V-Zone",,flBldgContDmgFn.csv,flBldgContDmgFn,35
fl-4.0-contents-36,fl,4.0,contents,RES1,,FIA (MOD.),"split level, w/ basement, Contents, V-Zone",,flBldgContDmgFn.csv,flBldgContDmgFn,36
fl-4.0-contents-45,fl,4.0,contents,RES1,,USACE - IWR,"one story, no basement, Contents",,flBldgContDmgFn.csv,flBldgContDmgFn,45
fl-4.0-contents-46,fl,4.0,contents,RES1,,USACE - IWR,"two or more stories, no basement, Contents",,flBldgContDmgFn.csv,flBldgContDmgFn,46
fl-4.0-contents-47,fl,4.0,contents,RES1,,USACE - IWR,"split level, no basement, Contents",,flBldgContDmgFn.csv,flBldgContDmgFn,47
fl-4.0-contents-48,fl,4.0,contents,RES1,,USACE - Chicago,"one story, no basement, Contents",,flBldgContDmgFn.csv,flBldgContDmgFn,48
fl-4.0-contents-49,fl,4.0,contents,RES1,,USACE - Chicago,"one story, w/ basement, Contents",,flBldgContDmgFn.csv,flBldgContDmgFn,49
fl-4.0-contents-50,fl,4.0,contents,RES1,,USACE - Chicago,"split level, no basement, Contents",,flBldgContDmgFn.csv,flBldgContDmgFn,50
fl-4.0-contents-51,fl,4.0,contents,RES1,,USACE - Chicago,"split level, w/ basement, Contents",,flBldgContDmgFn.csv,flBldgContDmgFn,51
fl-4.0-contents-52,fl,4.0,contents,RES1,,USACE - Chicago,"two story, no basement, Contents",,flBldgContDmgFn.csv,flBldgContDmgFn,52
fl-4.0-contents-53,fl,4.0,contents,RES1,,USACE - Chicago,"two story, w/ basement, Contents",,flBldgContDmgFn.csv,flBldgContDmgFn,53
fl-4.0-contents-54,fl,4.0,contents,RES1,,USACE - Galveston,"one & 1/2 story, no basement, Contents",,flBldgContDmgFn.csv,flBldgContDmgFn,54
fl-4.0-contents-55,fl,4.0,contents,RES1,,USACE - Galveston,"one story, no basement, Contents",,flBldgContDmgFn.csv,flBldgContDmgFn,55
fl-4.0-contents-56,fl,4.0,contents,RES1,,USACE - Galveston,"two story, no basement, Contents",,flBldgContDmgFn.csv,flBldgContDmgFn,56
fl-4.0-contents-57,fl,4.0,contents,RES1,,USACE - New Orleans,"one story, Contents, fresh water, short duration",,flBldgContDmgFn.csv,flBldgContDmgFn,57
fl-4.0-contents-58,fl,4.0,contents,RES1,,USACE - New Orleans,"one story, Contents, salt water, long duration",,flBldgContDmgFn.csv,flBldgContDmgFn,58
fl-4.0-contents-59,fl,4.0,contents,RES1,,USACE - New Orleans,"two story, Contents, fresh water, short duration",,flBldgContDmgFn.csv,flBldgContDmgFn,59
fl-4.0-contents-60,fl,4.0,contents,RES1,,USACE - New Orleans,"two story, Contents, salt water, long duration",,flBldgContDmgFn.csv,flBldgContDmgFn,60
fl-4.0-contents-61,fl,4.0,contents,RES1,,USACE - St. Paul,"one story, Contents",,flBldgContDmgFn.csv,flBldgContDmgFn,61
fl-4.0-contents-62,fl,4.0,contents,RES1,,USACE - St. Paul,"two story, Contents",,flBldgContDmgFn.csv,flBldgContDmgFn,62
fl-4.0-contents-63,fl,4.0,contents,RES1,,USACE - Wilmington,"one & 1/2 story, pile foundation, Contents",,flBldgContDmgFn.csv,flBldgContDmgFn,63
fl-4.0-contents-64,fl,4.0,contents,RES1,,USACE - Wilmington,"one & 1/2 story, Contents",,flBldgContDmgFn.csv,flBldgContDmgFn,64
fl-4.0-contents-65,fl,4.0,contents,RES1,,USACE - Wilmington,"one & 1/2 story w/ 1/2 living area below, Contents",,flBldgContDmgFn.csv,flBldgContDmgFn,65
fl-4.0-contents-66,fl,4.0,contents,RES1,,USACE - Wilmington,"one story, pile foundation, contents",,flBldgContDmgFn.csv,flBldgContDmgFn,66
fl-4.0-contents-67,fl,4.0,contents,RES1,,USACE - Wilmington,"one story, Contents",,flBldgContDmgFn.csv,flBldgContDmgFn,67
fl-4.0-contents-68,fl,4.0,contents,RES1,,USACE - Wilmington,"one story w/ 1/2 living area below, Contents",,flBldgContDmgFn.csv,flBldgContDmgFn,68
fl-4.0-contents-69,fl,4.0,contents,RES1,,USACE - Wilmington,"one story w/ basement, Contents",,flBldgContDmgFn.csv,flBldgContDmgFn,69
fl-4.0-contents-70,fl,4.0,contents,RES1,,USACE - Wilmington,"split level, Contents",,flBldgContDmgFn.csv,flBldgContDmgFn,70
fl-4.0-contents-71,fl,4.0,contents,RES1,,USACE - Wilmington,"two story, pile foundation, contents",,flBldgContDmgFn.csv,flBldgContDmgFn,71
fl-4.0-contents-72,fl,4.0,contents,RES1,,USACE - Wilmington,"two story, Contents",,flBldgContDmgFn.csv,flBldgContDmgFn,72
fl-4.0-contents-73,fl,4.0,contents,RES1,,USACE - Wilmington,"two story w/ 1/2 living area below, Contents",,flBldgContDmgFn.csv,flBldgContDmgFn,73
fl-4.0-contents-74,fl,4.0,contents,RES2,,FIA,"Mobile Home, Contents, A-Zone",,flBldgContDmgFn.csv,flBldgContDmgFn,74
fl-4.0-contents-75,fl,4.0,contents,RES2,,FIA,"Mobile Home, Contents, V-Zone",,flBldgContDmgFn.csv,flBldgContDmgFn,75
fl-4.0-contents-76,fl,4.0,contents,RES2,,USACE - Chicago,"Mobile Home, Contents",,flBldgContDmgFn.csv,flBldgContDmgFn,76
fl-4.0-contents-77,fl,4.0,contents,RES2,,USACE - Galveston,"Mobile Home, Contents",,flBldgContDmgFn.csv,flBldgContDmgFn,77
fl-4.0-contents-78,fl,4.0,contents,RES2,,USACE - New Orleans,"Mobile Home, Contents, fresh water, short duration",,flBldgContDmgFn.csv,flBldgContDmgFn,78
fl-4.0-contents-79,fl,4.0,contents,RES2,,USACE - New Orleans,"Mobile Home, Contents, salt water, long duration",,flBldgContDmgFn.csv,flBldgContDmgFn,79
fl-4.0-contents-80,fl,4.0,contents,RES2,,USACE - Wilmington,"Mobile Home, Contents",,flBldgContDmgFn.csv,flBldgContDmgFn,80
fl-4.0-contents-81,fl,4.0,contents,RES3,,USACE - Chicago,"Apartment Unit Grade, Contents",,flBldgContDmgFn.csv,flBldgContDmgFn,81
fl-4.0-contents-82,fl,4.0,contents,RES3,,USACE - Chicago,"Apartment Unit Sub-Grade, Contents",,flBldgContDmgFn.csv,flBldgContDmgFn,82
fl-4.0-contents-83,fl,4.0,contents,RES3,,USACE - Galveston,"Apartment, living area on one floor, Contents",,flBldgContDmgFn.csv,flBldgContDmgFn,83
fl-4.0-contents-84,fl,4.0,contents,RES3,,USACE - Galveston,"Condominium, living area on multiple floors, Contents",,flBldgContDmgFn.csv,flBldgContDmgFn,84
fl-4.0-contents-85,fl,4.0,contents,RES4,,USACE - Galveston,"Average hotel/motel, Contents (Equipment/Inventory)",,flBldgContDmgFn.csv,flBldgContDmgFn,85
fl-4.0-contents-86,fl,4.0,contents,RES4,,USACE - Galveston,"Hotel, contents (Equipment)",,flBldgContDmgFn.csv,flBldgContDmgFn,86
fl-4.0-contents-87,fl,4.0,contents,RES4,,USACE - Galveston,"Motel Unit, contents (Inventory)",,flBldgContDmgFn.csv,flBldgContDmgFn,87
fl-4.0-contents-88,fl,4.0,contents,RES5,,USACE - Galveston,"Average institutional dormitory, contents",,flBldgContDmgFn.csv,flBldgContDmgFn,88
fl-4.0-contents-89,fl,4.0,contents,RES6,,USACE - Galveston,"Nursing Home, contents (Equipment)",,flBldgContDmgFn.csv,flBldgContDmgFn,89
fl-4.0-contents-90,fl,4.0,contents,COM1,,USACE - Galveston,Average retail trade contents (Inventory/Equipment),,flBldgContDmgFn.csv,flBldgContDmgFn,90
fl-4.0-contents-91,fl,4.0,contents,COM1,,USACE - Galveston,"Antique, contents (Inventory)",,flBldgContDmgFn.csv,flBldgContDmgFn,91
fl-4.0-contents-92,fl,4.0,contents,COM1,,USACE - Galveston,"Appliance Sales, contents (Equipment)",,flBldgContDmgFn.csv,flBldgContDmgFn,92
fl-4.0-contents-93,fl,4.0,contents,COM1,,USACE - Galveston,"Appliance Sales, contents (Inventory)",,flBldgContDmgFn.csv,flBldgContDmgFn,93
fl-4.0-contents-94,fl,4.0,contents,COM1,,USACE - Galveston,"Large Auto Dealer, contents (Inventory)",,flBldgContDmgFn.csv,flBldgContDmgFn,94
fl-4.0-contents-95,fl,4.0,contents,COM1,,USACE - Galveston,"Bait Stand, contents (Inventory)",,flBldgContDmgFn.csv,flBldgContDmgFn,95
fl-4.0-contents-96,fl,4.0,contents,COM1,,USACE - Galveston,"Bakery, contents (Equipment)",,flBldgContDmgFn.csv,flBldgContDmgFn,96
fl-4.0-contents-97,fl,4.0,contents,COM1,,USACE - Galveston,"Bakery, contents (Inventory)",,flBldgContDmgFn.csv,flBldgContDmgFn,97
fl-4.0-contents-98,fl,4.0,contents,COM1,,USACE - Galveston,"Boat Sales/Service, contents (Equipment)",,flBldgContDmgFn.csv,flBldgContDmgFn,98
fl-4.0-contents-99,fl,4.0,contents,COM1,,USACE - Galveston,"Boat Sales/Service, contents (Inventory)",,flBldgContDmgFn.csv,flBldgContDmgFn,99
fl-4.0-contents-100,fl,4.0,contents,COM1,,USACE - Galveston,"Book Store, contents (Inventory)",,flBldgContDmgFn.csv,flBldgContDmgFn,100
fl-4.0-contents-101,fl,4.0,contents,COM1,,USACE - Galveston,"Camera Store, contents (Inventory)",,flBldgContDmgFn.csv,flBldgContDmgFn,101
fl-4.0-contents-102,fl,4.0,contents,COM1,,USACE - Galveston,"Carpet and Paint Shop, contents (Equipment)",,flBldgContDmgFn.csv,flBldgContDmgFn,102
fl-4.0-contents-103,fl,4.0,contents,COM1,,USACE - Galveston,"Carpet and Paint Shop, contents (Inventory)",,flBldgContDmgFn.csv,flBldgContDmgFn,103
fl-4.0-contents-104,fl,4.0,contents,COM1,,USACE - Galveston,"Mens Clothing, contents (Equipment)",,flBldgContDmgFn.csv,flBldgContDmgFn,104
fl-4.0-contents-105,fl,4.0,contents,COM1,,USACE - Galveston,"Mens Clothing, contents (Inventory)",,flBldgContDmgFn.csv,flBldgContDmgFn,105
fl-4.0-contents-106,fl,4.0,contents,COM1,,USACE - Galveston,"Crafts, contents (Equipment)",,flBldgContDmgFn.csv,flBldgContDmgFn,106
fl-4.0-contents-107,fl,4.0,contents,COM1,,USACE - Galveston,"Crafts, contents (Inventory)",,flBldgContDmgFn.csv,flBldgContDmgFn,107
fl-4.0-contents-108,fl,4.0,contents,COM1,,USACE - Galveston,"Chain Drug Store, contents (Inventory)",,flBldgContDmgFn.csv,flBldgContDmgFn,108
fl-4.0-contents-109,fl,4.0,contents,COM1,,USACE - Galveston,"Fabric Store, contents (Equipment)",,flBldgContDmgFn.csv,flBldgContDmgFn,109
fl-4.0-contents-110,fl,4.0,contents,COM1,,USACE - Galveston,"Fabric Store, contents (Inventory)",,flBldgContDmgFn.csv,flBldgContDmgFn,110
fl-4.0-contents-111,fl,4.0,contents,COM1,,USACE - Galveston,"Feed Store, contents (Equipment)",,flBldgContDmgFn.csv,flBldgContDmgFn,111
fl-4.0-contents-112,fl,4.0,contents,COM1,,USACE - Galveston,"Feed Store, contents (Inventory)",,flBldgContDmgFn.csv,flBldgContDmgFn,112
fl-4.0-contents-113,fl,4.0,contents,COM1,,USACE - Galveston,"Florist, contents (Equipment)",,flBldgContDmgFn.csv,flBldgContDmgFn,113
fl-4.0-contents-114,fl,4.0,contents,COM1,,USACE - Galveston,"Florist, contents (Inventory)",,flBldgContDmgFn.csv,flBldgContDmgFn,114
fl-4.0-contents-115,fl,4.0,contents,COM1,,USACE - Galveston,"Fruit Stand, contents (Inventory)",,flBldgContDmgFn.csv,flBldgContDmgFn,115
fl-4.0-contents-116,fl,4.0,contents,COM1,,USACE - Galveston,"Large Furniture Store, contents (Inventory)",,flBldgContDmgFn.csv,flBldgContDmgFn,116
fl-4.0-contents-117,fl,4.0,contents,COM1,,USACE - Galveston,"Gas/Butane Supply, contents (Equipment)",,flBldgContDmgFn.csv,flBldgContDmgFn,117
fl-4.0-contents-118,fl,4.0,contents,COM1,,USACE - Galveston,"Gift Shop, contents (Inventory)",,flBldgContDmgFn.csv,flBldgContDmgFn,118
fl-4.0-contents-119,fl,4.0,contents,COM1,,USACE - Galveston,"Greenhouse, contents (Equipment)",,flBldgContDmgFn.csv,flBldgContDmgFn,119
fl-4.0-contents-120,fl,4.0,contents,COM1,,USACE - Galveston,"Greenhouse, contents (Inventory)",,flBldgContDmgFn.csv,flBldgContDmgFn,120
fl-4.0-contents-121,fl,4.0,contents,COM1,,USACE - Galveston,"Small Grocery, contents (Equipment)",,flBldgContDmgFn.csv,flBldgContDmgFn,121
fl-4.0-contents-122,fl,4.0,contents,COM1,,USACE - Galveston,"Small Grocery, contents (Inventory)",,flBldgContDmgFn.csv,flBldgContDmgFn,122
fl-4.0-contents-123,fl,4.0,contents,COM1,,USACE - Galveston,"Medium Grocery, contents (Equipment)",,flBldgContDmgFn.csv,flBldgContDmgFn,123
fl-4.0-contents-124,fl,4.0,contents,COM1,,USACE - Galveston,"Medium Grocery, contents (Inventory)",,flBldgContDmgFn.csv,flBldgContDmgFn,124
fl-4.0-contents-125,fl,4.0,contents,COM1,,USACE - Galveston,"Gun Shop, contents (Equipment)",,flBldgContDmgFn.csv,flBldgContDmgFn,125
fl-4.0-contents-126,fl,4.0,contents,COM1,,USACE - Galveston,"Gun Shop, contents (Inventory)",,flBldgContDmgFn.csv,flBldgContDmgFn,126
fl-4.0-contents-127,fl,4.0,contents,COM1,,USACE - Galveston,"Hardware, contents (Equipment)",,flBldgContDmgFn.csv,flBldgContDmgFn,127
fl-4.0-contents-128,fl,4.0,contents,COM1,,USACE - Galveston,"Hardware, contents (Inventory)",,flBldgContDmgFn.csv,flBldgContDmgFn,128
fl-4.0-contents-129,fl,4.0,contents,COM1,,USACE - Galveston,"Hobby Shop, contents (Equipment)",,flBldgContDmgFn.csv,flBldgContDmgFn,129
fl-4.0-contents-130,fl,4.0,contents,COM1,,USACE - Galveston,"Hobby Shop, contents (Inventory)",,flBldgContDmgFn.csv,flBldgContDmgFn,130
fl-4.0-contents-131,fl,4.0,contents,COM1,,USACE - Galveston,"Lawnmower, contents (Equipment)",,flBldgContDmgFn.csv,flBldgContDmgFn,131
fl-4.0-contents-132,fl,4.0,contents,COM1,,USACE - Galveston,"Lawnmower, contents (Inventory)",,flBldgContDmgFn.csv,flBldgContDmgFn,132
fl-4.0-contents-133,fl,4.0,contents,COM1,,USACE - Galveston,"Liquor Store, contents (Equipment)",,flBldgContDmgFn.csv,flBldgContDmgFn,133
fl-4.0-contents-134,fl,4.0,contents,COM1,,USACE - Galveston,"Liquor Store, contents (Inventory)",,flBldgContDmgFn.csv,flBldgContDmgFn,134
fl-4.0-contents-135,fl,4.0,contents,COM1,,USACE - Galveston,"Meat Market, contents (Equipment)",,flBldgContDmgFn.csv,flBldgContDmgFn,135
fl-4.0-contents-136,fl,4.0,contents,COM1,,USACE - Galveston,"Meat Market, contents (Inventory)",,flBldgContDmgFn.csv,flBldgContDmgFn,136
fl-4.0-contents-137,fl,4.0,contents,COM1,,USACE - Galveston,"Motorcycle Dealer, contents (Equipment)",,flBldgContDmgFn.csv,flBldgContDmgFn,137
fl-4.0-contents-138,fl,4.0,contents,COM1,,USACE - Galveston,"Motorcycle Dealer, contents (Inventory)",,flBldgContDmgFn.csv,flBldgContDmgFn,138
fl-4.0-contents-139,fl,4.0,contents,COM1,,USACE - Galveston,"Music Center, contents (Equipment)",,flBldgContDmgFn.csv,flBldgContDmgFn,139
fl-4.0-contents-140,fl,4.0,contents,COM1,,USACE - Galveston,"Music Center, contents (Inventory)",,flBldgContDmgFn.csv,flBldgContDmgFn,140
fl-4.0-contents-141,fl,4.0,contents,COM1,,USACE - Galveston,"Plant Nursery, contents (Equipment)",,flBldgContDmgFn.csv,flBldgContDmgFn,141
fl-4.0-contents-142,fl,4.0,contents,COM1,,USACE - Galveston,"Plant Nursery, contents (Inventory)",,flBldgContDmgFn.csv,flBldgContDmgFn,142
fl-4.0-contents-143,fl,4.0,contents,COM1,,USACE - Galveston,"Paint Store, contents (Equipment)",,flBldgContDmgFn.csv,flBldgContDmgFn,143
fl-4.0-contents-144,fl,4.0,contents,COM1,,USACE - Galveston,"Paint Store, contents (Inventory)",,flBldgContDmgFn.csv,flBldgContDmgFn,144
fl-4.0-contents-145,fl,4.0,contents,COM1,,USACE - Galveston,"Pawn Shop, contents (Equipment)",,flBldgContDmgFn.csv,flBldgContDmgFn,145
fl-4.0-contents-146,fl,4.0,contents,COM1,,USACE - Galveston,"Pawn Shop, contents (Inventory)",,flBldgContDmgFn.csv,flBldgContDmgFn,146
fl-4.0-contents-147,fl,4.0,contents,COM1,,USACE - Galveston,"Remnant Shop, contents (Equipment)",,flBldgContDmgFn.csv,flBldgContDmgFn,147
fl-4.0-contents-148,fl,4.0,contents,COM1,,USACE - Galveston,"Remnant Shop, contents (Inventory)",,flBldgContDmgFn.csv,flBldgContDmgFn,148
fl-4.0-contents-149,fl,4.0,contents,COM1,,USACE - Galveston,"Service Station, contents (Equipment)",,flBldgContDmgFn.csv,flBldgContDmgFn,149
fl-4.0-contents-150,fl,4.0,contents,COM1,,USACE - Galveston,"Service Station, contents (Inventory)",,flBldgContDmgFn.csv,flBldgContDmgFn,150
fl-4.0-contents-151,fl,4.0,contents,COM1,,USACE - Galveston,"Shoe Repair, contents (Equipment)",,flBldgContDmgFn.csv,flBldgContDmgFn,151
fl-4.0-contents-152,fl,4.0,contents,COM1,,USACE - Galveston,"Shoe Repair, contents (Inventory)",,flBldgContDmgFn.csv,flBldgContDmgFn,152
fl-4.0-contents-153,fl,4.0,contents,COM1,,USACE - Galveston,"Toy Store, contents (Inventory)",,flBldgContDmgFn.csv,flBldgContDmgFn,153
fl-4.0-contents-154,fl,4.0,contents,COM1,,USACE - Galveston,"Tractor Sales, contents (Equipment)",,flBldgContDmgFn.csv,flBldgContDmgFn,154
fl-4.0-contents-155,fl,4.0,contents,COM1,,USACE - Galveston,"Tractor Sales, contents (Inventory)",,flBldgContDmgFn.csv,flBldgContDmgFn,155
fl-4.0-contents-156,fl,4.0,contents,COM1,,USACE - Galveston,"Trailer Sales, contents (Inventory)",,flBldgContDmgFn.csv,flBldgContDmgFn,156
fl-4.0-contents-157,fl,4.0,contents,COM1,,USACE - Galveston,"Trophy Shop, contents (Equipment)",,flBldgContDmgFn.csv,flBldgContDmgFn,157
fl-4.0-contents-158,fl,4.0,contents,COM1,,USACE - Galveston,"Trophy Shop, contents (Inventory)",,flBldgContDmgFn.csv,flBldgContDmgFn,158
fl-4.0-contents-159,fl,4.0,contents,COM1,,USACE - Galveston,"Upholstery Shop, contents (Equipment)",,flBldgContDmgFn.csv,flBldgContDmgFn,159
fl-4.0-contents-160,fl,4.0,contents,COM1,,USACE - Galveston,"Upholstery Shop, contents (Inventory)",,flBldgContDmgFn.csv,flBldgContDmgFn,160
fl-4.0-contents-161,fl,4.0,contents,COM1,,USACE - Galveston,"Used Appliances/Cloth, contents (Equipment)",,flBldgContDmgFn.csv,flBldgContDmgFn,161
fl-4.0-contents-162,fl,4.0,contents,COM1,,USACE - Galveston,"Used Appliances/Cloth, contents (Inventory)",,flBldgContDmgFn.csv,flBldgContDmgFn,162
fl-4.0-contents-163,fl,4.0,contents,COM1,,USACE - Galveston,"Used Furniture, contents (Equipment)",,flBldgContDmgFn.csv,flBldgContDmgFn,163
fl-4.0-contents-164,fl,4.0,contents,COM1,,USACE - Galveston,"Used Furniture, contents (Inventory)",,flBldgContDmgFn.csv,flBldgContDmgFn,164
fl-4.0-contents-165,fl,4.0,contents,COM1,,USACE - Galveston,"Vacuum Cleaner Sales, contents (Equipment)",,flBldgContDmgFn.csv,flBldgContDmgFn,165
fl-4.0-contents-166,fl,4.0,contents,COM1,,USACE - Galveston,"Vacuum Cleaner Sales, contents (Inventory)",,flBldgContDmgFn.csv,flBldgContDmgFn,166
fl-4.0-contents-167,fl,4.0,contents,COM1,,USACE - Galveston,"Video Games, contents (Equipment)",,flBldgContDmgFn.csv,flBldgContDmgFn,167
fl-4.0-contents-168,fl,4.0,contents,COM1,,USACE - Galveston,"Video Games, contents (Inventory)",,flBldgContDmgFn.csv,flBldgContDmgFn,168
fl-4.0-contents-169,fl,4.0,contents,COM1,,USACE - New Orleans,"Bakery, contents, salt water, long duration",,flBldgContDmgFn.csv,flBldgContDmgFn,169
fl-4.0-contents-170,fl,4.0,contents,COM1,,USACE - New Orleans,"Bakery, contents, fresh water, short duration",,flBldgContDmgFn.csv,flBldgContDmgFn,170
fl-4.0-contents-171,fl,4.0,contents,COM1,,USACE - New Orleans,"Candy Store, contents, salt water, long duration",,flBldgContDmgFn.csv,flBldgContDmgFn,171
fl-4.0-contents-172,fl,4.0,contents,COM1,,USACE - New Orleans,"Candy Store, contents, fresh water, short duration",,flBldgContDmgFn.csv,flBldgContDmgFn,172
fl-4.0-contents-173,fl,4.0,contents,COM1,,USACE - New Orleans,"Clothing Store, contents, salt water, long duration",,flBldgContDmgFn.csv,flBldgContDmgFn,173
fl-4.0-contents-174,fl,4.0,contents,COM1,,USACE - New Orleans,"Clothing Store, contents, fresh water, short duration",,flBldgContDmgFn.csv,flBldgContDmgFn,174
fl-4.0-contents-175,fl,4.0,contents,COM1,,USACE - New Orleans,"Convenience Store, contents, salt water, long duration",,flBldgContDmgFn.csv,flBldgContDmgFn,175
fl-4.0-contents-176,fl,4.0,contents,COM1,,USACE - New Orleans,"Convenience Store, contents, fresh water, short duration",,flBldgContDmgFn.csv,flBldgContDmgFn,176
fl-4.0-contents-177,fl,4.0,contents,COM1,,USACE - New Orleans,"Department Store, contents, salt water, long duration",,flBldgContDmgFn.csv,flBldgContDmgFn,177
fl-4.0-contents-178,fl,4.0,contents,COM1,,USACE - New Orleans,"Department Store, contents, fresh water, short duration",,flBldgContDmgFn.csv,flBldgContDmgFn,178
fl-4.0-contents-179,fl,4.0,contents,COM1,,USACE - New Orleans,"Furniture Store, contents, salt water, long duration",,flBldgContDmgFn.csv,flBldgContDmgFn,179
fl-4.0-contents-180,fl,4.0,contents,COM1,,USACE - New Orleans,"Furniture Store, contents, fresh water, short duration",,flBldgContDmgFn.csv,flBldgContDmgFn,180
fl-4.0-contents-181,fl,4.0,contents,COM1,,USACE - New Orleans,"Gas Stations, contents, salt water, long duration",,flBldgContDmgFn.csv,flBldgContDmgFn,181
fl-4.0-contents-182,fl,4.0,contents,COM1,,USACE - New Orleans,"Gas Stations, contents, fresh water, short duration",,flBldgContDmgFn.csv,flBldgContDmgFn,182
fl-4.0-contents-183,fl,4.0,contents,COM1,,USACE - New Orleans,"Large Grocery, contents, salt water, long duration",,flBldgContDmgFn.csv,flBldgContDmgFn,183
fl-4.0-contents-184,fl,4.0,contents,COM1,,USACE - New Orleans,"Large Grocery, contents, fresh water, short duration",,flBldgContDmgFn.csv,flBldgContDmgFn,184
fl-4.0-contents-185,fl,4.0,contents,COM1,,USACE - New Orleans,"Neighborhood Grocery, contents, salt water, long duration",,flBldgContDmgFn.csv,flBldgContDmgFn,185
fl-4.0-contents-186,fl,4.0,contents,COM1,,USACE - New Orleans,"Neighborhood Grocery, contents, fresh water, short duration",,flBldgContDmgFn.csv,flBldgContDmgFn,186
fl-4.0-contents-187,fl,4.0,contents,COM1,,USACE - New Orleans,"Home Repair Store, contents, salt water, long duration",,flBldgContDmgFn.csv,flBldgContDmgFn,187
fl-4.0-contents-188,fl,4.0,contents,COM1,,USACE - New Orleans,"Home Repair Store, contents, fresh water, short duration",,flBldgContDmgFn.csv,flBldgContDmgFn,188
fl-4.0-contents-189,fl,4.0,contents,COM1,,USACE - New Orleans,"Liquor Store, contents, salt water, long duration",,flBldgContDmgFn.csv,flBldgContDmgFn,189
fl-4.0-contents-190,fl,4.0,contents,COM1,,USACE - New Orleans,"Liquor Store, contents, fresh water, short duration",,flBldgContDmgFn.csv,flBldgContDmgFn,190
fl-4.0-contents-191,fl,4.0,contents,COM1,,USACE - New Orleans,"Shoe Store, contents, salt water, long duration",,flBldgContDmgFn.csv,flBldgContDmgFn,191
fl-4.0-contents-192,fl,4.0,contents,COM1,,USACE - New Orleans,"Shoe Store, contents, fresh water, short duration",,flBldgContDmgFn.csv,flBldgContDmgFn,192
fl-4.0-contents-193,fl,4.0,contents,COM1,,USACE - New Orleans,"Wine Store, contents, salt water, long duration",,flBldgContDmgFn.csv,flBldgContDmgFn,193
fl-4.0-contents-194,fl,4.0,contents,COM1,,USACE - New Orleans,"Wine Store, contents, fresh water, short duration",,flBldgContDmgFn.csv,flBldgContDmgFn,194
fl-4.0-contents-195,fl,4.0,contents,COM2,,USACE - Galveston,"Average wholesale trade, Contents",,flBldgContDmgFn.csv,flBldgContDmgFn,195
fl-4.0-contents-196,fl,4.0,contents,COM2,,USACE - Galveston,"Auto Parts, contents (Inventory)",,flBldgContDmgFn.csv,flBldgContDmgFn,196
fl-4.0-contents-197,fl,4.0,contents,COM2,,USACE - Galveston,"Auto Parts/Mufflers, contents (Inventory)",,flBldgContDmgFn.csv,flBldgContDmgFn,197
fl-4.0-contents-198,fl,4.0,contents,COM2,,USACE - Galveston,"Heavy Equipment Storage, contents (Equipment)",,flBldgContDmgFn.csv,flBldgContDmgFn,198
fl-4.0-contents-199,fl,4.0,contents,COM2,,USACE - Galveston,"Food Warehouse, contents (Inventory)",,flBldgContDmgFn.csv,flBldgContDmgFn,199
fl-4.0-contents-200,fl,4.0,contents,COM2,,USACE - Galveston,"Highway Material Storage, contents (Equipment)",,flBldgContDmgFn.csv,flBldgContDmgFn,200
fl-4.0-contents-201,fl,4.0,contents,COM2,,USACE - Galveston,"Jewelry, contents (Inventory)",,flBldgContDmgFn.csv,flBldgContDmgFn,201
fl-4.0-contents-202,fl,4.0,contents,COM2,,USACE - Galveston,"Lumber Yard, contents (Inventory)",,flBldgContDmgFn.csv,flBldgContDmgFn,202
fl-4.0-contents-203,fl,4.0,contents,COM2,,USACE - Galveston,"Medical Supplies, contents (Equipment)",,flBldgContDmgFn.csv,flBldgContDmgFn,203
fl-4.0-contents-204,fl,4.0,contents,COM2,,USACE - Galveston,"Medical Supplies, contents (Inventory)",,flBldgContDmgFn.csv,flBldgContDmgFn,204
fl-4.0-contents-205,fl,4.0,contents,COM2,,USACE - Galveston,"Municipal Storage Warehouse, contents (Equipment)",,flBldgContDmgFn.csv,flBldgContDmgFn,205
fl-4.0-contents-206,fl,4.0,contents,COM2,,USACE - Galveston,"Municipal Storage Warehouse, contents (Inventory)",,flBldgContDmgFn.csv,flBldgContDmgFn,206
fl-4.0-contents-207,fl,4.0,contents,COM2,,USACE - Galveston,"Paper Products Warehouse, contents (Equipment)",,flBldgContDmgFn.csv,flBldgContDmgFn,207
fl-4.0-contents-208,fl,4.0,contents,COM2,,USACE - Galveston,"Paper Products Warehouse, contents (Inventory)",,flBldgContDmgFn.csv,flBldgContDmgFn,208
fl-4.0-contents-209,fl,4.0,contents,COM2,,USACE - Galveston,"Safety Equipment, contents (Equipment)",,flBldgContDmgFn.csv,flBldgContDmgFn,209
fl-4.0-contents-210,fl,4.0,contents,COM2,,USACE - Galveston,"Safety Equipment, contents (Inventory)",,flBldgContDmgFn.csv,flBldgContDmgFn,210
fl-4.0-contents-211,fl,4.0,contents,COM2,,USACE - Galveston,"Sporting Goods, contents (Equipment)",,flBldgContDmgFn.csv,flBldgContDmgFn,211
fl-4.0-contents-212,fl,4.0,contents,COM2,,USACE - Galveston,"Sporting Goods, contents (Inventory)",,flBldgContDmgFn.csv,flBldgContDmgFn,212
fl-4.0-contents-213,fl,4.0,contents,COM2,,USACE - Galveston,"Sporting Goods Warehouse, contents (Equipment)",,flBldgContDmgFn.csv,flBldgContDmgFn,213
fl-4.0-contents-214,fl,4.0,contents,COM2,,USACE - Galveston,"Sporting Goods Warehouse, contents (Inventory)",,flBldgContDmgFn.csv,flBldgContDmgFn,214
fl-4.0-contents-215,fl,4.0,contents,COM2,,USACE - Galveston,"Storage - Chemicals, contents (Equipment)",,flBldgContDmgFn.csv,flBldgContDmgFn,215
fl-4.0-contents-216,fl,4.0,contents,COM2,,USACE - Galveston,"Storage - Chemicals, contents (Inventory)",,flBldgContDmgFn.csv,flBldgContDmgFn,216
fl-4.0-contents-217,fl,4.0,contents,COM2,,USACE - Galveston,"Storage - Machine Parts, contents (Inventory)",,flBldgContDmgFn.csv,flBldgContDmgFn,217
fl-4.0-contents-218,fl,4.0,contents,COM2,,USACE - Galveston,"T.V. Station, contents (Equipment)",,flBldgContDmgFn.csv,flBldgContDmgFn,218
fl-4.0-contents-219,fl,4.0,contents,COM2,,USACE - Galveston,"T.V. Repair, contents (Equipment)",,flBldgContDmgFn.csv,flBldgContDmgFn,219
fl-4.0-contents-220,fl,4.0,contents,COM2,,USACE - Galveston,"T.V. Repair, contents (Inventory)",,flBldgContDmgFn.csv,flBldgContDmgFn,220
fl-4.0-contents-221,fl,4.0,contents,COM2,,USACE - Galveston,"Trailer Parts, contents (Equipment)",,flBldgContDmgFn.csv,flBldgContDmgFn,221
fl-4.0-contents-222,fl,4.0,contents,COM2,,USACE - Galveston,"Trailer Parts, contents (Inventory)",,flBldgContDmgFn.csv,flBldgContDmgFn,222
fl-4.0-contents-223,fl,4.0,contents,COM2,,USACE - Galveston,"Warehouse, contents (Inventory)",,flBldgContDmgFn.csv,flBldgContDmgFn,223
fl-4.0-contents-224,fl,4.0,contents,COM2,,USACE - Galveston,"Beer Warehouse, contents (Equipment)",,flBldgContDmgFn.csv,flBldgContDmgFn,224
fl-4.0-contents-225,fl,4.0,contents,COM2,,USACE - Galveston,"Beer Warehouse, contents (Inventory)",,flBldgContDmgFn.csv,flBldgContDmgFn,225
fl-4.0-contents-226,fl,4.0,contents,COM2,,USACE - Galveston,"Bottled Gases Warehouse, contents (Equipment)",,flBldgContDmgFn.csv,flBldgContDmgFn,226
fl-4.0-contents-227,fl,4.0,contents,COM2,,USACE - Galveston,"Bottled Gases Warehouse, contents (Inventory)",,flBldgContDmgFn.csv,flBldgContDmgFn,227
fl-4.0-contents-228,fl,4.0,contents,COM2,,USACE - Galveston,"Cement Warehouse, contents (Inventory)",,flBldgContDmgFn.csv,flBldgContDmgFn,228
fl-4.0-contents-229,fl,4.0,contents,COM2,,USACE - Galveston,"Detergents Warehouse, contents (Equipment)",,flBldgContDmgFn.csv,flBldgContDmgFn,229
fl-4.0-contents-230,fl,4.0,contents,COM2,,USACE - Galveston,"Detergents Warehouse, contents (Inventory)",,flBldgContDmgFn.csv,flBldgContDmgFn,230
fl-4.0-contents-231,fl,4.0,contents,COM2,,USACE - Galveston,"Heavy Machinery Warehouse, contents (Equipment)",,flBldgContDmgFn.csv,flBldgContDmgFn,231
fl-4.0-contents-232,fl,4.0,contents,COM2,,USACE - Galveston,"Heavy Machinery Warehouse, contents (Inventory)",,flBldgContDmgFn.csv,flBldgContDmgFn,232
fl-4.0-contents-233,fl,4.0,contents,COM2,,USACE - Galveston,"Petroleum Warehouse, contents (Equipment)",,flBldgContDmgFn.csv,flBldgContDmgFn,233
fl-4.0-contents-234,fl,4.0,contents,COM2,,USACE - Galveston,"Petroleum Warehouse, contents (Inventory)",,flBldgContDmgFn.csv,flBldgContDmgFn,234
fl-4.0-contents-235,fl,4.0,contents,COM2,,USACE - Galveston,"Western Auto, contents (Equipment)",,flBldgContDmgFn.csv,flBldgContDmgFn,235
fl-4.0-contents-236,fl,4.0,contents,COM2,,USACE - Galveston,"Western Auto, contents (Inventory)",,flBldgContDmgFn.csv,flBldgContDmgFn,236
fl-4.0-contents-237,fl,4.0,contents,COM2,,USACE - New Orleans,"Warehouse, contents, salt water, long duration",,flBldgContDmgFn.csv,flBldgContDmgFn,237
fl-4.0-contents-238,fl,4.0,contents,COM2,,USACE - New Orleans,"Warehouse, contents, fresh water, short duration",,flBldgContDmgFn.csv,flBldgContDmgFn,238
fl-4.0-contents-239,fl,4.0,contents,COM2,,USACE - St. Paul,"Warehouse, contents, fresh water",,flBldgContDmgFn.csv,flBldgContDmgFn,239
fl-4.0-contents-240,fl,4.0,contents,COM3,,USACE - Galveston,"Average personal/repair services, Contents (Invetory)",,flBldgContDmgFn.csv,flBldgContDmgFn,240
fl-4.0-contents-241,fl,4.0,contents,COM3,,USACE - Galveston,"Auto Repair, contents (Equipment)",,flBldgContDmgFn.csv,flBldgContDmgFn,241
fl-4.0-contents-242,fl,4.0,contents,COM3,,USACE - Galveston,"Auto Repair, contents (Inventory)",,flBldgContDmgFn.csv,flBldgContDmgFn,242
fl-4.0-contents-243,fl,4.0,contents,COM3,,USACE - Galveston,"Auto Service, contents (Inventory)",,flBldgContDmgFn.csv,flBldgContDmgFn,243
fl-4.0-contents-244,fl,4.0,contents,COM3,,USACE - Galveston,"Barber Shop, contents (Equipment)",,flBldgContDmgFn.csv,flBldgContDmgFn,244
fl-4.0-contents-245,fl,4.0,contents,COM3,,USACE - Galveston,"Barber Shop, contents (Inventory)",,flBldgContDmgFn.csv,flBldgContDmgFn,245
fl-4.0-contents-246,fl,4.0,contents,COM3,,USACE - Galveston,"Beauty Shop, contents (Equipment)",,flBldgContDmgFn.csv,flBldgContDmgFn,246
fl-4.0-contents-247,fl,4.0,contents,COM3,,USACE - Galveston,"Beauty Shop, contents (Inventory)",,flBldgContDmgFn.csv,flBldgContDmgFn,247
fl-4.0-contents-248,fl,4.0,contents,COM3,,USACE - Galveston,"Boat Service, contents (Equipment)",,flBldgContDmgFn.csv,flBldgContDmgFn,248
fl-4.0-contents-249,fl,4.0,contents,COM3,,USACE - Galveston,"Boat Service, contents (Inventory)",,flBldgContDmgFn.csv,flBldgContDmgFn,249
fl-4.0-contents-250,fl,4.0,contents,COM3,,USACE - Galveston,"Car Wash, contents (Equipment)",,flBldgContDmgFn.csv,flBldgContDmgFn,250
fl-4.0-contents-251,fl,4.0,contents,COM3,,USACE - Galveston,"Car Wash, contents (Inventory)",,flBldgContDmgFn.csv,flBldgContDmgFn,251
fl-4.0-contents-252,fl,4.0,contents,COM3,,USACE - Galveston,"Cemetary Complex, contents (Equipment)",,flBldgContDmgFn.csv,flBldgContDmgFn,252
fl-4.0-contents-253,fl,4.0,contents,COM3,,USACE - Galveston,"Cemetary Complex, contents (Inventory)",,flBldgContDmgFn.csv,flBldgContDmgFn,253
fl-4.0-contents-254,fl,4.0,contents,COM3,,USACE - Galveston,"Cleaners, contents (Equipment)",,flBldgContDmgFn.csv,flBldgContDmgFn,254
fl-4.0-contents-255,fl,4.0,contents,COM3,,USACE - Galveston,"Cleaners-substation, contents (Equipment)",,flBldgContDmgFn.csv,flBldgContDmgFn,255
fl-4.0-contents-256,fl,4.0,contents,COM3,,USACE - Galveston,"Cleaners-substation, contents (Inventory)",,flBldgContDmgFn.csv,flBldgContDmgFn,256
fl-4.0-contents-257,fl,4.0,contents,COM3,,USACE - Galveston,"Private Day Care, contents (Equipment)",,flBldgContDmgFn.csv,flBldgContDmgFn,257
fl-4.0-contents-258,fl,4.0,contents,COM3,,USACE - Galveston,"Private Day Care, contents (Inventory)",,flBldgContDmgFn.csv,flBldgContDmgFn,258
fl-4.0-contents-259,fl,4.0,contents,COM3,,USACE - Galveston,"Funeral Home, contents (Inventory)",,flBldgContDmgFn.csv,flBldgContDmgFn,259
fl-4.0-contents-260,fl,4.0,contents,COM3,,USACE - Galveston,"Laundry, contents (Equipment)",,flBldgContDmgFn.csv,flBldgContDmgFn,260
fl-4.0-contents-261,fl,4.0,contents,COM3,,USACE - Galveston,"Photo Studio, contents (Equipment)",,flBldgContDmgFn.csv,flBldgContDmgFn,261
fl-4.0-contents-262,fl,4.0,contents,COM3,,USACE - Galveston,"Photo Studio, contents (Inventory)",,flBldgContDmgFn.csv,flBldgContDmgFn,262
fl-4.0-contents-263,fl,4.0,contents,COM3,,USACE - Galveston,"Truck Mfg & Sales, contents (Equipment)",,flBldgContDmgFn.csv,flBldgContDmgFn,263
fl-4.0-contents-264,fl,4.0,contents,COM3,,USACE - Galveston,"Truck Mfg & Sales, contents (Inventory)",,flBldgContDmgFn.csv,flBldgContDmgFn,264
fl-4.0-contents-265,fl,4.0,contents,COM3,,USACE - Galveston,"Washateria, contents (Equipment)",,flBldgContDmgFn.csv,flBldgContDmgFn,265
fl-4.0-contents-266,fl,4.0,contents,COM3,,USACE - New Orleans,"Auto Repair, contents, salt water, long duration",,flBldgContDmgFn.csv,flBldgContDmgFn,266
fl-4.0-contents-267,fl,4.0,contents,COM3,,USACE - New Orleans,"Auto Repair, contents, fresh water, short duration",,flBldgContDmgFn.csv,flBldgContDmgFn,267
fl-4.0-contents-268,fl,4.0,contents,COM3,,USACE - New Orleans,"Barber Shop, contents, salt water, long duration",,flBldgContDmgFn.csv,flBldgContDmgFn,268
fl-4.0-contents-269,fl,4.0,contents,COM3,,USACE - New Orleans,"Barber Shop, contents, fresh water, short duration",,flBldgContDmgFn.csv,flBldgContDmgFn,269
fl-4.0-contents-270,fl,4.0,contents,COM3,,USACE - New Orleans,"Beauty Salon, contents, salt water, long duration",,flBldgContDmgFn.csv,flBldgContDmgFn,270
fl-4.0-contents-271,fl,4.0,contents,COM3,,USACE - New Orleans,"Beauty Salon, contents, fresh water, short duration",,flBldgContDmgFn.csv,flBldgContDmgFn,271
fl-4.0-contents-272,fl,4.0,contents,COM3,,USACE - New Orleans,"Funeral Home, contents, salt water, long duration",,flBldgContDmgFn.csv,flBldgContDmgFn,272
fl-4.0-contents-273,fl,4.0,contents,COM3,,USACE - New Orleans,"Funeral Home, contents, fresh water, short duration",,flBldgContDmgFn.csv,flBldgContDmgFn,273
fl-4.0-contents-274,fl,4.0,contents,COM3,,USACE - New Orleans,"Laundromat, contents, salt water, long duration",,flBldgContDmgFn.csv,flBldgContDmgFn,274
fl-4.0-contents-275,fl,4.0,contents,COM3,,USACE - New Orleans,"Laundromat, contents, fresh water, short duration",,flBldgContDmgFn.csv,flBldgContDmgFn,275
fl-4.0-contents-276,fl,4.0,contents,COM3,,USACE - New Orleans,"Reupholstery, contents, salt water, long duration",,flBldgContDmgFn.csv,flBldgContDmgFn,276
fl-4.0-contents-277,fl,4.0,contents,COM3,,USACE - New Orleans,"Reupholstery, contents, fresh water, short duration",,flBldgContDmgFn.csv,flBldgContDmgFn,277
fl-4.0-contents-278,fl,4.0,contents,COM3,,USACE - New Orleans,"Watch Repair, contents, salt water, long duration",,flBldgContDmgFn.csv,flBldgContDmgFn,278
fl-4.0-contents-279,fl,4.0,contents,COM3,,USACE - New Orleans,"Watch Repair, contents, fresh water, short duration",,flBldgContDmgFn.csv,flBldgContDmgFn,279
fl-4.0-contents-280,fl,4.0,contents,COM4,,USACE - Galveston,"Average Prof/Tech services, Contents (Equipment/Inventory)",,flBldgContDmgFn.csv,flBldgContDmgFn,280
fl-4.0-contents-281,fl,4.0,contents,COM4,,USACE - Galveston,"Airport, contents (Equipment)",,flBldgContDmgFn.csv,flBldgContDmgFn,281
fl-4.0-contents-282,fl,4.0,contents,COM4,,USACE - Galveston,"Airport, contents (Inventory)",,flBldgContDmgFn.csv,flBldgContDmgFn,282
fl-4.0-contents-283,fl,4.0,contents,COM4,,USACE - Galveston,"Boat Stalls, contents (Equipment)",,flBldgContDmgFn.csv,flBldgContDmgFn,283
fl-4.0-contents-284,fl,4.0,contents,COM4,,USACE - Galveston,"Boat Storage, contents (Inventory)",,flBldgContDmgFn.csv,flBldgContDmgFn,284
fl-4.0-contents-285,fl,4.0,contents,COM4,,USACE - Galveston,"Business, contents (Inventory)",,flBldgContDmgFn.csv,flBldgContDmgFn,285
fl-4.0-contents-286,fl,4.0,contents,COM4,,USACE - Galveston,"Import Sales, contents (Equipment)",,flBldgContDmgFn.csv,flBldgContDmgFn,286
fl-4.0-contents-287,fl,4.0,contents,COM4,,USACE - Galveston,"Import Sales, contents (Inventory)",,flBldgContDmgFn.csv,flBldgContDmgFn,287
fl-4.0-contents-288,fl,4.0,contents,COM4,,USACE - Galveston,"Large Commercial Office, contents (Equipment)",,flBldgContDmgFn.csv,flBldgContDmgFn,288
fl-4.0-contents-289,fl,4.0,contents,COM4,,USACE - Galveston,"Real Estate Office, contents (Equipment)",,flBldgContDmgFn.csv,flBldgContDmgFn,289
fl-4.0-contents-290,fl,4.0,contents,COM4,,USACE - Galveston,"Real Estate Office, contents (Inventory)",,flBldgContDmgFn.csv,flBldgContDmgFn,290
fl-4.0-contents-291,fl,4.0,contents,COM4,,USACE - Galveston,"Transport Comapny, contents (Equipment)",,flBldgContDmgFn.csv,flBldgContDmgFn,291
fl-4.0-contents-292,fl,4.0,contents,COM4,,USACE - Galveston,"Utility Company, contents (Equipment)",,flBldgContDmgFn.csv,flBldgContDmgFn,292
fl-4.0-contents-293,fl,4.0,contents,COM4,,USACE - Galveston,"Utility Company, contents (Inventory)",,flBldgContDmgFn.csv,flBldgContDmgFn,293
fl-4.0-contents-294,fl,4.0,contents,COM4,,USACE - Galveston,"Water Supply, contents (Equipment)",,flBldgContDmgFn.csv,flBldgContDmgFn,294
fl-4.0-contents-295,fl,4.0,contents,COM4,,USACE - New Orleans,"Accounting Firm, contents, salt water, long duration",,flBldgContDmgFn.csv,flBldgContDmgFn,295
fl-4.0-contents-296,fl,4.0,contents,COM4,,USACE - New Orleans,"Accounting Firm, contents, fresh water, short duration",,flBldgContDmgFn.csv,flBldgContDmgFn,296
fl-4.0-contents-297,fl,4.0,contents,COM4,,USACE - New Orleans,"Legal Office, contents, salt water, long duration",,flBldgContDmgFn.csv,flBldgContDmgFn,297
fl-4.0-contents-298,fl,4.0,contents,COM4,,USACE - New Orleans,"Legal Office, contents, fresh water, short duration",,flBldgContDmgFn.csv,flBldgContDmgFn,298
fl-4.0-contents-299,fl,4.0,contents,COM4,,USACE - New Orleans,"Real Estate Office, contents, salt water, long duration",,flBldgContDmgFn.csv,flBldgContDmgFn,299
fl-4.0-contents-300,fl,4.0,contents,COM4,,USACE - New Orleans,"Real Estate Office, contents, fresh water, short duration",,flBldgContDmgFn.csv,flBldgContDmgFn,300
fl-4.0-contents-301,fl,4.0,contents,COM4,,USACE - New Orleans,"Utility Company, contents, salt water, long duration",,flBldgContDmgFn.csv,flBldgContDmgFn,301
fl-4.0-contents-302,fl,4.0,contents,COM4,,USACE - New Orleans,"Utility Company, contents, fresh water, short duration",,flBldgContDmgFn.csv,flBldgContDmgFn,302
fl-4.0-contents-303,fl,4.0,contents,COM4,,USACE - St. Paul,"Professional, contents, fresh water",,flBldgContDmgFn.csv,flBldgContDmgFn,303
fl-4.0-contents-304,fl,4.0,contents,COM5,,USACE - Galveston,"Bank, Contents",,flBldgContDmgFn.csv,flBldgContDmgFn,304
fl-4.0-contents-305,fl,4.0,contents,COM5,,USACE - Galveston,"Bank, Contents (Equipment)",,flBldgContDmgFn.csv,flBldgContDmgFn,305
fl-4.0-contents-306,fl,4.0,contents,COM5,,USACE - Galveston,"Bank, Contents (Inventory)",,flBldgContDmgFn.csv,flBldgContDmgFn,306
fl-4.0-contents-307,fl,4.0,contents,COM5,,USACE - New Orleans,"Bank, Contents, salt water, long duration",,flBldgContDmgFn.csv,flBldgContDmgFn,307
fl-4.0-contents-308,fl,4.0,contents,COM5,,USACE - New Orleans,"Bank, Contents, fresh water, short duration",,flBldgContDmgFn.csv,flBldgContDmgFn,308
fl-4.0-contents-309,fl,4.0,contents,COM6,,USACE - Galveston,"Hospital, Contents",,flBldgContDmgFn.csv,flBldgContDmgFn,309
fl-4.0-contents-310,fl,4.0,contents,COM6,,USACE - Galveston,"Hospital, contents (Equipment)",,flBldgContDmgFn.csv,flBldgContDmgFn,310
fl-4.0-contents-311,fl,4.0,contents,COM6,,USACE - Galveston,"Hospital, contents (Inventory)",,flBldgContDmgFn.csv,flBldgContDmgFn,311
fl-4.0-contents-312,fl,4.0,contents,COM7,,USACE - Galveston,"Average Medical Offic/Clinic, Contents (Equipment/Inventory)",,flBldgContDmgFn.csv,flBldgContDmgFn,312
fl-4.0-contents-313,fl,4.0,contents,COM7,,USACE - Galveston,"Doctor's Office, contents (Equipment)",,flBldgContDmgFn.csv,flBldgContDmgFn,313
fl-4.0-contents-314,fl,4.0,contents,COM7,,USACE - Galveston,"Dentist's Office, contents (Equipment)",,flBldgContDmgFn.csv,flBldgContDmgFn,314
fl-4.0-contents-315,fl,4.0,contents,COM7,,USACE - Galveston,"Dentist's Office, contents (Inventory)",,flBldgContDmgFn.csv,flBldgContDmgFn,315
fl-4.0-contents-316,fl,4.0,contents,COM7,,USACE - Galveston,"Chiropractic Clinic, contents (Equipment)",,flBldgContDmgFn.csv,flBldgContDmgFn,316
fl-4.0-contents-317,fl,4.0,contents,COM7,,USACE - Galveston,"X-Ray Service, contents (Inventory)",,flBldgContDmgFn.csv,flBldgContDmgFn,317
fl-4.0-contents-318,fl,4.0,contents,COM7,,USACE - New Orleans,"Medical Office, contents, salt water, long duration",,flBldgContDmgFn.csv,flBldgContDmgFn,318
fl-4.0-contents-319,fl,4.0,contents,COM7,,USACE - New Orleans,"Medical Office, contents, fresh water, short duration",,flBldgContDmgFn.csv,flBldgContDmgFn,319
fl-4.0-contents-320,fl,4.0,contents,COM7,,USACE - New Orleans,"Dentist's Office, contents, salt water, long duration",,flBldgContDmgFn.csv,flBldgContDmgFn,320
fl-4.0-contents-321,fl,4.0,contents,COM7,,USACE - New Orleans,"Dentist's Office, contents, fresh water, short duration",,flBldgContDmgFn.csv,flBldgContDmgFn,321
fl-4.0-contents-322,fl,4.0,contents,COM8,,USACE - Galveston,"Average Entertainment/Recreation, Contents (Equipment/Inventory)",,flBldgContDmgFn.csv,flBldgContDmgFn,322
fl-4.0-contents-323,fl,4.0,contents,COM8,,USACE - Galveston,"Fishing Party Boat, contents (Equipment)",,flBldgContDmgFn.csv,flBldgContDmgFn,323
fl-4.0-contents-324,fl,4.0,contents,COM8,,USACE - Galveston,"Fishing Party Boat, contents (Inventory)",,flBldgContDmgFn.csv,flBldgContDmgFn,324
fl-4.0-contents-325,fl,4.0,contents,COM8,,USACE - Galveston,"Bowling Alley, contents (Equipment)",,flBldgContDmgFn.csv,flBldgContDmgFn,325
fl-4.0-contents-326,fl,4.0,contents,COM8,,USACE - Galveston,"Country Club, contents (Equipment)",,flBldgContDmgFn.csv,flBldgContDmgFn,326
fl-4.0-contents-327,fl,4.0,contents,COM8,,USACE - Galveston,"Country Club, contents (Inventory)",,flBldgContDmgFn.csv,flBldgContDmgFn,327
fl-4.0-contents-328,fl,4.0,contents,COM8,,USACE - Galveston,"Physical Fitness, contents (Equipment)",,flBldgContDmgFn.csv,flBldgContDmgFn,328
fl-4.0-contents-329,fl,4.0,contents,COM8,,USACE - Galveston,"Private Pool, contents (Equipment)",,flBldgContDmgFn.csv,flBldgContDmgFn,329
fl-4.0-contents-330,fl,4.0,contents,COM8,,USACE - Galveston,"Private Club, contents (Equipment)",,flBldgContDmgFn.csv,flBldgContDmgFn,330
fl-4.0-contents-331,fl,4.0,contents,COM8,,USACE - Galveston,"Private Club, contents (Inventory)",,flBldgContDmgFn.csv,flBldgContDmgFn,331
fl-4.0-contents-332,fl,4.0,contents,COM8,,USACE - Galveston,"Radio Station, contents (Equipment)",,flBldgContDmgFn.csv,flBldgContDmgFn,332
fl-4.0-contents-333,fl,4.0,contents,COM8,,USACE - Galveston,"Recreation Facilities, contents (Equipment)",,flBldgContDmgFn.csv,flBldgContDmgFn,333
fl-4.0-contents-334,fl,4.0,contents,COM8,,USACE - Galveston,"Recreation Facilities, contents (Inventory)",,flBldgContDmgFn.csv,flBldgContDmgFn,334
fl-4.0-contents-335,fl,4.0,contents,COM8,,USACE - Galveston,"Tavern, contents (Equipment)",,flBldgContDmgFn.csv,flBldgContDmgFn,335
fl-4.0-contents-336,fl,4.0,contents,COM8,,USACE - Galveston,"Tavern, contents (Inventory)",,flBldgContDmgFn.csv,flBldgContDmgFn,336
fl-4.0-contents-337,fl,4.0,contents,COM8,,USACE - Galveston,"Telephone Exchange, contents (Equipment)",,flBldgContDmgFn.csv,flBldgContDmgFn,337
fl-4.0-contents-338,fl,4.0,contents,COM8,,USACE - Galveston,YMCA - Contents (Inventory),,flBldgContDmgFn.csv,flBldgContDmgFn,338
fl-4.0-contents-339,fl,4.0,contents,COM8,,USACE - Galveston,"Cafeteria Restaurant, contents (Equipment)",,flBldgContDmgFn.csv,flBldgContDmgFn,339
fl-4.0-contents-340,fl,4.0,contents,COM8,,USACE - Galveston,"Cafeteria Restaurant, contents (Inventory)",,flBldgContDmgFn.csv,flBldgContDmgFn,340
fl-4.0-contents-341,fl,4.0,contents,COM8,,USACE - Galveston,"Drive-In Restaurant, contents (Equipment)",,flBldgContDmgFn.csv,flBldgContDmgFn,341
fl-4.0-contents-342,fl,4.0,contents,COM8,,USACE - Galveston,"Drive-In Restaurant, contents (Inventory)",,flBldgContDmgFn.csv,flBldgContDmgFn,342
fl-4.0-contents-343,fl,4.0,contents,COM8,,USACE - New Orleans,"Bowling Alley, contents, salt water, long duration",,flBldgContDmgFn.csv,flBldgContDmgFn,343
fl-4.0-contents-344,fl,4.0,contents,COM8,,USACE - New Orleans,"Bowling Alley, contents, fresh water, short duration",,flBldgContDmgFn.csv,flBldgContDmgFn,344
fl-4.0-contents-345,fl,4.0,contents,COM8,,USACE - New Orleans,"Fast Food Restaurant, contents, salt water, long duration",,flBldgContDmgFn.csv,flBldgContDmgFn,345
fl-4.0-contents-346,fl,4.0,contents,COM8,,USACE - New Orleans,"Fast Food Restaurant, contents, fresh water, short duration",,flBldgContDmgFn.csv,flBldgContDmgFn,346
fl-4.0-contents-347,fl,4.0,contents,COM8,,USACE - New Orleans,"Full-Service Restaurant, contents, salt water, long duration",,flBldgContDmgFn.csv,flBldgContDmgFn,347
fl-4.0-contents-348,fl,4.0,contents,COM8,,USACE - New Orleans,"Full-Service Restaurant, contents, fresh water, short duration",,flBldgContDmgFn.csv,flBldgContDmgFn,348
fl-4.0-contents-349,fl,4.0,contents,COM8,,USACE - New Orleans,"Lounge, contents, salt water, long duration",,flBldgContDmgFn.csv,flBldgContDmgFn,349
fl-4.0-contents-350,fl,4.0,contents,COM8,,USACE - New Orleans,"Lounge, contents, fresh water, short duration",,flBldgContDmgFn.csv,flBldgContDmgFn,350
fl-4.0-contents-351,fl,4.0,contents,COM8,,USACE - St. Paul,"Recreation, contents, fresh water",,flBldgContDmgFn.csv,flBldgContDmgFn,351
fl-4.0-contents-352,fl,4.0,contents,COM9,,USACE - Galveston,"Theater, Contents (Equipment)",,flBldgContDmgFn.csv,flBldgContDmgFn,352
fl-4.0-contents-353,fl,4.0,contents,COM9,,USACE - Galveston,"Private Hall, contents, (Equipment)",,flBldgContDmgFn.csv,flBldgContDmgFn,353
fl-4.0-contents-354,fl,4.0,contents,COM9,,USACE - Galveston,"Indoor Theater, contents, (Equipment)",,flBldgContDmgFn.csv,flBldgContDmgFn,354
fl-4.0-contents-355,fl,4.0,contents,COM9,,USACE - New Orleans,"Movie Theater, contents, salt water, long duration",,flBldgContDmgFn.csv,flBldgContDmgFn,355
fl-4.0-contents-356,fl,4.0,contents,COM9,,USACE - New Orleans,"Movie Theater, contents, fresh water, short duration",,flBldgContDmgFn.csv,flBldgContDmgFn,356
fl-4.0-contents-357,fl,4.0,contents,COM10,,USACE - Galveston,"Garage, Contents (Inventory)",,flBldgContDmgFn.csv,flBldgContDmgFn,357
fl-4.0-contents-358,fl,4.0,contents,IND1,,USACE - Galveston,"Average Heavy Industrial, Contents (Equipment/Inventory)",,flBldgContDmgFn.csv,flBldgContDmgFn,358
fl-4.0-contents-359,fl,4.0,contents,IND1,,USACE - Galveston,"Boiler Building, contents (Equipment)",,flBldgContDmgFn.csv,flBldgContDmgFn,359
fl-4.0-contents-360,fl,4.0,contents,IND1,,USACE - Galveston,"Cabinet Shop Mfg, contents (Equipment)",,flBldgContDmgFn.csv,flBldgContDmgFn,360
fl-4.0-contents-361,fl,4.0,contents,IND1,,USACE - Galveston,"Cabinet Shop Mfg, contents (Inventory)",,flBldgContDmgFn.csv,flBldgContDmgFn,361
fl-4.0-contents-362,fl,4.0,contents,IND1,,USACE - Galveston,"Concrete Mfg, contents (Equipment)",,flBldgContDmgFn.csv,flBldgContDmgFn,362
fl-4.0-contents-363,fl,4.0,contents,IND1,,USACE - Galveston,"Door Mfg, contents (Equipment)",,flBldgContDmgFn.csv,flBldgContDmgFn,363
fl-4.0-contents-364,fl,4.0,contents,IND1,,USACE - Galveston,"Door Mfg, contents (Inventory)",,flBldgContDmgFn.csv,flBldgContDmgFn,364
fl-4.0-contents-365,fl,4.0,contents,IND1,,USACE - Galveston,"Engine Room, contents (Equipment)",,flBldgContDmgFn.csv,flBldgContDmgFn,365
fl-4.0-contents-366,fl,4.0,contents,IND1,,USACE - Galveston,"Fabrication Shop, contents (Inventory)",,flBldgContDmgFn.csv,flBldgContDmgFn,366
fl-4.0-contents-367,fl,4.0,contents,IND1,,USACE - Galveston,"Heat Exchanger Mfg, contents (Equipment)",,flBldgContDmgFn.csv,flBldgContDmgFn,367
fl-4.0-contents-368,fl,4.0,contents,IND1,,USACE - Galveston,"Heat Exchanger Mfg, contents (Inventory)",,flBldgContDmgFn.csv,flBldgContDmgFn,368
fl-4.0-contents-369,fl,4.0,contents,IND1,,USACE - Galveston,"Lock Shop, contents (Equipment)",,flBldgContDmgFn.csv,flBldgContDmgFn,369
fl-4.0-contents-370,fl,4.0,contents,IND1,,USACE - Galveston,"Lock Shop, contents (Inventory)",,flBldgContDmgFn.csv,flBldgContDmgFn,370
fl-4.0-contents-371,fl,4.0,contents,IND1,,USACE - Galveston,"Lumber Mill, contents (Equipment)",,flBldgContDmgFn.csv,flBldgContDmgFn,371
fl-4.0-contents-372,fl,4.0,contents,IND1,,USACE - Galveston,"Heavy Machine Shop, contents (Equipment)",,flBldgContDmgFn.csv,flBldgContDmgFn,372
fl-4.0-contents-373,fl,4.0,contents,IND1,,USACE - Galveston,"Heavy Machine Shop, contents (Inventory)",,flBldgContDmgFn.csv,flBldgContDmgFn,373
fl-4.0-contents-374,fl,4.0,contents,IND1,,USACE - Galveston,"Light Machine Shop, contents (Inventory)",,flBldgContDmgFn.csv,flBldgContDmgFn,374
fl-4.0-contents-375,fl,4.0,contents,IND1,,USACE - Galveston,"Metal Coatings Serv, contents (Equipment)",,flBldgContDmgFn.csv,flBldgContDmgFn,375
fl-4.0-contents-376,fl,4.0,contents,IND1,,USACE - Galveston,"Metal Coatings Serv., contents (Inventory)",,flBldgContDmgFn.csv,flBldgContDmgFn,376
fl-4.0-contents-377,fl,4.0,contents,IND1,,USACE - Galveston,"Pipe Threader Facility, contents (Equipment)",,flBldgContDmgFn.csv,flBldgContDmgFn,377
fl-4.0-contents-378,fl,4.0,contents,IND1,,USACE - Galveston,"Pressure Test Facility, contents (Equipment)",,flBldgContDmgFn.csv,flBldgContDmgFn,378
fl-4.0-contents-379,fl,4.0,contents,IND1,,USACE - Galveston,"Metal Recycling, contents (Inventory)",,flBldgContDmgFn.csv,flBldgContDmgFn,379
fl-4.0-contents-380,fl,4.0,contents,IND1,,USACE - Galveston,"Machine Research Lab, contents (Equipment)",,flBldgContDmgFn.csv,flBldgContDmgFn,380
fl-4.0-contents-381,fl,4.0,contents,IND1,,USACE - Galveston,"Machine Research Lab, contents (Inventory)",,flBldgContDmgFn.csv,flBldgContDmgFn,381
fl-4.0-contents-382,fl,4.0,contents,IND1,,USACE - Galveston,"Scale Bldg, contents (Equipment)",,flBldgContDmgFn.csv,flBldgContDmgFn,382
fl-4.0-contents-383,fl,4.0,contents,IND1,,USACE - Galveston,"Welding-Machine, contents (Equipment)",,flBldgContDmgFn.csv,flBldgContDmgFn,383
fl-4.0-contents-384,fl,4.0,contents,IND2,,USACE - Galveston,"Average Light Industrial, Contents (Equipment/Inventory)",,flBldgContDmgFn.csv,flBldgContDmgFn,384
fl-4.0-contents-385,fl,4.0,contents,IND2,,USACE - Galveston,"Battery Mfg, contents (Equipment)",,flBldgContDmgFn.csv,flBldgContDmgFn,385
fl-4.0-contents-386,fl,4.0,contents,IND2,,USACE - Galveston,"Battery Mfg, contents (Inventory)",,flBldgContDmgFn.csv,flBldgContDmgFn,386
fl-4.0-contents-387,fl,4.0,contents,IND2,,USACE - Galveston,"Control Bldg, contents (Equipment)",,flBldgContDmgFn.csv,flBldgContDmgFn,387
fl-4.0-contents-388,fl,4.0,contents,IND2,,USACE - Galveston,"Electronic Equip Mfg, contents (Equipment)",,flBldgContDmgFn.csv,flBldgContDmgFn,388
fl-4.0-contents-389,fl,4.0,contents,IND2,,USACE - Galveston,"Electronic Equip Mfg, contents (Inventory)",,flBldgContDmgFn.csv,flBldgContDmgFn,389
fl-4.0-contents-390,fl,4.0,contents,IND2,,USACE - Galveston,"Frame Shop, contents (Inventory)",,flBldgContDmgFn.csv,flBldgContDmgFn,390
fl-4.0-contents-391,fl,4.0,contents,IND2,,USACE - Galveston,"Furniture Mfg, contents (Equipment)",,flBldgContDmgFn.csv,flBldgContDmgFn,391
fl-4.0-contents-392,fl,4.0,contents,IND2,,USACE - Galveston,"Furniture Mfg, contents (Inventory)",,flBldgContDmgFn.csv,flBldgContDmgFn,392
fl-4.0-contents-393,fl,4.0,contents,IND2,,USACE - Galveston,"Instrument Mfg, contents (Equipment)",,flBldgContDmgFn.csv,flBldgContDmgFn,393
fl-4.0-contents-394,fl,4.0,contents,IND2,,USACE - Galveston,"Instrument Mfg, contents (Inventory)",,flBldgContDmgFn.csv,flBldgContDmgFn,394
fl-4.0-contents-395,fl,4.0,contents,IND2,,USACE - Galveston,"Leather Goods Mfg, contents (Equipment)",,flBldgContDmgFn.csv,flBldgContDmgFn,395
fl-4.0-contents-396,fl,4.0,contents,IND2,,USACE - Galveston,"Leather Goods Mfg, contents (Inventory)",,flBldgContDmgFn.csv,flBldgContDmgFn,396
fl-4.0-contents-397,fl,4.0,contents,IND2,,USACE - Galveston,"Industrial Loading Dock, contents (Equipment)",,flBldgContDmgFn.csv,flBldgContDmgFn,397
fl-4.0-contents-398,fl,4.0,contents,IND2,,USACE - Galveston,"Industrial Loading Dock, contents (Inventory)",,flBldgContDmgFn.csv,flBldgContDmgFn,398
fl-4.0-contents-399,fl,4.0,contents,IND2,,USACE - Galveston,"Locker Bldg, contents (Inventory)",,flBldgContDmgFn.csv,flBldgContDmgFn,399
fl-4.0-contents-400,fl,4.0,contents,IND2,,USACE - Galveston,"Maint Bldg-Mfg Facilility, contents (Equipment)",,flBldgContDmgFn.csv,flBldgContDmgFn,400
fl-4.0-contents-401,fl,4.0,contents,IND2,,USACE - Galveston,"Newspaper Print Plant, contents (Equipment)",,flBldgContDmgFn.csv,flBldgContDmgFn,401
fl-4.0-contents-402,fl,4.0,contents,IND2,,USACE - Galveston,"Newspaper Sales Office, contents (Equipment)",,flBldgContDmgFn.csv,flBldgContDmgFn,402
fl-4.0-contents-403,fl,4.0,contents,IND2,,USACE - Galveston,"Newspaper Sales Office, contents (Inventory)",,flBldgContDmgFn.csv,flBldgContDmgFn,403
fl-4.0-contents-404,fl,4.0,contents,IND2,,USACE - Galveston,"Manuf Facility Office, contents (Equipment)",,flBldgContDmgFn.csv,flBldgContDmgFn,404
fl-4.0-contents-405,fl,4.0,contents,IND2,,USACE - Galveston,"Manuf Facility Office, contents (Inventory)",,flBldgContDmgFn.csv,flBldgContDmgFn,405
fl-4.0-contents-406,fl,4.0,contents,IND2,,USACE - Galveston,"Commercial Printing, contents (Equipment)",,flBldgContDmgFn.csv,flBldgContDmgFn,406
fl-4.0-contents-407,fl,4.0,contents,IND2,,USACE - Galveston,"Commercial Printing, contents (Inventory)",,flBldgContDmgFn.csv,flBldgContDmgFn,407
fl-4.0-contents-408,fl,4.0,contents,IND3,,USACE - Galveston,"Average Food/Drugs/Chemicals, Contents (Equipment/Inventory)",,flBldgContDmgFn.csv,flBldgContDmgFn,408
fl-4.0-contents-409,fl,4.0,contents,IND3,,USACE - Galveston,"Chemical Plant, contents (Equipment)",,flBldgContDmgFn.csv,flBldgContDmgFn,409
fl-4.0-contents-410,fl,4.0,contents,IND3,,USACE - Galveston,"Chemical Plant, contents (Inventory)",,flBldgContDmgFn.csv,flBldgContDmgFn,410
fl-4.0-contents-411,fl,4.0,contents,IND3,,USACE - Galveston,"Chemical Plant Bonding, contents (Equipment)",,flBldgContDmgFn.csv,flBldgContDmgFn,411
fl-4.0-contents-412,fl,4.0,contents,IND3,,USACE - Galveston,"Chemical Plant Bonding, contents (Inventory)",,flBldgContDmgFn.csv,flBldgContDmgFn,412
fl-4.0-contents-413,fl,4.0,contents,IND3,,USACE - Galveston,"Chemical refinery, contents (Equipment)",,flBldgContDmgFn.csv,flBldgContDmgFn,413
fl-4.0-contents-414,fl,4.0,contents,IND3,,USACE - Galveston,"Chemical refinery, contents (Inventory)",,flBldgContDmgFn.csv,flBldgContDmgFn,414
fl-4.0-contents-415,fl,4.0,contents,IND3,,USACE - Galveston,"Deodorizer Bldg-Chemical, contents (Equipment)",,flBldgContDmgFn.csv,flBldgContDmgFn,415
fl-4.0-contents-416,fl,4.0,contents,IND3,,USACE - Galveston,"Deodorizer Bldg-Chem, contents (Inventory)",,flBldgContDmgFn.csv,flBldgContDmgFn,416
fl-4.0-contents-417,fl,4.0,contents,IND3,,USACE - Galveston,"Feed Mill, contents (Equipment)",,flBldgContDmgFn.csv,flBldgContDmgFn,417
fl-4.0-contents-418,fl,4.0,contents,IND3,,USACE - Galveston,"Feed Mill, contents (Inventory)",,flBldgContDmgFn.csv,flBldgContDmgFn,418
fl-4.0-contents-419,fl,4.0,contents,IND3,,USACE - Galveston,"Food Processor, contents (Equipment)",,flBldgContDmgFn.csv,flBldgContDmgFn,419
fl-4.0-contents-420,fl,4.0,contents,IND3,,USACE - Galveston,"Food Processor, contents (Inventory)",,flBldgContDmgFn.csv,flBldgContDmgFn,420
fl-4.0-contents-421,fl,4.0,contents,IND3,,USACE - Galveston,"Chemical Laboratory, contents (Equipment)",,flBldgContDmgFn.csv,flBldgContDmgFn,421
fl-4.0-contents-422,fl,4.0,contents,IND3,,USACE - Galveston,"Chemical Laboratory, contents (Inventory)",,flBldgContDmgFn.csv,flBldgContDmgFn,422
fl-4.0-contents-423,fl,4.0,contents,IND3,,USACE - Galveston,"Detergent Manuf. Facility, contents (Equipment)",,flBldgContDmgFn.csv,flBldgContDmgFn,423
fl-4.0-contents-424,fl,4.0,contents,IND3,,USACE - Galveston,"Detergent Manuf. Facility, contents (Inventory)",,flBldgContDmgFn.csv,flBldgContDmgFn,424
fl-4.0-contents-425,fl,4.0,contents,IND3,,USACE - Galveston,"Meat Packing, contents (Equipment)",,flBldgContDmgFn.csv,flBldgContDmgFn,425
fl-4.0-contents-426,fl,4.0,contents,IND3,,USACE - Galveston,"Meat Packing, contents (Inventory)",,flBldgContDmgFn.csv,flBldgContDmgFn,426
fl-4.0-contents-427,fl,4.0,contents,IND3,,USACE - Galveston,"Detergent Mixer Bldg, contents (Equipment)",,flBldgContDmgFn.csv,flBldgContDmgFn,427
fl-4.0-contents-428,fl,4.0,contents,IND3,,USACE - Galveston,"Detergent Mixer Bldg, contents (Inventory)",,flBldgContDmgFn.csv,flBldgContDmgFn,428
fl-4.0-contents-429,fl,4.0,contents,IND3,,USACE - Galveston,"Plastic Mfg, contents (Equipment)",,flBldgContDmgFn.csv,flBldgContDmgFn,429
fl-4.0-contents-430,fl,4.0,contents,IND3,,USACE - Galveston,"Plastic Mfg, contents (Inventory)",,flBldgContDmgFn.csv,flBldgContDmgFn,430
fl-4.0-contents-431,fl,4.0,contents,IND3,,USACE - Galveston,"Caustic Materials Refinery, contents (Equipment)",,flBldgContDmgFn.csv,flBldgContDmgFn,431
fl-4.0-contents-432,fl,4.0,contents,IND3,,USACE - Galveston,"Caustic Materials Refinery, contents (Inventory)",,flBldgContDmgFn.csv,flBldgContDmgFn,432
fl-4.0-contents-433,fl,4.0,contents,IND4,,USACE - Galveston,"Average Metals/Minerals Processing, Contents (Equipment/Inventory)",,flBldgContDmgFn.csv,flBldgContDmgFn,433
fl-4.0-contents-434,fl,4.0,contents,IND4,,USACE - Galveston,"Foundry, contents (Equipment)",,flBldgContDmgFn.csv,flBldgContDmgFn,434
fl-4.0-contents-435,fl,4.0,contents,IND4,,USACE - Galveston,"Foundry, contents (Inventory)",,flBldgContDmgFn.csv,flBldgContDmgFn,435
fl-4.0-contents-436,fl,4.0,contents,IND4,,USACE - Galveston,"Lead Refinery, contents (Equipment)",,flBldgContDmgFn.csv,flBldgContDmgFn,436
fl-4.0-contents-437,fl,4.0,contents,IND4,,USACE - Galveston,"Lead Refinery, contents (Inventory)",,flBldgContDmgFn.csv,flBldgContDmgFn,437
fl-4.0-contents-438,fl,4.0,contents,IND4,,USACE - Galveston,"Sand & Gravel, contents (Equipment)",,flBldgContDmgFn.csv,flBldgContDmgFn,438
fl-4.0-contents-439,fl,4.0,contents,IND4,,USACE - Galveston,"Sand & Gravel, contents (Inventory)",,flBldgContDmgFn.csv,flBldgContDmgFn,439
fl-4.0-contents-440,fl,4.0,contents,IND4,,USACE - Galveston,"Sheet Metal, contents (Equipment)",,flBldgContDmgFn.csv,flBldgContDmgFn,440
fl-4.0-contents-441,fl,4.0,contents,IND4,,USACE - Galveston,"Sheet Metal, contents (Inventory)",,flBldgContDmgFn.csv,flBldgContDmgFn,441
fl-4.0-contents-442,fl,4.0,contents,IND5,,USACE - Galveston,"Average High Technology, contents (Equipment/Inventory)",,flBldgContDmgFn.csv,flBldgContDmgFn,442
fl-4.0-contents-443,fl,4.0,contents,IND6,,USACE - Galveston,"Average Construction, contents (Equipment/Inventory)",,flBldgContDmgFn.csv,flBldgContDmgFn,443
fl-4.0-contents-444,fl,4.0,contents,IND6,,USACE - Galveston,"Carpet Tile Flooring, contents (Equipment)",,flBldgContDmgFn.csv,flBldgContDmgFn,444
fl-4.0-contents-445,fl,4.0,contents,IND6,,USACE - Galveston,"Carpet Tile Flooring, contents (Inventory)",,flBldgContDmgFn.csv,flBldgContDmgFn,445
fl-4.0-contents-446,fl,4.0,contents,IND6,,USACE - Galveston,"Contractor Roofing, contents (Equipment)",,flBldgContDmgFn.csv,flBldgContDmgFn,446
fl-4.0-contents-447,fl,4.0,contents,IND6,,USACE - Galveston,"Contractor Roofing, contents (Inventory)",,flBldgContDmgFn.csv,flBldgContDmgFn,447
fl-4.0-contents-448,fl,4.0,contents,IND6,,USACE - Galveston,"Contractor-Electric, contents (Equipment)",,flBldgContDmgFn.csv,flBldgContDmgFn,448
fl-4.0-contents-449,fl,4.0,contents,IND6,,USACE - Galveston,"Pier Drilling Co, contents (Equipment)",,flBldgContDmgFn.csv,flBldgContDmgFn,449
fl-4.0-contents-450,fl,4.0,contents,IND6,,USACE - Galveston,"Plumbing Co, contents (Equipment)",,flBldgContDmgFn.csv,flBldgContDmgFn,450
fl-4.0-contents-451,fl,4.0,contents,IND6,,USACE - Galveston,"Plumbing Co, contents (Inventory)",,flBldgContDmgFn.csv,flBldgContDmgFn,451
fl-4.0-contents-452,fl,4.0,contents,IND6,,USACE - Galveston,"Sandblasting Co, contents (Equipment)",,flBldgContDmgFn.csv,flBldgContDmgFn,452
fl-4.0-contents-453,fl,4.0,contents,IND6,,USACE - Galveston,"Water Well Service, contents (Equipment)",,flBldgContDmgFn.csv,flBldgContDmgFn,453
fl-4.0-contents-454,fl,4.0,contents,IND6,,USACE - New Orleans,"Carpeting Service, contents, salt water, long duration",,flBldgContDmgFn.csv,flBldgContDmgFn,454
fl-4.0-contents-455,fl,4.0,contents,IND6,,USACE - New Orleans,"Carpeting Service, contents, fresh water, short duration",,flBldgContDmgFn.csv,flBldgContDmgFn,455
fl-4.0-contents-456,fl,4.0,contents,IND6,,USACE - New Orleans,"Heating & Air Conditioning Service, contents, salt water, long duration",,flBldgContDmgFn.csv,flBldgContDmgFn,456
fl-4.0-contents-457,fl,4.0,contents,IND6,,USACE - New Orleans,"Heating & Air Conditioning Service, contents, fresh water, short duration",,flBldgContDmgFn.csv,flBldgContDmgFn,457
fl-4.0-contents-458,fl,4.0,contents,IND6,,USACE - New Orleans,"Plumbing Services, contents, salt water, long duration",,flBldgContDmgFn.csv,flBldgContDmgFn,458
fl-4.0-contents-459,fl,4.0,contents,IND6,,USACE - New Orleans,"Plumbing Services, contents, fresh water, short duration",,flBldgContDmgFn.csv,flBldgContDmgFn,459
fl-4.0-contents-460,fl,4.0,contents,AGR1,,USACE - Galveston,"Average Agriculture, Contents (Equipment/Inventory)",,flBldgContDmgFn.csv,flBldgContDmgFn,460
fl-4.0-contents-461,fl,4.0,contents,AGR1,,USACE - Galveston,"Dairy Processing, contents (Equipment)",,flBldgContDmgFn.csv,flBldgContDmgFn,461
fl-4.0-contents-462,fl,4.0,contents,AGR1,,USACE - Galveston,"Dairy Processing, contents (Inventory)",,flBldgContDmgFn.csv,flBldgContDmgFn,462
fl-4.0-contents-463,fl,4.0,contents,AGR1,,USACE - Galveston,"Horse Stalls, contents (Equipment)",,flBldgContDmgFn.csv,flBldgContDmgFn,463
fl-4.0-contents-464,fl,4.0,contents,AGR1,,USACE - Galveston,"Veterinary Clinic, contents (Equipment)",,flBldgContDmgFn.csv,flBldgContDmgFn,464
fl-4.0-contents-465,fl,4.0,contents,AGR1,,USACE - New Orleans,"Veterinary Office, contents, salt water, long duration",,flBldgContDmgFn.csv,flBldgContDmgFn,465
fl-4.0-contents-466,fl,4.0,contents,AGR1,,USACE - New Orleans,"Veterinary Office, contents, fresh water, short duration",,flBldgContDmgFn.csv,flBldgContDmgFn,466
fl-4.0-contents-467,fl,4.0,contents,REL1,,USACE - Galveston,"Church, contents",,flBldgContDmgFn.csv,flBldgContDmgFn,467
fl-4.0-contents-468,fl,4.0,contents,REL1,,USACE - Galveston,"Church, contents (Equipment)",,flBldgContDmgFn.csv,flBldgContDmgFn,468
fl-4.0-contents-469,fl,4.0,contents,REL1,,USACE - Galveston,"Church, contents (Inventory)",,flBldgContDmgFn.csv,flBldgContDmgFn,469
fl-4.0-contents-470,fl,4.0,contents,REL1,,USACE - New Orleans,"Civic Association, contents, salt water, long duration",,flBldgContDmgFn.csv,flBldgContDmgFn,470
fl-4.0-contents-471,fl,4.0,contents,REL1,,USACE - New Orleans,"Civic Association, contents, fresh water, short duration",,flBldgContDmgFn.csv,flBldgContDmgFn,471
fl-4.0-contents-472,fl,4.0,contents,GOV1,,USACE - Galveston,"Average Govt Services, contents (Equipment)",,flBldgContDmgFn.csv,flBldgContDmgFn,472
fl-4.0-contents-473,fl,4.0,contents,GOV1,,USACE - Galveston,"City Hall, contents (Equipment)",,flBldgContDmgFn.csv,flBldgContDmgFn,473
fl-4.0-contents-474,fl,4.0,contents,GOV1,,USACE - Galveston,"Post Office, contents (Equipment)",,flBldgContDmgFn.csv,flBldgContDmgFn,474
fl-4.0-contents-475,fl,4.0,contents,GOV1,,USACE - New Orleans,"Government Facility, contents, salt water, long duration",,flBldgContDmgFn.csv,flBldgContDmgFn,475
fl-4.0-contents-476,fl,4.0,contents,GOV1,,USACE - New Orleans,"Government Facility, contents, fresh water, short duration",,flBldgContDmgFn.csv,flBldgContDmgFn,476
fl-4.0-contents-477,fl,4.0,contents,GOV2,,USACE - Galveston,"Average emergency response, contents (Equipment/Inventory)",,flBldgContDmgFn.csv,flBldgContDmgFn,477
fl-4.0-contents-478,fl,4.0,contents,GOV2,,USACE - Galveston,"Fire Station, contents (Inventory)",,flBldgContDmgFn.csv,flBldgContDmgFn,478
fl-4.0-contents-479,fl,4.0,contents,GOV2,,USACE - Galveston,"Police Station, contents (Equipment)",,flBldgContDmgFn.csv,flBldgContDmgFn,479
fl-4.0-contents-480,fl,4.0,contents,EDU1,,USACE - Galveston,"Average School, contents (Equipment/Inventory)",,flBldgContDmgFn.csv,flBldgContDmgFn,480
fl-4.0-contents-481,fl,4.0,contents,EDU1,,USACE - Galveston,"Commercial School, contents (Equipment)",,flBldgContDmgFn.csv,flBldgContDmgFn,481
fl-4.0-contents-482,fl,4.0,contents,EDU1,,USACE - Galveston,"Library, contents (Inventory)",,flBldgContDmgFn.csv,flBldgContDmgFn,482
fl-4.0-contents-483,fl,4.0,contents,EDU1,,USACE - New Orleans,"Elementary School, contents, salt water, long duration",,flBldgContDmgFn.csv,flBldgContDmgFn,483
fl-4.0-contents-484,fl,4.0,contents,EDU1,,USACE - New Orleans,"Elementary School, contents, fresh water, short duration",,flBldgContDmgFn.csv,flBldgContDmgFn,484
fl-4.0-contents-485,fl,4.0,contents,EDU2,,USACE - Galveston,"Average College/University, Contents (Equipment/Inventory)",,flBldgContDmgFn.csv,flBldgContDmgFn,485
fl-4.0-contents-486,fl,4.0,contents,EDU2,,USACE - New Orleans,"College, contents, salt water, long duration",,flBldgContDmgFn.csv,flBldgContDmgFn,486
fl-4.0-contents-487,fl,4.0,contents,EDU2,,USACE - New Orleans,"College, contents, fresh water, short duration",,flBldgContDmgFn.csv,flBldgContDmgFn,487
fl-4.0-contents-488,fl,4.0,contents,RES1,,BCAR - Jan 2011,"all floors, slab - no basement, Coastal A or V Zone",,flBldgContDmgFn.csv,flBldgContDmgFn,488
fl-4.0-contents-489,fl,4.0,contents,RES3A,,BCAR - Jan 2011,"1to2 Stories, slab - no basement, Coastal A or V Zone",,flBldgContDmgFn.csv,flBldgContDmgFn,489
fl-4.0-contents-490,fl,4.0,contents,RES3B,,BCAR - Jan 2011,"1to2 Stories, slab - no basement, Coastal A or V Zone",,flBldgContDmgFn.csv,flBldgContDmgFn,490
fl-4.0-contents-491,fl,4.0,contents,RES1,,BCAR - Jan 2011,"all floors, Wall 2ft - no basement, Coastal A or V Zone",,flBldgContDmgFn.csv,flBldgContDmgFn,491
fl-4.0-contents-492,fl,4.0,contents,RES3A,,BCAR - Jan 2011,"1to2 Stories, Wall 2ft - no basement, Coastal A or V Zone",,flBldgContDmgFn.csv,flBldgContDmgFn,492
fl-4.0-contents-493,fl,4.0,contents,RES3B,,BCAR - Jan 2011,"1to2 Stories, Wall 2ft - no basement, Coastal A or V Zone",,flBldgContDmgFn.csv,flBldgContDmgFn,493
fl-4.0-contents-494,fl,4.0,contents,RES1,,BCAR - Jan 2011,"all floors, Wall 3ft - no basement, Coastal A or V Zone",,flBldgContDmgFn.csv,flBldgContDmgFn,494
fl-4.0-contents-495,fl,4.0,contents,RES3A,,BCAR - Jan 2011,"1to2 Stories, Wall 3ft - no basement, Coastal A or V Zone",,flBldgContDmgFn.csv,flBldgContDmgFn,495
fl-4.0-contents-496,fl,4.0,contents,RES3B,,BCAR - Jan 2011,"1to2 Stories, Wall 3ft - no basement, Coastal A or V Zone",,flBldgContDmgFn.csv,flBldgContDmgFn,496
fl-4.0-contents-497,fl,4.0,contents,RES2,,BCAR - Jan 2011,"Manufactured Home (Mobile), Structure, Coastal A or V Zone",,flBldgContDmgFn.csv,flBldgContDmgFn,497
fl-4.0-contents-498,fl,4.0,contents,RES1,,BCAR - Jan 2011,"all floors, Elevated (Open)+2ft - no basement, Coastal A or V Zone",,flBldgContDmgFn.csv,flBldgContDmgFn,498
fl-4.0-contents-499,fl,4.0,contents,RES3A,,BCAR - Jan 2011,"1to2 Stories, Elevated (Open)+2ft - no basement, Coastal A or V Zone",,flBldgContDmgFn.csv,flBldgContDmgFn,499
fl-4.0-contents-500,fl,4.0,contents,RES3B,,BCAR - Jan 2011,"1to2 Stories, Elevated (Open)+2ft - no basement, Coastal A or V Zone",,flBldgContDmgFn.csv,flBldgContDmgFn,500
fl-4.0-contents-501,fl,4.0,contents,RES1,,BCAR - Jan 2011,"all floors, Elevated (Open)+4ft - no basement, Coastal A or V Zone",,flBldgContDmgFn.csv,flBldgContDmgFn,501
fl-4.0-contents-502,fl,4.0,contents,RES3A,,BCAR - Jan 2011,"1to2 Stories, Elevated (Open)+4ft - no basement, Coastal A or V Zone",,flBldgContDmgFn.csv,flBldgContDmgFn,502
fl-4.0-contents-503,fl,4.0,contents,RES3B,,BCAR - Jan 2011,"1to2 Stories, Elevated (Open)+4ft - no basement, Coastal A or V Zone",,flBldgContDmgFn.csv,flBldgContDmgFn,503
fl-4.0-contents-504,fl,4.0,contents,RES1,,BCAR - Jan 2011,"all floors, Elevated (Open)+6ft - no basement, Coastal A or V Zone",,flBldgContDmgFn.csv,flBldgContDmgFn,504
fl-4.0-contents-505,fl,4.0,contents,RES3A,,BCAR - Jan 2011,"1to2 Stories, Elevated (Open)+6ft - no basement, Coastal A or V Zone",,flBldgContDmgFn.csv,flBldgContDmgFn,505
fl-4.0-contents-506,fl,4.0,contents,RES3B,,BCAR - Jan 2011,"1to2 Stories, Elevated (Open)+6ft - no basement, Coastal A or V Zone",,flBldgContDmgFn.csv,flBldgContDmgFn,506
fl-4.0-contents-507,fl,4.0,contents,RES1,,BCAR - Jan 2011,"all floors, Elevated (Open)+8ft - no basement, Coastal A or V Zone",,flBldgContDmgFn.csv,flBldgContDmgFn,507
fl-4.0-contents-508,fl,4.0,contents,RES3A,,BCAR - Jan 2011,"1to2 Stories, Elevated (Open)+8ft - no basement, Coastal A or V Zone",,flBldgContDmgFn.csv,flBldgContDmgFn,508
fl-4.0-contents-509,fl,4.0,contents,RES3B,,BCAR - Jan 2011,"1to2 Stories, Elevated (Open)+8ft - no basement, Coastal A or V Zone",,flBldgContDmgFn.csv,flBldgContDmgFn,509
fl-4.0-contents-510,fl,4.0,contents,RES1,,BCAR - Jan 2011,"all floors, Elevated (Open)+10ft - no basement, Coastal A or V Zone",,flBldgContDmgFn.csv,flBldgContDmgFn,510
fl-4.0-contents-511,fl,4.0,contents,RES3A,,BCAR - Jan 2011,"1to2 Stories, Elevated (Open)+10ft - no basement, Coastal A or V Zone",,flBldgContDmgFn.csv,flBldgContDmgFn,511
fl-4.0-contents-512,fl,4.0,contents,RES3B,,BCAR - Jan 2011,"1to2 Stories, Elevated (Open)+10ft - no basement, Coastal A or V Zone",,flBldgContDmgFn.csv,flBldgContDmgFn,512
fl-4.0-contents-513,fl,4.0,contents,RES1,,BCAR - Jan 2011,"all floors, Elevated (Open)+12ft - no basement, Coastal A or V Zone",,flBldgContDmgFn.csv,flBldgContDmgFn,513
fl-4.0-contents-514,fl,4.0,contents,RES3A,,BCAR - Jan 2011,"1to2 Stories, Elevated (Open)+12ft - no basement, Coastal A or V Zone",,flBldgContDmgFn.csv,flBldgContDmgFn,514
fl-4.0-contents-515,fl,4.0,contents,RES3B,,BCAR - Jan 2011,"1to2 Stories, Elevated (Open)+12ft - no basement, Coastal A or V Zone",,flBldgContDmgFn.csv,flBldgContDmgFn,515
fl-4.0-contents-516,fl,4.0,contents,RES1,,BCAR - Jan 2011,"all floors, Elevated (Obstr)+2ft - no basement, Coastal A or V Zone",,flBldgContDmgFn.csv,flBldgContDmgFn,516
fl-4.0-contents-517,fl,4.0,contents,RES3A,,BCAR - Jan 2011,"1to2 Stories, Elevated (Obstr)+2ft - no basement, Coastal A or V Zone",,flBldgContDmgFn.csv,flBldgContDmgFn,517
fl-4.0-contents-518,fl,4.0,contents,RES3B,,BCAR - Jan 2011,"1to2 Stories, Elevated (Obstr)+2ft - no basement, Coastal A or V Zone",,flBldgContDmgFn.csv,flBldgContDmgFn,518
fl-4.0-contents-519,fl,4.0,contents,RES1,,BCAR - Jan 2011,"all floors, Elevated (Obstr)+4ft - no basement, Coastal A or V Zone",,flBldgContDmgFn.csv,flBldgContDmgFn,519
fl-4.0-contents-520,fl,4.0,contents,RES3A,,BCAR - Jan 2011,"1to2 Stories, Elevated (Obstr)+4ft - no basement, Coastal A or V Zone",,flBldgContDmgFn.csv,flBldgContDmgFn,520
fl-4.0-contents-521,fl,4.0,contents,RES3B,,BCAR - Jan 2011,"1to2 Stories, Elevated (Obstr)+4ft - no basement, Coastal A or V Zone",,flBldgContDmgFn.csv,flBldgContDmgFn,521
fl-4.0-contents-522,fl,4.0,contents,RES1,,BCAR - Jan 2011,"all floors, Elevated (Obstr)+6ft - no basement, Coastal A or V Zone",,flBldgContDmgFn.csv,flBldgContDmgFn,522
fl-4.0-contents-523,fl,4.0,contents,RES3A,,BCAR - Jan 2011,"1to2 Stories, Elevated (Obstr)+6ft - no basement, Coastal A or V Zone",,flBldgContDmgFn.csv,flBldgContDmgFn,523
fl-4.0-contents-524,fl,4.0,contents,RES3B,,BCAR - Jan 2011,"1to2 Stories, Elevated (Obstr)+6ft - no basement, Coastal A or V Zone",,flBldgContDmgFn.csv,flBldgContDmgFn,524
fl-4.0-contents-525,fl,4.0,contents,RES1,,BCAR - Jan 2011,"all floors, Elevated (Obstr)+8ft - no basement, Coastal A or V Zone",,flBldgContDmgFn.csv,flBldgContDmgFn,525
fl-4.0-contents-526,fl,4.0,contents,RES3A,,BCAR - Jan 2011,"1to2 Stories, Elevated (Obstr)+8ft - no basement, Coastal A or V Zone",,flBldgContDmgFn.csv,flBldgContDmgFn,526
fl-4.0-contents-527,fl,4.0,contents,RES3B,,BCAR - Jan 2011,"1to2 Stories, Elevated (Obstr)+8ft - no basement, Coastal A or V Zone",,flBldgContDmgFn.csv,flBldgContDmgFn,527
fl-4.0-contents-528,fl,4.0,contents,RES1,,BCAR - Jan 2011,"all floors, Elevated (Obstr)+10ft - no basement, Coastal A or V Zone",,flBldgContDmgFn.csv,flBldgContDmgFn,528
fl-4.0-contents-529,fl,4.0,contents,RES3A,,BCAR - Jan 2011,"1to2 Stories, Elevated (Obstr)+10ft - no basement, Coastal A or V Zone",,flBldgContDmgFn.csv,flBldgContDmgFn,529
fl-4.0-contents-530,fl,4.0,contents,RES3B,,BCAR - Jan 2011,"1to2 Stories, Elevated (Obstr)+10ft - no basement, Coastal A or V Zone",,flBldgContDmgFn.csv,flBldgContDmgFn,530
fl-4.0-contents-531,fl,4.0,contents,RES1,,BCAR - Jan 2011,"all floors, Elevated (Obstr)+12ft - no basement, Coastal A or V Zone",,flBldgContDmgFn.csv,flBldgContDmgFn,531
fl-4.0-contents-532,fl,4.0,contents,RES3A,,BCAR - Jan 2011,"1to2 Stories, Elevated (Obstr)+12ft - no basement, Coastal A or V Zone",,flBldgContDmgFn.csv,flBldgContDmgFn,532
fl-4.0-contents-533,fl,4.0,contents,RES3B,,BCAR - Jan 2011,"1to2 Stories, Elevated (Obstr)+12ft - no basement, Coastal A or V Zone",,flBldgContDmgFn.csv,flBldgContDmgFn,533
fl-4.0-contents-534,fl,4.0,contents,RES3,,USACE - Chicago,"Apartment Unit Grade, Contents",,flBldgContDmgFn.csv,flBldgContDmgFn,534
fl-4.0-contents-535,fl,4.0,contents,RES1,,BCAR - Jan 2011,"one story, w/ basement, Contents (B14)",,flBldgContDmgFn.csv,flBldgContDmgFn,535
fl-6.1-contents-21,fl,6.1,contents,RES1,,FIA,"one floor, no basement, Contents, A-Zone",,HazusFloodDamageFunctions_Hazus61.xlsx,flBldgContDmgFunc,21
fl-6.1-contents-22,fl,6.1,contents,RES1,,FIA,"one floor, w/ basement, Contents, A-Zone",,HazusFloodDamageFunctions_Hazus61.xlsx,flBldgContDmgFunc,22
fl-6.1-contents-23,fl,6.1,contents,RES1,,FIA,"two floors, no basement, Contents, A-Zone",,HazusFloodDamageFunctions_Hazus61.xlsx,flBldgContDmgFunc,23
fl-6.1-contents-24,fl,6.1,contents,RES1,,FIA (MOD.),"two floors, w/ basement, Contents, A-Zone",,HazusFloodDamageFunctions_Hazus61.xlsx,flBldgContDmgFunc,24
fl-6.1-contents-25,fl,6.1,contents,RES1,,FIA (MOD.),"three or more floors, no basement, Contents, A-Zone",,HazusFloodDamageFunctions_Hazus61.xlsx,flBldgContDmgFunc,25
fl-6.1-contents-26,fl,6.1,contents,RES1,,FIA (MOD.),"three or more floors, w/ basement, Contents, A-Zone",,HazusFloodDamageFunctions_Hazus61.xlsx,flBldgContDmgFunc,26
fl-6.1-contents-27,fl,6.1,contents,RES1,,FIA,"split level, no basement, Contents, A-Zone",,HazusFloodDamageFunctions_Hazus61.xlsx,flBldgContDmgFunc,27
fl-6.1-contents-28,fl,6.1,contents,RES1,,FIA (MOD.),"split level, w/ basement, Contents, A-Zone",,HazusFloodDamageFunctions_Hazus61.xlsx,flBldgContDmgFunc,28
fl-6.1-contents-29,fl,6.1,contents,RES1,,FIA,"one floor, no basement, Contents, V-Zone",,HazusFloodDamageFunctions_Hazus61.xlsx,flBldgContDmgFunc,29
fl-6.1-contents-30,fl,6.1,contents,RES1,,FIA,"one floor, w/ basement, Contents, V-Zone",,HazusFloodDamageFunctions_Hazus61.xlsx,flBldgContDmgFunc,30
fl-6.1-contents-31,fl,6.1,contents,RES1,,FIA,"two floors, no basement, Contents, V-Zone",,HazusFloodDamageFunctions_Hazus61.xlsx,flBldgContDmgFunc,31
fl-6.1-contents-32,fl,6.1,contents,RES1,,FIA (MOD.),"two floors, w/ basement, Contents, V-Zone",,HazusFloodDamageFunctions_Hazus61.xlsx,flBldgContDmgFunc,32
fl-6.1-contents-33,fl,6.1,contents,RES1,,FIA (MOD.),"three or more floors, no basement, Contents, V-Zone",,HazusFloodDamageFunctions_Hazus61.xlsx,flBldgContDmgFunc,33
fl-6.1-contents-34,fl,6.1,contents,RES1,,FIA (MOD.),"three or more floors, w/ basement, Contents, V-Zone",,HazusFloodDamageFunctions_Hazus61.xlsx,flBldgContDmgFunc,34
fl-6.1-contents-35,fl,6.1,contents,RES1,,FIA,"split level, no basement, Contents, V-Zone",,HazusFloodDamageFunctions_Hazus61.xlsx,flBldgContDmgFunc,35
fl-6.1-contents-36,fl,6.1,contents,RES1,,FIA (MOD.),"split level, w/ basement, Contents, V-Zone",,HazusFloodDamageFunctions_Hazus61.xlsx,flBldgContDmgFunc,36
fl-6.1-contents-45,fl,6.1,contents,RES1,,USACE - IWR,"one story, no basement, Contents",,HazusFloodDamageFunctions_Hazus61.xlsx,flBldgContDmgFunc,45
fl-6.1-contents-46,fl,6.1,contents,RES1,,USACE - IWR,"two or more stories, no basement, Contents",,HazusFloodDamageFunctions_Hazus61.xlsx,flBldgContDmgFunc,46
fl-6.1-contents-47,fl,6.1,contents,RES1,,USACE - IWR,"split level, no basement, Contents",,HazusFloodDamageFunctions_Hazus61.xlsx,flBldgContDmgFunc,47
fl-6.1-contents-48,fl,6.1,contents,RES1,,USACE - Chicago,"one story, no basement, Contents",,HazusFloodDamageFunctions_Hazus61.xlsx,flBldgContDmgFunc,48
fl-6.1-contents-49,fl,6.1,contents,RES1,,USACE - Chicago,"one story, w/ basement, Contents",,HazusFloodDamageFunctions_Hazus61.xlsx,flBldgContDmgFunc,49
fl-6.1-contents-50,fl,6.1,contents,RES1,,USACE - Chicago,"split level, no basement, Contents",,HazusFloodDamageFunctions_Hazus61.xlsx,flBldgContDmgFunc,50
fl-6.1-contents-51,fl,6.1,contents,RES1,,USACE - Chicago,"split level, w/ basement, Contents",,HazusFloodDamageFunctions_Hazus61.xlsx,flBldgContDmgFunc,51
fl-6.1-contents-52,fl,6.1,contents,RES1,,USACE - Chicago,"two story, no basement, Contents",,HazusFloodDamageFunctions_Hazus61.xlsx,flBldgContDmgFunc,52
fl-6.1-contents-53,fl,6.1,contents,RES1,,USACE - Chicago,"two story, w/ basement, Contents",,HazusFloodDamageFunctions_Hazus61.xlsx,flBldgContDmgFunc,53
fl-6.1-contents-54,fl,6.1,contents,RES1,,USACE - Galveston,"one & 1/2 story, no basement, Contents",,HazusFloodDamageFunctions_Hazus61.xlsx,flBldgContDmgFunc,54
fl-6.1-contents-55,fl,6.1,contents,RES1,,USACE - Galveston,"one story, no basement, Contents",,HazusFloodDamageFunctions_Hazus61.xlsx,flBldgContDmgFunc,55
fl-6.1-contents-56,fl,6.1,contents,RES1,,USACE - Galveston,"two story, no basement, Contents",,HazusFloodDamageFunctions_Hazus61.xlsx,flBldgContDmgFunc,56
fl-6.1-contents-57,fl,6.1,contents,RES1,,USACE - New Orleans,"one story, Contents, fresh water, short duration",,HazusFloodDamageFunctions_Hazus61.xlsx,flBldgContDmgFunc,57
fl-6.1-contents-58,fl,6.1,contents,RES1,,USACE - New Orleans,"one story, Contents, salt water, long duration",,HazusFloodDamageFunctions_Hazus61.xlsx,flBldgContDmgFunc,58
fl-6.1-contents-59,fl,6.1,contents,RES1,,USACE - New Orleans,"two story, Contents, fresh water, short duration",,HazusFloodDamageFunctions_Hazus61.xlsx,flBldgContDmgFunc,59
fl-6.1-contents-60,fl,6.1,contents,RES1,,USACE - New Orleans,"two story, Contents, salt water, long duration",,HazusFloodDamageFunctions_Hazus61.xlsx,flBldgContDmgFunc,60
fl-6.1-contents-61,fl,6.1,contents,RES1,,USACE - St. Paul,"one story, Contents",,HazusFloodDamageFunctions_Hazus61.xlsx,flBldgContDmgFunc,61
fl-6.1-contents-62,fl,6.1,contents,RES1,,USACE - St. Paul,"two story, Contents",,HazusFloodDamageFunctions_Hazus61.xlsx,flBldgContDmgFunc,62
fl-6.1-contents-63,fl,6.1,contents,RES1,,USACE - Wilmington,"one & 1/2 story, pile foundation, Contents",,HazusFloodDamageFunctions_Hazus61.xlsx,flBldgContDmgFunc,63
fl-6.1-contents-64,fl,6.1,contents,RES1,,USACE - Wilmington,"one & 1/2 story, Contents",,HazusFloodDamageFunctions_Hazus61.xlsx,flBldgContDmgFunc,64
fl-6.1-contents-65,fl,6.1,contents,RES1,,USACE - Wilmington,"one & 1/2 story w/ 1/2 living area below, Contents",,HazusFloodDamageFunctions_Hazus61.xlsx,flBldgContDmgFunc,65
fl-6.1-contents-66,fl,6.1,contents,RES1,,USACE - Wilmington,"one story, pile foundation, contents",,HazusFloodDamageFunctions_Hazus61.xlsx,flBldgContDmgFunc,66
fl-6.1-contents-67,fl,6.1,contents,RES1,,USACE - Wilmington,"one story, Contents",,HazusFloodDamageFunctions_Hazus61.xlsx,flBldgContDmgFunc,67
fl-6.1-contents-68,fl,6.1,contents,RES1,,USACE - Wilmington,"one story w/ 1/2 living area below, Contents",,HazusFloodDamageFunctions_Hazus61.xlsx,flBldgContDmgFunc,68
fl-6.1-contents-69,fl,6.1,contents,RES1,,USACE - Wilmington,"one story w/ basement, Contents",,HazusFloodDamageFunctions_Hazus61.xlsx,flBldgContDmgFunc,69
fl-6.1-contents-70,fl,6.1,contents,RES1,,USACE - Wilmington,"split level, Contents",,HazusFloodDamageFunctions_Hazus61.xlsx,flBldgContDmgFunc,70
fl-6.1-contents-71,fl,6.1,contents,RES1,,USACE - Wilmington,"two story, pile foundation, contents",,HazusFloodDamageFunctions_Hazus61.xlsx,flBldgContDmgFunc,71
fl-6.1-contents-72,fl,6.1,contents,RES1,,USACE - Wilmington,"two story, Contents",,HazusFloodDamageFunctions_Hazus61.xlsx,flBldgContDmgFunc,72
fl-6.1-contents-73,fl,6.1,contents,RES1,,USACE - Wilmington,"two story w/ 1/2 living area below, Contents",,HazusFloodDamageFunctions_Hazus61.xlsx,flBldgContDmgFunc,73
fl-6.1-contents-74,fl,6.1,contents,RES2,,FIA,"Mobile Home, Contents, A-Zone",,HazusFloodDamageFunctions_Hazus61.xlsx,flBldgContDmgFunc,74
fl-6.1-contents-75,fl,6.1,contents,RES2,,FIA,"Mobile Home, Contents, V-Zone",,HazusFloodDamageFunctions_Hazus61.xlsx,flBldgContDmgFunc,75
fl-6.1-contents-76,fl,6.1,contents,RES2,,USACE - Chicago,"Mobile Home, Contents",,HazusFloodDamageFunctions_Hazus61.xlsx,flBldgContDmgFunc,76
fl-6.1-contents-77,fl,6.1,contents,RES2,,USACE - Galveston,"Mobile Home, Contents",,HazusFloodDamageFunctions_Hazus61.xlsx,flBldgContDmgFunc,77
fl-6.1-contents-78,fl,6.1,contents,RES2,,USACE - New Orleans,"Mobile Home, Contents, fresh water, short duration",,HazusFloodDamageFunctions_Hazus61.xlsx,flBldgContDmgFunc,78
fl-6.1-contents-79,fl,6.1,contents,RES2,,USACE - New Orleans,"Mobile Home, Contents, salt water, long duration",,HazusFloodDamageFunctions_Hazus61.xlsx,flBldgContDmgFunc,79
fl-6.1-contents-80,fl,6.1,contents,RES2,,USACE - Wilmington,"Mobile Home, Contents",,HazusFloodDamageFunctions_Hazus61.xlsx,flBldgContDmgFunc,80
fl-6.1-contents-81,fl,6.1,contents,RES3,,USACE - Chicago,"Apartment Unit Grade, Contents",,HazusFloodDamageFunctions_Hazus61.xlsx,flBldgContDmgFunc,81
fl-6.1-contents-82,fl,6.1,contents,RES3,,USACE - Chicago,"Apartment Unit Sub-Grade, Contents",,HazusFloodDamageFunctions_Hazus61.xlsx,flBldgContDmgFunc,82
fl-6.1-contents-83,fl,6.1,contents,RES3,,USACE - Galveston,"Apartment, living area on one floor, Contents",,HazusFloodDamageFunctions_Hazus61.xlsx,flBldgContDmgFunc,83
fl-6.1-contents-84,fl,6.1,contents,RES3,,USACE - Galveston,"Condominium, living area on multiple floors, Contents",,HazusFloodDamageFunctions_Hazus61.xlsx,flBldgContDmgFunc,84
fl-6.1-contents-85,fl,6.1,contents,RES4,,USACE - Galveston,"Average hotel/motel, Contents (Equipment/Inventory)",,HazusFloodDamageFunctions_Hazus61.xlsx,flBldgContDmgFunc,85
fl-6.1-contents-86,fl,6.1,contents,RES4,,USACE - Galveston,"Hotel, contents (Equipment)",,HazusFloodDamageFunctions_Hazus61.xlsx,flBldgContDmgFunc,86
fl-6.1-contents-87,fl,6.1,contents,RES4,,USACE - Galveston,"Motel Unit, contents (Inventory)",,HazusFloodDamageFunctions_Hazus61.xlsx,flBldgContDmgFunc,87
fl-6.1-contents-88,fl,6.1,contents,RES5,,USACE - Galveston,"Average institutional dormitory, contents",,HazusFloodDamageFunctions_Hazus61.xlsx,flBldgContDmgFunc,88
fl-6.1-contents-89,fl,6.1,contents,RES6,,USACE - Galveston,"Nursing Home, contents (Equipment)",,HazusFloodDamageFunctions_Hazus61.xlsx,flBldgContDmgFunc,89
fl-6.1-contents-90,fl,6.1,contents,COM1,,USACE - Galveston,Average retail trade contents (Inventory/Equipment),,HazusFloodDamageFunctions_Hazus61.xlsx,flBldgContDmgFunc,90
fl-6.1-contents-91,fl,6.1,contents,COM1,,USACE - Galveston,"Antique, contents (Inventory)",,HazusFloodDamageFunctions_Hazus61.xlsx,flBldgContDmgFunc,91
fl-6.1-contents-92,fl,6.1,contents,COM1,,USACE - Galveston,"Appliance Sales, contents (Equipment)",,HazusFloodDamageFunctions_Hazus61.xlsx,flBldgContDmgFunc,92
fl-6.1-contents-93,fl,6.1,contents,COM1,,USACE - Galveston,"Appliance Sales, contents (Inventory)",,HazusFloodDamageFunctions_Hazus61.xlsx,flBldgContDmgFunc,93
fl-6.1-contents-94,fl,6.1,contents,COM1,,USACE - Galveston,"Large Auto Dealer, contents (Inventory)",,HazusFloodDamageFunctions_Hazus61.xlsx,flBldgContDmgFunc,94
fl-6.1-contents-95,fl,6.1,contents,COM1,,USACE - Galveston,"Bait Stand, contents (Inventory)",,HazusFloodDamageFunctions_Hazus61.xlsx,flBldgContDmgFunc,95
fl-6.1-contents-96,fl,6.1,contents,COM1,,USACE - Galveston,"Bakery, contents (Equipment)",,HazusFloodDamageFunctions_Hazus61.xlsx,flBldgContDmgFunc,96
fl-6.1-contents-97,fl,6.1,contents,COM1,,USACE - Galveston,"Bakery, contents (Inventory)",,HazusFloodDamageFunctions_Hazus61.xlsx,flBldgContDmgFunc,97
fl-6.1-contents-98,fl,6.1,contents,COM1,,USACE - Galveston,"Boat Sales/Service, contents (Equipment)",,HazusFloodDamageFunctions_Hazus61.xlsx,flBldgContDmgFunc,98
fl-6.1-contents-99,fl,6.1,contents,COM1,,USACE - Galveston,"Boat Sales/Service, contents (Inventory)",,HazusFloodDamageFunctions_Hazus61.xlsx,flBldgContDmgFunc,99
fl-6.1-contents-100,fl,6.1,contents,COM1,,USACE - Galveston,"Book Store, contents (Inventory)",,HazusFloodDamageFunctions_Hazus61.xlsx,flBldgContDmgFunc,100
fl-6.1-contents-101,fl,6.1,contents,COM1,,USACE - Galveston,"Camera Store, contents (Inventory)",,HazusFloodDamageFunctions_Hazus61.xlsx,flBldgContDmgFunc,101
fl-6.1-contents-102,fl,6.1,contents,COM1,,USACE - Galveston,"Carpet and Paint Shop, contents (Equipment)",,HazusFloodDamageFunctions_Hazus61.xlsx,flBldgContDmgFunc,102
fl-6.1-contents-103,fl,6.1,contents,COM1,,USACE - Galveston,"Carpet and Paint Shop, contents (Inventory)",,HazusFloodDamageFunctions_Hazus61.xlsx,flBldgContDmgFunc,103
fl-6.1-contents-104,fl,6.1,contents,COM1,,USACE - Galveston,"Mens Clothing, contents (Equipment)",,HazusFloodDamageFunctions_Hazus61.xlsx,flBldgContDmgFunc,104
fl-6.1-contents-105,fl,6.1,contents,COM1,,USACE - Galveston,"Mens Clothing, contents (Inventory)",,HazusFloodDamageFunctions_Hazus61.xlsx,flBldgContDmgFunc,105
fl-6.1-contents-106,fl,6.1,contents,COM1,,USACE - Galveston,"Crafts, contents (Equipment)",,HazusFloodDamageFunctions_Hazus61.xlsx,flBldgContDmgFunc,106
fl-6.1-contents-107,fl,6.1,contents,COM1,,USACE - Galveston,"Crafts, contents (Inventory)",,HazusFloodDamageFunctions_Hazus61.xlsx,flBldgContDmgFunc,107
fl-6.1-contents-108,fl,6.1,contents,COM1,,USACE - Galveston,"Chain Drug Store, contents (Inventory)",,HazusFloodDamageFunctions_Hazus61.xlsx,flBldgContDmgFunc,108
fl-6.1-contents-109,fl,6.1,contents,COM1,,USACE - Galveston,"Fabric Store, contents (Equipment)",,HazusFloodDamageFunctions_Hazus61.xlsx,flBldgContDmgFunc,109
fl-6.1-contents-110,fl,6.1,contents,COM1,,USACE - Galveston,"Fabric Store, contents (Inventory)",,HazusFloodDamageFunctions_Hazus61.xlsx,flBldgContDmgFunc,110
fl-6.1-contents-111,fl,6.1,contents,COM1,,USACE - Galveston,"Feed Store, contents (Equipment)",,HazusFloodDamageFunctions_Hazus61.xlsx,flBldgContDmgFunc,111
fl-6.1-contents-112,fl,6.1,contents,COM1,,USACE - Galveston,"Feed Store, contents (Inventory)",,HazusFloodDamageFunctions_Hazus61.xlsx,flBldgContDmgFunc,112
fl-6.1-contents-113,fl,6.1,contents,COM1,,USACE - Galveston,"Florist, contents (Equipment)",,HazusFloodDamageFunctions_Hazus61.xlsx,flBldgContDmgFunc,113
fl-6.1-contents-114,fl,6.1,contents,COM1,,USACE - Galveston,"Florist, contents (Inventory)",,HazusFloodDamageFunctions_Hazus61.xlsx,flBldgContDmgFunc,114
fl-6.1-contents-115,fl,6.1,contents,COM1,,USACE - Galveston,"Fruit Stand, contents (Inventory)",,HazusFloodDamageFunctions_Hazus61.xlsx,flBldgContDmgFunc,115
fl-6.1-contents-116,fl,6.1,contents,COM1,,USACE - Galveston,"Large Furniture Store, contents (Inventory)",,HazusFloodDamageFunctions_Hazus61.xlsx,flBldgContDmgFunc,116
fl-6.1-contents-117,fl,6.1,contents,COM1,,USACE - Galveston,"Gas/Butane Supply, contents (Equipment)",,HazusFloodDamageFunctions_Hazus61.xlsx,flBldgContDmgFunc,117
fl-6.1-contents-118,fl,6.1,contents,COM1,,USACE - Galveston,"Gift Shop, contents (Inventory)",,HazusFloodDamageFunctions_Hazus61.xlsx,flBldgContDmgFunc,118
fl-6.1-contents-119,fl,6.1,contents,COM1,,USACE - Galveston,"Greenhouse, contents (Equipment)",,HazusFloodDamageFunctions_Hazus61.xlsx,flBldgContDmgFunc,119
fl-6.1-contents-120,fl,6.1,contents,COM1,,USACE - Galveston,"Greenhouse, contents (Inventory)",,HazusFloodDamageFunctions_Hazus61.xlsx,flBldgContDmgFunc,120
fl-6.1-contents-121,fl,6.1,contents,COM1,,USACE - Galveston,"Small Grocery, contents (Equipment)",,HazusFloodDamageFunctions_Hazus61.xlsx,flBldgContDmgFunc,121
fl-6.1-contents-122,fl,6.1,contents,COM1,,USACE - Galveston,"Small Grocery, contents (Inventory)",,HazusFloodDamageFunctions_Hazus61.xlsx,flBldgContDmgFunc,122
fl-6.1-contents-123,fl,6.1,contents,COM1,,USACE - Galveston,"Medium Grocery, contents (Equipment)",,HazusFloodDamageFunctions_Hazus61.xlsx,flBldgContDmgFunc,123
fl-6.1-contents-124,fl,6.1,contents,COM1,,USACE - Galveston,"Medium Grocery, contents (Inventory)",,HazusFloodDamageFunctions_Hazus61.xlsx,flBldgContDmgFunc,124
fl-6.1-contents-125,fl,6.1,contents,COM1,,USACE - Galveston,"Gun Shop, contents (Equipment)",,HazusFloodDamageFunctions_Hazus61.xlsx,flBldgContDmgFunc,125
fl-6.1-contents-126,fl,6.1,contents,COM1,,USACE - Galveston,"Gun Shop, contents (Inventory)",,HazusFloodDamageFunctions_Hazus61.xlsx,flBldgContDmgFunc,126
fl-6.1-contents-127,fl,6.1,contents,COM1,,USACE - Galveston,"Hardware, contents (Equipment)",,HazusFloodDamageFunctions_Hazus61.xlsx,flBldgContDmgFunc,127
fl-6.1-contents-128,fl,6.1,contents,COM1,,USACE - Galveston,"Hardware, contents (Inventory)",,HazusFloodDamageFunctions_Hazus61.xlsx,flBldgContDmgFunc,128
fl-6.1-contents-129,fl,6.1,contents,COM1,,USACE - Galveston,"Hobby Shop, contents (Equipment)",,HazusFloodDamageFunctions_Hazus61.xlsx,flBldgContDmgFunc,129
fl-6.1-contents-130,fl,6.1,contents,COM1,,USACE - Galveston,"Hobby Shop, contents (Inventory)",,HazusFloodDamageFunctions_Hazus61.xlsx,flBldgContDmgFunc,130
fl-6.1-contents-131,fl,6.1,contents,COM1,,USACE - Galveston,"Lawnmower, contents (Equipment)",,HazusFloodDamageFunctions_Hazus61.xlsx,flBldgContDmgFunc,131
fl-6.1-contents-132,fl,6.1,contents,COM1,,USACE - Galveston,"Lawnmower, contents (Inventory)",,HazusFloodDamageFunctions_Hazus61.xlsx,flBldgContDmgFunc,132
fl-6.1-contents-133,fl,6.1,contents,COM1,,USACE - Galveston,"Liquor Store, contents (Equipment)",,HazusFloodDamageFunctions_Hazus61.xlsx,flBldgContDmgFunc,133
fl-6.1-contents-134,fl,6.1,contents,COM1,,USACE - Galveston,"Liquor Store, contents (Inventory)",,HazusFloodDamageFunctions_Hazus61.xlsx,flBldgContDmgFunc,134
fl-6.1-contents-135,fl,6.1,contents,COM1,,USACE - Galveston,"Meat Market, contents (Equipment)",,HazusFloodDamageFunctions_Hazus61.xlsx,flBldgContDmgFunc,135
fl-6.1-contents-136,fl,6.1,contents,COM1,,USACE - Galveston,"Meat Market, contents (Inventory)",,HazusFloodDamageFunctions_Hazus61.xlsx,flBldgContDmgFunc,136
fl-6.1-contents-137,fl,6.1,contents,COM1,,USACE - Galveston,"Motorcycle Dealer, contents (Equipment)",,HazusFloodDamageFunctions_Hazus61.xlsx,flBldgContDmgFunc,137
fl-6.1-contents-138,fl,6.1,contents,COM1,,USACE - Galveston,"Motorcycle Dealer, contents (Inventory)",,HazusFloodDamageFunctions_Hazus61.xlsx,flBldgContDmgFunc,138
fl-6.1-contents-139,fl,6.1,contents,COM1,,USACE - Galveston,"Music Center, contents (Equipment)",,HazusFloodDamageFunctions_Hazus61.xlsx,flBldgContDmgFunc,139
fl-6.1-contents-140,fl,6.1,contents,COM1,,USACE - Galveston,"Music Center, contents (Inventory)",,HazusFloodDamageFunctions_Hazus61.xlsx,flBldgContDmgFunc,140
fl-6.1-contents-141,fl,6.1,contents,COM1,,USACE - Galveston,"Plant Nursery, contents (Equipment)",,HazusFloodDamageFunctions_Hazus61.xlsx,flBldgContDmgFunc,141
fl-6.1-contents-142,fl,6.1,contents,COM1,,USACE - Galveston,"Plant Nursery, contents (Inventory)",,HazusFloodDamageFunctions_Hazus61.xlsx,flBldgContDmgFunc,142
fl-6.1-contents-143,fl,6.1,contents,COM1,,USACE - Galveston,"Paint Store, contents (Equipment)",,HazusFloodDamageFunctions_Hazus61.xlsx,flBldgContDmgFunc,143
fl-6.1-contents-144,fl,6.1,contents,COM1,,USACE - Galveston,"Paint Store, contents (Inventory)",,HazusFloodDamageFunctions_Hazus61.xlsx,flBldgContDmgFunc,144
fl-6.1-contents-145,fl,6.1,contents,COM1,,USACE - Galveston,"Pawn Shop, contents (Equipment)",,HazusFloodDamageFunctions_Hazus61.xlsx,flBldgContDmgFunc,145
fl-6.1-contents-146,fl,6.1,contents,COM1,,USACE - Galveston,"Pawn Shop, contents (Inventory)",,HazusFloodDamageFunctions_Hazus61.xlsx,flBldgContDmgFunc,146
fl-6.1-contents-147,fl,6.1,contents,COM1,,USACE - Galveston,"Remnant Shop, contents (Equipment)",,HazusFloodDamageFunctions_Hazus61.xlsx,flBldgContDmgFunc,147
fl-6.1-contents-148,fl,6.1,contents,COM1,,USACE - Galveston,"Remnant Shop, contents (Inventory)",,HazusFloodDamageFunctions_Hazus61.xlsx,flBldgContDmgFunc,148
fl-6.1-contents-149,fl,6.1,contents,COM1,,USACE - Galveston,"Service Station, contents (Equipment)",,HazusFloodDamageFunctions_Hazus61.xlsx,flBldgContDmgFunc,149
fl-6.1-contents-150,fl,6.1,contents,COM1,,USACE - Galveston,"Service Station, contents (Inventory)",,HazusFloodDamageFunctions_Hazus61.xlsx,flBldgContDmgFunc,150
fl-6.1-contents-151,fl,6.1,contents,COM1,,USACE - Galveston,"Shoe Repair, contents (Equipment)",,HazusFloodDamageFunctions_Hazus61.xlsx,flBldgContDmgFunc,151
fl-6.1-contents-152,fl,6.1,contents,COM1,,USACE - Galveston,"Shoe Repair, contents (Inventory)",,HazusFloodDamageFunctions_Hazus61.xlsx,flBldgContDmgFunc,152
fl-6.1-contents-153,fl,6.1,contents,COM1,,USACE - Galveston,"Toy Store, contents (Inventory)",,HazusFloodDamageFunctions_Hazus61.xlsx,flBldgContDmgFunc,153
fl-6.1-contents-154,fl,6.1,contents,COM1,,USACE - Galveston,"Tractor Sales, contents (Equipment)",,HazusFloodDamageFunctions_Hazus61.xlsx,flBldgContDmgFunc,154
fl-6.1-contents-155,fl,6.1,contents,COM1,,USACE - Galveston,"Tractor Sales, contents (Inventory)",,HazusFloodDamageFunctions_Hazus61.xlsx,flBldgContDmgFunc,155
fl-6.1-contents-156,fl,6.1,contents,COM1,,USACE - Galveston,"Trailer Sales, contents (Inventory)",,HazusFloodDamageFunctions_Hazus61.xlsx,flBldgContDmgFunc,156
fl-6.1-contents-157,fl,6.1,contents,COM1,,USACE - Galveston,"Trophy Shop, contents (Equipment)",,HazusFloodDamageFunctions_Hazus61.xlsx,flBldgContDmgFunc,157
fl-6.1-contents-158,fl,6.1,contents,COM1,,USACE - Galveston,"Trophy Shop, contents (Inventory)",,HazusFloodDamageFunctions_Hazus61.xlsx,flBldgContDmgFunc,158
fl-6.1-contents-159,fl,6.1,contents,COM1,,USACE - Galveston,"Upholstery Shop, contents (Equipment)",,HazusFloodDamageFunctions_Hazus61.xlsx,flBldgContDmgFunc,159
fl-6.1-contents-160,fl,6.1,contents,COM1,,USACE - Galveston,"Upholstery Shop, contents (Inventory)",,HazusFloodDamageFunctions_Hazus61.xlsx,flBldgContDmgFunc,160
fl-6.1-contents-161,fl,6.1,contents,COM1,,USACE - Galveston,"Used Appliances/Cloth, contents (Equipment)",,HazusFloodDamageFunctions_Hazus61.xlsx,flBldgContDmgFunc,161
fl-6.1-contents-162,fl,6.1,contents,COM1,,USACE - Galveston,"Used Appliances/Cloth, contents (Inventory)",,HazusFloodDamageFunctions_Hazus61.xlsx,flBldgContDmgFunc,162
fl-6.1-contents-163,fl,6.1,contents,COM1,,USACE - Galveston,"Used Furniture, contents (Equipment)",,HazusFloodDamageFunctions_Hazus61.xlsx,flBldgContDmgFunc,163
fl-6.1-contents-164,fl,6.1,contents,COM1,,USACE - Galveston,"Used Furniture, contents (Inventory)",,HazusFloodDamageFunctions_Hazus61.xlsx,flBldgContDmgFunc,164
fl-6.1-contents-165,fl,6.1,contents,COM1,,USACE - Galveston,"Vacuum Cleaner Sales, contents (Equipment)",,HazusFloodDamageFunctions_Hazus61.xlsx,flBldgContDmgFunc,165
fl-6.1-contents-166,fl,6.1,contents,COM1,,USACE - Galveston,"Vacuum Cleaner Sales, contents (Inventory)",,HazusFloodDamageFunctions_Hazus61.xlsx,flBldgContDmgFunc,166
fl-6.1-contents-167,fl,6.1,contents,COM1,,USACE - Galveston,"Video Games, contents (Equipment)",,HazusFloodDamageFunctions_Hazus61.xlsx,flBldgContDmgFunc,167
fl-6.1-contents-168,fl,6.1,contents,COM1,,USACE - Galveston,"Video Games, contents (Inventory)",,HazusFloodDamageFunctions_Hazus61.xlsx,flBldgContDmgFunc,168
fl-6.1-contents-169,fl,6.1,contents,COM1,,USACE - New Orleans,"Bakery, contents, salt water, long duration",,HazusFloodDamageFunctions_Hazus61.xlsx,flBldgContDmgFunc,169
fl-6.1-contents-170,fl,6.1,contents,COM1,,USACE - New Orleans,"Bakery, contents, fresh water, short duration",,HazusFloodDamageFunctions_Hazus61.xlsx,flBldgContDmgFunc,170
fl-6.1-contents-171,fl,6.1,contents,COM1,,USACE - New Orleans,"Candy Store, contents, salt water, long duration",,HazusFloodDamageFunctions_Hazus61.xlsx,flBldgContDmgFunc,171
fl-6.1-contents-172,fl,6.1,contents,COM1,,USACE - New Orleans,"Candy Store, contents, fresh water, short duration",,HazusFloodDamageFunctions_Hazus61.xlsx,flBldgContDmgFunc,172
fl-6.1-contents-173,fl,6.1,contents,COM1,,USACE - New Orleans,"Clothing Store, contents, salt water, long duration",,HazusFloodDamageFunctions_Hazus61.xlsx,flBldgContDmgFunc,173
fl-6.1-contents-174,fl,6.1,contents,COM1,,USACE - New Orleans,"Clothing Store, contents, fresh water, short duration",,HazusFloodDamageFunctions_Hazus61.xlsx,flBldgContDmgFunc,174
fl-6.1-contents-175,fl,6.1,contents,COM1,,USACE - New Orleans,"Convenience Store, contents, salt water, long duration",,HazusFloodDamageFunctions_Hazus61.xlsx,flBldgContDmgFunc,175
fl-6.1-contents-176,fl,6.1,contents,COM1,,USACE - New Orleans,"Convenience Store, contents, fresh water, short duration",,HazusFloodDamageFunctions_Hazus61.xlsx,flBldgContDmgFunc,176
fl-6.1-contents-177,fl,6.1,contents,COM1,,USACE - New Orleans,"Department Store, contents, salt water, long duration",,HazusFloodDamageFunctions_Hazus61.xlsx,flBldgContDmgFunc,177
fl-6.1-contents-178,fl,6.1,contents,COM1,,USACE - New Orleans,"Department Store, contents, fresh water, short duration",,HazusFloodDamageFunctions_Hazus61.xlsx,flBldgContDmgFunc,178
fl-6.1-contents-179,fl,6.1,contents,COM1,,USACE - New Orleans,"Furniture Store, contents, salt water, long duration",,HazusFloodDamageFunctions_Hazus61.xlsx,flBldgContDmgFunc,179
fl-6.1-contents-180,fl,6.1,contents,COM1,,USACE - New Orleans,"Furniture Store, contents, fresh water, short duration",,HazusFloodDamageFunctions_Hazus61.xlsx,flBldgContDmgFunc,180
fl-6.1-contents-181,fl,6.1,contents,COM1,,USACE - New Orleans,"Gas Stations, contents, salt water, long duration",,HazusFloodDamageFunctions_Hazus61.xlsx,flBldgContDmgFunc,181
fl-6.1-contents-182,fl,6.1,contents,COM1,,USACE - New Orleans,"Gas Stations, contents, fresh water, short duration",,HazusFloodDamageFunctions_Hazus61.xlsx,flBldgContDmgFunc,182
fl-6.1-contents-183,fl,6.1,contents,COM1,,USACE - New Orleans,"Large Grocery, contents, salt water, long duration",,HazusFloodDamageFunctions_Hazus61.xlsx,flBldgContDmgFunc,183
fl-6.1-contents-184,fl,6.1,contents,COM1,,USACE - New Orleans,"Large Grocery, contents, fresh water, short duration",,HazusFloodDamageFunctions_Hazus61.xlsx,flBldgContDmgFunc,184
fl-6.1-contents-185,fl,6.1,contents,COM1,,USACE - New Orleans,"Neighborhood Grocery, contents, salt water, long duration",,HazusFloodDamageFunctions_Hazus61.xlsx,flBldgContDmgFunc,185
fl-6.1-contents-186,fl,6.1,contents,COM1,,USACE - New Orleans,"Neighborhood Grocery, contents, fresh water, short duration",,HazusFloodDamageFunctions_Hazus61.xlsx,flBldgContDmgFunc,186
fl-6.1-contents-187,fl,6.1,contents,COM1,,USACE - New Orleans,"Home Repair Store, contents, salt water, long duration",,HazusFloodDamageFunctions_Hazus61.xlsx,flBldgContDmgFunc,187
fl-6.1-contents-188,fl,6.1,contents,COM1,,USACE - New Orleans,"Home Repair Store, contents, fresh water, short duration",,HazusFloodDamageFunctions_Hazus61.xlsx,flBldgContDmgFunc,188
fl-6.1-contents-189,fl,6.1,contents,COM1,,USACE - New Orleans,"Liquor Store, contents, salt water, long duration",,HazusFloodDamageFunctions_Hazus61.xlsx,flBldgContDmgFunc,189
fl-6.1-contents-190,fl,6.1,contents,COM1,,USACE - New Orleans,"Liquor Store, contents, fresh water, short duration",,HazusFloodDamageFunctions_Hazus61.xlsx,flBldgContDmgFunc,190
fl-6.1-contents-191,fl,6.1,contents,COM1,,USACE - New Orleans,"Shoe Store, contents, salt water, long duration",,HazusFloodDamageFunctions_Hazus61.xlsx,flBldgContDmgFunc,191
fl-6.1-contents-192,fl,6.1,contents,COM1,,USACE - New Orleans,"Shoe Store, contents, fresh water, short duration",,HazusFloodDamageFunctions_Hazus61.xlsx,flBldgContDmgFunc,192
fl-6.1-contents-193,fl,6.1,contents,COM1,,USACE - New Orleans,"Wine Store, contents, salt water, long duration",,HazusFloodDamageFunctions_Hazus61.xlsx,flBldgContDmgFunc,193
fl-6.1-contents-194,fl,6.1,contents,COM1,,USACE - New Orleans,"Wine Store, contents, fresh water, short duration",,HazusFloodDamageFunctions_Hazus61.xlsx,flBldgContDmgFunc,194
fl-6.1-contents-195,fl,6.1,contents,COM2,,USACE - Galveston,"Average wholesale trade, Contents",,HazusFloodDamageFunctions_Hazus61.xlsx,flBldgContDmgFunc,195
fl-6.1-contents-196,fl,6.1,contents,COM2,,USACE - Galveston,"Auto Parts, contents (Inventory)",,HazusFloodDamageFunctions_Hazus61.xlsx,flBldgContDmgFunc,196
fl-6.1-contents-197,fl,6.1,contents,COM2,,USACE - Galveston,"Auto Parts/Mufflers, contents (Inventory)",,HazusFloodDamageFunctions_Hazus61.xlsx,flBldgContDmgFunc,197
fl-6.1-contents-198,fl,6.1,contents,COM2,,USACE - Galveston,"Heavy Equipment Storage, contents (Equipment)",,HazusFloodDamageFunctions_Hazus61.xlsx,flBldgContDmgFunc,198
fl-6.1-contents-199,fl,6.1,contents,COM2,,USACE - Galveston,"Food Warehouse, contents (Inventory)",,HazusFloodDamageFunctions_Hazus61.xlsx,flBldgContDmgFunc,199
fl-6.1-contents-200,fl,6.1,contents,COM2,,USACE - Galveston,"Highway Material Storage, contents (Equipment)",,HazusFloodDamageFunctions_Hazus61.xlsx,flBldgContDmgFunc,200
fl-6.1-contents-201,fl,6.1,contents,COM2,,USACE - Galveston,"Jewelry, contents (Inventory)",,HazusFloodDamageFunctions_Hazus61.xlsx,flBldgContDmgFunc,201
fl-6.1-contents-202,fl,6.1,contents,COM2,,USACE - Galveston,"Lumber Yard, contents (Inventory)",,HazusFloodDamageFunctions_Hazus61.xlsx,flBldgContDmgFunc,202
fl-6.1-contents-203,fl,6.1,contents,COM2,,USACE - Galveston,"Medical Supplies, contents (Equipment)",,HazusFloodDamageFunctions_Hazus61.xlsx,flBldgContDmgFunc,203
fl-6.1-contents-204,fl,6.1,contents,COM2,,USACE - Galveston,"Medical Supplies, contents (Inventory)",,HazusFloodDamageFunctions_Hazus61.xlsx,flBldgContDmgFunc,204
fl-6.1-contents-205,fl,6.1,contents,COM2,,USACE - Galveston,"Municipal Storage Warehouse, contents (Equipment)",,HazusFloodDamageFunctions_Hazus61.xlsx,flBldgContDmgFunc,205
fl-6.1-contents-206,fl,6.1,contents,COM2,,USACE - Galveston,"Municipal Storage Warehouse, contents (Inventory)",,HazusFloodDamageFunctions_Hazus61.xlsx,flBldgContDmgFunc,206
fl-6.1-contents-207,fl,6.1,contents,COM2,,USACE - Galveston,"Paper Products Warehouse, contents (Equipment)",,HazusFloodDamageFunctions_Hazus61.xlsx,flBldgContDmgFunc,207
fl-6.1-contents-208,fl,6.1,contents,COM2,,USACE - Galveston,"Paper Products Warehouse, contents (Inventory)",,HazusFloodDamageFunctions_Hazus61.xlsx,flBldgContDmgFunc,208
fl-6.1-contents-209,fl,6.1,contents,COM2,,USACE - Galveston,"Safety Equipment, contents (Equipment)",,HazusFloodDamageFunctions_Hazus61.xlsx,flBldgContDmgFunc,209
fl-6.1-contents-210,fl,6.1,contents,COM2,,USACE - Galveston,"Safety Equipment, contents (Inventory)",,HazusFloodDamageFunctions_Hazus61.xlsx,flBldgContDmgFunc,210
fl-6.1-contents-211,fl,6.1,contents,COM2,,USACE - Galveston,"Sporting Goods, contents (Equipment)",,HazusFloodDamageFunctions_Hazus61.xlsx,flBldgContDmgFunc,211
fl-6.1-contents-212,fl,6.1,contents,COM2,,USACE - Galveston,"Sporting Goods, contents (Inventory)",,HazusFloodDamageFunctions_Hazus61.xlsx,flBldgContDmgFunc,212
fl-6.1-contents-213,fl,6.1,contents,COM2,,USACE - Galveston,"Sporting Goods Warehouse, contents (Equipment)",,HazusFloodDamageFunctions_Hazus61.xlsx,flBldgContDmgFunc,213
fl-6.1-contents-214,fl,6.1,contents,COM2,,USACE - Galveston,"Sporting Goods Warehouse, contents (Inventory)",,HazusFloodDamageFunctions_Hazus61.xlsx,flBldgContDmgFunc,214
fl-6.1-contents-215,fl,6.1,contents,COM2,,USACE - Galveston,"Storage - Chemicals, contents (Equipment)",,HazusFloodDamageFunctions_Hazus61.xlsx,flBldgContDmgFunc,215
fl-6.1-contents-216,fl,6.1,contents,COM2,,USACE - Galveston,"Storage - Chemicals, contents (Inventory)",,HazusFloodDamageFunctions_Hazus61.xlsx,flBldgContDmgFunc,216
fl-6.1-contents-217,fl,6.1,contents,COM2,,USACE - Galveston,"Storage - Machine Parts, contents (Inventory)",,HazusFloodDamageFunctions_Hazus61.xlsx,flBldgContDmgFunc,217
fl-6.1-contents-218,fl,6.1,contents,COM2,,USACE - Galveston,"T.V. Station, contents (Equipment)",,HazusFloodDamageFunctions_Hazus61.xlsx,flBldgContDmgFunc,218
fl-6.1-contents-219,fl,6.1,contents,COM2,,USACE - Galveston,"T.V. Repair, contents (Equipment)",,HazusFloodDamageFunctions_Hazus61.xlsx,flBldgContDmgFunc,219
fl-6.1-contents-220,fl,6.1,contents,COM2,,USACE - Galveston,"T.V. Repair, contents (Inventory)",,HazusFloodDamageFunctions_Hazus61.xlsx,flBldgContDmgFunc,220
fl-6.1-contents-221,fl,6.1,contents,COM2,,USACE - Galveston,"Trailer Parts, contents (Equipment)",,HazusFloodDamageFunctions_Hazus61.xlsx,flBldgContDmgFunc,221
fl-6.1-contents-222,fl,6.1,contents,COM2,,USACE - Galveston,"Trailer Parts, contents (Inventory)",,HazusFloodDamageFunctions_Hazus61.xlsx,flBldgContDmgFunc,222
fl-6.1-contents-223,fl,6.1,contents,COM2,,USACE - Galveston,"Warehouse, contents (Inventory)",,HazusFloodDamageFunctions_Hazus61.xlsx,flBldgContDmgFunc,223
fl-6.1-contents-224,fl,6.1,contents,COM2,,USACE - Galveston,"Beer Warehouse, contents (Equipment)",,HazusFloodDamageFunctions_Hazus61.xlsx,flBldgContDmgFunc,224
fl-6.1-contents-225,fl,6.1,contents,COM2,,USACE - Galveston,"Beer Warehouse, contents (Inventory)",,HazusFloodDamageFunctions_Hazus61.xlsx,flBldgContDmgFunc,225
fl-6.1-contents-226,fl,6.1,contents,COM2,,USACE - Galveston,"Bottled Gases Warehouse, contents (Equipment)",,HazusFloodDamageFunctions_Hazus61.xlsx,flBldgContDmgFunc,226
fl-6.1-contents-227,fl,6.1,contents,COM2,,USACE - Galveston,"Bottled Gases Warehouse, contents (Inventory)",,HazusFloodDamageFunctions_Hazus61.xlsx,flBldgContDmgFunc,227
fl-6.1-contents-228,fl,6.1,contents,COM2,,USACE - Galveston,"Cement Warehouse, contents (Inventory)",,HazusFloodDamageFunctions_Hazus61.xlsx,flBldgContDmgFunc,228
fl-6.1-contents-229,fl,6.1,contents,COM2,,USACE - Galveston,"Detergents Warehouse, contents (Equipment)",,HazusFloodDamageFunctions_Hazus61.xlsx,flBldgContDmgFunc,229
fl-6.1-contents-230,fl,6.1,contents,COM2,,USACE - Galveston,"Detergents Warehouse, contents (Inventory)",,HazusFloodDamageFunctions_Hazus61.xlsx,flBldgContDmgFunc,230
fl-6.1-contents-231,fl,6.1,contents,COM2,,USACE - Galveston,"Heavy Machinery Warehouse, contents (Equipment)",,HazusFloodDamageFunctions_Hazus61.xlsx,flBldgContDmgFunc,231
fl-6.1-contents-232,fl,6.1,contents,COM2,,USACE - Galveston,"Heavy Machinery Warehouse, contents (Inventory)",,HazusFloodDamageFunctions_Hazus61.xlsx,flBldgContDmgFunc,232
fl-6.1-contents-233,fl,6.1,contents,COM2,,USACE - Galveston,"Petroleum Warehouse, contents (Equipment)",,HazusFloodDamageFunctions_Hazus61.xlsx,flBldgContDmgFunc,233
fl-6.1-contents-234,fl,6.1,contents,COM2,,USACE - Galveston,"Petroleum Warehouse, contents (Inventory)",,HazusFloodDamageFunctions_Hazus61.xlsx,flBldgContDmgFunc,234
fl-6.1-contents-235,fl,6.1,contents,COM2,,USACE - Galveston,"Western Auto, contents (Equipment)",,HazusFloodDamageFunctions_Hazus61.xlsx,flBldgContDmgFunc,235
fl-6.1-contents-236,fl,6.1,contents,COM2,,USACE - Galveston,"Western Auto, contents (Inventory)",,HazusFloodDamageFunctions_Hazus61.xlsx,flBldgContDmgFunc,236
fl-6.1-contents-237,fl,6.1,contents,COM2,,USACE - New Orleans,"Warehouse, contents, salt water, long duration",,HazusFloodDamageFunctions_Hazus61.xlsx,flBldgContDmgFunc,237
fl-6.1-contents-238,fl,6.1,contents,COM2,,USACE - New Orleans,"Warehouse, contents, fresh water, short duration",,HazusFloodDamageFunctions_Hazus61.xlsx,flBldgContDmgFunc,238
fl-6.1-contents-239,fl,6.1,contents,COM2,,USACE - St. Paul,"Warehouse, contents, fresh water",,HazusFloodDamageFunctions_Hazus61.xlsx,flBldgContDmgFunc,239
fl-6.1-contents-240,fl,6.1,contents,COM3,,USACE - Galveston,"Average personal/repair services, Contents (Invetory)",,HazusFloodDamageFunctions_Hazus61.xlsx,flBldgContDmgFunc,240
fl-6.1-contents-241,fl,6.1,contents,COM3,,USACE - Galveston,"Auto Repair, contents (Equipment)",,HazusFloodDamageFunctions_Hazus61.xlsx,flBldgContDmgFunc,241
fl-6.1-contents-242,fl,6.1,contents,COM3,,USACE - Galveston,"Auto Repair, contents (Inventory)",,HazusFloodDamageFunctions_Hazus61.xlsx,flBldgContDmgFunc,242
fl-6.1-contents-243,fl,6.1,contents,COM3,,USACE - Galveston,"Auto Service, contents (Inventory)",,HazusFloodDamageFunctions_Hazus61.xlsx,flBldgContDmgFunc,243
fl-6.1-contents-244,fl,6.1,contents,COM3,,USACE - Galveston,"Barber Shop, contents (Equipment)",,HazusFloodDamageFunctions_Hazus61.xlsx,flBldgContDmgFunc,244
fl-6.1-contents-245,fl,6.1,contents,COM3,,USACE - Galveston,"Barber Shop, contents (Inventory)",,HazusFloodDamageFunctions_Hazus61.xlsx,flBldgContDmgFunc,245
fl-6.1-contents-246,fl,6.1,contents,COM3,,USACE - Galveston,"Beauty Shop, contents (Equipment)",,HazusFloodDamageFunctions_Hazus61.xlsx,flBldgContDmgFunc,246
fl-6.1-contents-247,fl,6.1,contents,COM3,,USACE - Galveston,"Beauty Shop, contents (Inventory)",,HazusFloodDamageFunctions_Hazus61.xlsx,flBldgContDmgFunc,247
fl-6.1-contents-248,fl,6.1,contents,COM3,,USACE - Galveston,"Boat Service, contents (Equipment)",,HazusFloodDamageFunctions_Hazus61.xlsx,flBldgContDmgFunc,248
fl-6.1-contents-249,fl,6.1,contents,COM3,,USACE - Galveston,"Boat Service, contents (Inventory)",,HazusFloodDamageFunctions_Hazus61.xlsx,flBldgContDmgFunc,249
fl-6.1-contents-250,fl,6.1,contents,COM3,,USACE - Galveston,"Car Wash, contents (Equipment)",,HazusFloodDamageFunctions_Hazus61.xlsx,flBldgContDmgFunc,250
fl-6.1-contents-251,fl,6.1,contents,COM3,,USACE - Galveston,"Car Wash, contents (Inventory)",,HazusFloodDamageFunctions_Hazus61.xlsx,flBldgContDmgFunc,251
fl-6.1-contents-252,fl,6.1,contents,COM3,,USACE - Galveston,"Cemetary Complex, contents (Equipment)",,HazusFloodDamageFunctions_Hazus61.xlsx,flBldgContDmgFunc,252
fl-6.1-contents-253,fl,6.1,contents,COM3,,USACE - Galveston,"Cemetary Complex, contents (Inventory)",,HazusFloodDamageFunctions_Hazus61.xlsx,flBldgContDmgFunc,253
fl-6.1-contents-254,fl,6.1,contents,COM3,,USACE - Galveston,"Cleaners, contents (Equipment)",,HazusFloodDamageFunctions_Hazus61.xlsx,flBldgContDmgFunc,254
fl-6.1-contents-255,fl,6.1,contents,COM3,,USACE - Galveston,"Cleaners-substation, contents (Equipment)",,HazusFloodDamageFunctions_Hazus61.xlsx,flBldgContDmgFunc,255
fl-6.1-contents-256,fl,6.1,contents,COM3,,USACE - Galveston,"Cleaners-substation, contents (Inventory)",,HazusFloodDamageFunctions_Hazus61.xlsx,flBldgContDmgFunc,256
fl-6.1-contents-257,fl,6.1,contents,COM3,,USACE - Galveston,"Private Day Care, contents (Equipment)",,HazusFloodDamageFunctions_Hazus61.xlsx,flBldgContDmgFunc,257
fl-6.1-contents-258,fl,6.1,contents,COM3,,USACE - Galveston,"Private Day Care, contents (Inventory)",,HazusFloodDamageFunctions_Hazus61.xlsx,flBldgContDmgFunc,258
fl-6.1-contents-259,fl,6.1,contents,COM3,,USACE - Galveston,"Funeral Home, contents (Inventory)",,HazusFloodDamageFunctions_Hazus61.xlsx,flBldgContDmgFunc,259
fl-6.1-contents-260,fl,6.1,contents,COM3,,USACE - Galveston,"Laundry, contents (Equipment)",,HazusFloodDamageFunctions_Hazus61.xlsx,flBldgContDmgFunc,260
fl-6.1-contents-261,fl,6.1,contents,COM3,,USACE - Galveston,"Photo Studio, contents (Equipment)",,HazusFloodDamageFunctions_Hazus61.xlsx,flBldgContDmgFunc,261
fl-6.1-contents-262,fl,6.1,contents,COM3,,USACE - Galveston,"Photo Studio, contents (Inventory)",,HazusFloodDamageFunctions_Hazus61.xlsx,flBldgContDmgFunc,262
fl-6.1-contents-263,fl,6.1,contents,COM3,,USACE - Galveston,"Truck Mfg & Sales, contents (Equipment)",,HazusFloodDamageFunctions_Hazus61.xlsx,flBldgContDmgFunc,263
fl-6.1-contents-264,fl,6.1,contents,COM3,,USACE - Galveston,"Truck Mfg & Sales, contents (Inventory)",,HazusFloodDamageFunctions_Hazus61.xlsx,flBldgContDmgFunc,264
fl-6.1-contents-265,fl,6.1,contents,COM3,,USACE - Galveston,"Washateria, contents (Equipment)",,HazusFloodDamageFunctions_Hazus61.xlsx,flBldgContDmgFunc,265
fl-6.1-contents-266,fl,6.1,contents,COM3,,USACE - New Orleans,"Auto Repair, contents, salt water, long duration",,HazusFloodDamageFunctions_Hazus61.xlsx,flBldgContDmgFunc,266
fl-6.1-contents-267,fl,6.1,contents,COM3,,USACE - New Orleans,"Auto Repair, contents, fresh water, short duration",,HazusFloodDamageFunctions_Hazus61.xlsx,flBldgContDmgFunc,267
fl-6.1-contents-268,fl,6.1,contents,COM3,,USACE - New Orleans,"Barber Shop, contents, salt water, long duration",,HazusFloodDamageFunctions_Hazus61.xlsx,flBldgContDmgFunc,268
fl-6.1-contents-269,fl,6.1,contents,COM3,,USACE - New Orleans,"Barber Shop, contents, fresh water, short duration",,HazusFloodDamageFunctions_Hazus61.xlsx,flBldgContDmgFunc,269
fl-6.1-contents-270,fl,6.1,contents,COM3,,USACE - New Orleans,"Beauty Salon, contents, salt water, long duration",,HazusFloodDamageFunctions_Hazus61.xlsx,flBldgContDmgFunc,270
fl-6.1-contents-271,fl,6.1,contents,COM3,,USACE - New Orleans,"Beauty Salon, contents, fresh water, short duration",,HazusFloodDamageFunctions_Hazus61.xlsx,flBldgContDmgFunc,271
fl-6.1-contents-272,fl,6.1,contents,COM3,,USACE - New Orleans,"Funeral Home, contents, salt water, long duration",,HazusFloodDamageFunctions_Hazus61.xlsx,flBldgContDmgFunc,272
fl-6.1-contents-273,fl,6.1,contents,COM3,,USACE - New Orleans,"Funeral Home, contents, fresh water, short duration",,HazusFloodDamageFunctions_Hazus61.xlsx,flBldgContDmgFunc,273
fl-6.1-contents-274,fl,6.1,contents,COM3,,USACE - New Orleans,"Laundromat, contents, salt water, long duration",,HazusFloodDamageFunctions_Hazus61.xlsx,flBldgContDmgFunc,274
fl-6.1-contents-275,fl,6.1,contents,COM3,,USACE - New Orleans,"Laundromat, contents, fresh water, short duration",,HazusFloodDamageFunctions_Hazus61.xlsx,flBldgContDmgFunc,275
fl-6.1-contents-276,fl,6.1,contents,COM3,,USACE - New Orleans,"Reupholstery, contents, salt water, long duration",,HazusFloodDamageFunctions_Hazus61.xlsx,flBldgContDmgFunc,276
fl-6.1-contents-277,fl,6.1,contents,COM3,,USACE - New Orleans,"Reupholstery, contents, fresh water, short duration",,HazusFloodDamageFunctions_Hazus61.xlsx,flBldgContDmgFunc,277
fl-6.1-contents-278,fl,6.1,contents,COM3,,USACE - New Orleans,"Watch Repair, contents, salt water, long duration",,HazusFloodDamageFunctions_Hazus61.xlsx,flBldgContDmgFunc,278
fl-6.1-contents-279,fl,6.1,contents,COM3,,USACE - New Orleans,"Watch Repair, contents, fresh water, short duration",,HazusFloodDamageFunctions_Hazus61.xlsx,flBldgContDmgFunc,279
fl-6.1-contents-280,fl,6.1,contents,COM4,,USACE - Galveston,"Average Prof/Tech services, Contents (Equipment/Inventory)",,HazusFloodDamageFunctions_Hazus61.xlsx,flBldgContDmgFunc,280
fl-6.1-contents-281,fl,6.1,contents,COM4,,USACE - Galveston,"Airport, contents (Equipment)",,HazusFloodDamageFunctions_Hazus61.xlsx,flBldgContDmgFunc,281
fl-6.1-contents-282,fl,6.1,contents,COM4,,USACE - Galveston,"Airport, contents (Inventory)",,HazusFloodDamageFunctions_Hazus61.xlsx,flBldgContDmgFunc,282
fl-6.1-contents-283,fl,6.1,contents,COM4,,USACE - Galveston,"Boat Stalls, contents (Equipment)",,HazusFloodDamageFunctions_Hazus61.xlsx,flBldgContDmgFunc,283
fl-6.1-contents-284,fl,6.1,contents,COM4,,USACE - Galveston,"Boat Storage, contents (Inventory)",,HazusFloodDamageFunctions_Hazus61.xlsx,flBldgContDmgFunc,284
fl-6.1-contents-285,fl,6.1,contents,COM4,,USACE - Galveston,"Business, contents (Inventory)",,HazusFloodDamageFunctions_Hazus61.xlsx,flBldgContDmgFunc,285
fl-6.1-contents-286,fl,6.1,contents,COM4,,USACE - Galveston,"Import Sales, contents (Equipment)",,HazusFloodDamageFunctions_Hazus61.xlsx,flBldgContDmgFunc,286
fl-6.1-contents-287,fl,6.1,contents,COM4,,USACE - Galveston,"Import Sales, contents (Inventory)",,HazusFloodDamageFunctions_Hazus61.xlsx,flBldgContDmgFunc,287
fl-6.1-contents-288,fl,6.1,contents,COM4,,USACE - Galveston,"Large Commercial Office, contents (Equipment)",,HazusFloodDamageFunctions_Hazus61.xlsx,flBldgContDmgFunc,288
fl-6.1-contents-289,fl,6.1,contents,COM4,,USACE - Galveston,"Real Estate Office, contents (Equipment)",,HazusFloodDamageFunctions_Hazus61.xlsx,flBldgContDmgFunc,289
fl-6.1-contents-290,fl,6.1,contents,COM4,,USACE - Galveston,"Real Estate Office, contents (Inventory)",,HazusFloodDamageFunctions_Hazus61.xlsx,flBldgContDmgFunc,290
fl-6.1-contents-291,fl,6.1,contents,COM4,,USACE - Galveston,"Transport Comapny, contents (Equipment)",,HazusFloodDamageFunctions_Hazus61.xlsx,flBldgContDmgFunc,291
fl-6.1-contents-292,fl,6.1,contents,COM4,,USACE - Galveston,"Utility Company, contents (Equipment)",,HazusFloodDamageFunctions_Hazus61.xlsx,flBldgContDmgFunc,292
fl-6.1-contents-293,fl,6.1,contents,COM4,,USACE - Galveston,"Utility Company, contents (Inventory)",,HazusFloodDamageFunctions_Hazus61.xlsx,flBldgContDmgFunc,293
fl-6.1-contents-294,fl,6.1,contents,COM4,,USACE - Galveston,"Water Supply, contents (Equipment)",,HazusFloodDamageFunctions_Hazus61.xlsx,flBldgContDmgFunc,294
fl-6.1-contents-295,fl,6.1,contents,COM4,,USACE - New Orleans,"Accounting Firm, contents, salt water, long duration",,HazusFloodDamageFunctions_Hazus61.xlsx,flBldgContDmgFunc,295
fl-6.1-contents-296,fl,6.1,contents,COM4,,USACE - New Orleans,"Accounting Firm, contents, fresh water, short duration",,HazusFloodDamageFunctions_Hazus61.xlsx,flBldgContDmgFunc,296
fl-6.1-contents-297,fl,6.1,contents,COM4,,USACE - New Orleans,"Legal Office, contents, salt water, long duration",,HazusFloodDamageFunctions_Hazus61.xlsx,flBldgContDmgFunc,297
fl-6.1-contents-298,fl,6.1,contents,COM4,,USACE - New Orleans,"Legal Office, contents, fresh water, short duration",,HazusFloodDamageFunctions_Hazus61.xlsx,flBldgContDmgFunc,298
fl-6.1-contents-299,fl,6.1,contents,COM4,,USACE - New Orleans,"Real Estate Office, contents, salt water, long duration",,HazusFloodDamageFunctions_Hazus61.xlsx,flBldgContDmgFunc,299
fl-6.1-contents-300,fl,6.1,contents,COM4,,USACE - New Orleans,"Real Estate Office, contents, fresh water, short duration",,HazusFloodDamageFunctions_Hazus61.xlsx,flBldgContDmgFunc,300
fl-6.1-contents-301,fl,6.1,contents,COM4,,USACE - New Orleans,"Utility Company, contents, salt water, long duration",,HazusFloodDamageFunctions_Hazus61.xlsx,flBldgContDmgFunc,301
fl-6.1-contents-302,fl,6.1,contents,COM4,,USACE - New Orleans,"Utility Company, contents, fresh water, short duration",,HazusFloodDamageFunctions_Hazus61.xlsx,flBldgContDmgFunc,302
fl-6.1-contents-303,fl,6.1,contents,COM4,,USACE - St. Paul,"Professional, contents, fresh water",,HazusFloodDamageFunctions_Hazus61.xlsx,flBldgContDmgFunc,303
fl-6.1-contents-304,fl,6.1,contents,COM5,,USACE - Galveston,"Bank, Contents",,HazusFloodDamageFunctions_Hazus61.xlsx,flBldgContDmgFunc,304
fl-6.1-contents-305,fl,6.1,contents,COM5,,USACE - Galveston,"Bank, Contents (Equipment)",,HazusFloodDamageFunctions_Hazus61.xlsx,flBldgContDmgFunc,305
fl-6.1-contents-306,fl,6.1,contents,COM5,,USACE - Galveston,"Bank, Contents (Inventory)",,HazusFloodDamageFunctions_Hazus61.xlsx,flBldgContDmgFunc,306
fl-6.1-contents-307,fl,6.1,contents,COM5,,USACE - New Orleans,"Bank, Contents, salt water, long duration",,HazusFloodDamageFunctions_Hazus61.xlsx,flBldgContDmgFunc,307
fl-6.1-contents-308,fl,6.1,contents,COM5,,USACE - New Orleans,"Bank, Contents, fresh water, short duration",,HazusFloodDamageFunctions_Hazus61.xlsx,flBldgContDmgFunc,308
fl-6.1-contents-309,fl,6.1,contents,COM6,,USACE - Galveston,"Hospital, Contents",,HazusFloodDamageFunctions_Hazus61.xlsx,flBldgContDmgFunc,309
fl-6.1-contents-310,fl,6.1,contents,COM6,,USACE - Galveston,"Hospital, contents (Equipment)",,HazusFloodDamageFunctions_Hazus61.xlsx,flBldgContDmgFunc,310
fl-6.1-contents-311,fl,6.1,contents,COM6,,USACE - Galveston,"Hospital, contents (Inventory)",,HazusFloodDamageFunctions_Hazus61.xlsx,flBldgContDmgFunc,311
fl-6.1-contents-312,fl,6.1,contents,COM7,,USACE - Galveston,"Average Medical Offic/Clinic, Contents (Equipment/Inventory)",,HazusFloodDamageFunctions_Hazus61.xlsx,flBldgContDmgFunc,312
fl-6.1-contents-313,fl,6.1,contents,COM7,,USACE - Galveston,"Doctor's Office, contents (Equipment)",,HazusFloodDamageFunctions_Hazus61.xlsx,flBldgContDmgFunc,313
fl-6.1-contents-314,fl,6.1,contents,COM7,,USACE - Galveston,"Dentist's Office, contents (Equipment)",,HazusFloodDamageFunctions_Hazus61.xlsx,flBldgContDmgFunc,314
fl-6.1-contents-315,fl,6.1,contents,COM7,,USACE - Galveston,"Dentist's Office, contents (Inventory)",,HazusFloodDamageFunctions_Hazus61.xlsx,flBldgContDmgFunc,315
fl-6.1-contents-316,fl,6.1,contents,COM7,,USACE - Galveston,"Chiropractic Clinic, contents (Equipment)",,HazusFloodDamageFunctions_Hazus61.xlsx,flBldgContDmgFunc,316
fl-6.1-contents-317,fl,6.1,contents,COM7,,USACE - Galveston,"X-Ray Service, contents (Inventory)",,HazusFloodDamageFunctions_Hazus61.xlsx,flBldgContDmgFunc,317
fl-6.1-contents-318,fl,6.1,contents,COM7,,USACE - New Orleans,"Medical Office, contents, salt water, long duration",,HazusFloodDamageFunctions_Hazus61.xlsx,flBldgContDmgFunc,318
fl-6.1-contents-319,fl,6.1,contents,COM7,,USACE - New Orleans,"Medical Office, contents, fresh water, short duration",,HazusFloodDamageFunctions_Hazus61.xlsx,flBldgContDmgFunc,319
fl-6.1-contents-320,fl,6.1,contents,COM7,,USACE - New Orleans,"Dentist's Office, contents, salt water, long duration",,HazusFloodDamageFunctions_Hazus61.xlsx,flBldgContDmgFunc,320
fl-6.1-contents-321,fl,6.1,contents,COM7,,USACE - New Orleans,"Dentist's Office, contents, fresh water, short duration",,HazusFloodDamageFunctions_Hazus61.xlsx,flBldgContDmgFunc,321
fl-6.1-contents-322,fl,6.1,contents,COM8,,USACE - Galveston,"Average Entertainment/Recreation, Contents (Equipment/Inventory)",,HazusFloodDamageFunctions_Hazus61.xlsx,flBldgContDmgFunc,322
fl-6.1-contents-323,fl,6.1,contents,COM8,,USACE - Galveston,"Fishing Party Boat, contents (Equipment)",,HazusFloodDamageFunctions_Hazus61.xlsx,flBldgContDmgFunc,323
fl-6.1-contents-324,fl,6.1,contents,COM8,,USACE - Galveston,"Fishing Party Boat, contents (Inventory)",,HazusFloodDamageFunctions_Hazus61.xlsx,flBldgContDmgFunc,324
fl-6.1-contents-325,fl,6.1,contents,COM8,,USACE - Galveston,"Bowling Alley, contents (Equipment)",,HazusFloodDamageFunctions_Hazus61.xlsx,flBldgContDmgFunc,325
fl-6.1-contents-326,fl,6.1,contents,COM8,,USACE - Galveston,"Country Club, contents (Equipment)",,HazusFloodDamageFunctions_Hazus61.xlsx,flBldgContDmgFunc,326
fl-6.1-contents-327,fl,6.1,contents,COM8,,USACE - Galveston,"Country Club, contents (Inventory)",,HazusFloodDamageFunctions_Hazus61.xlsx,flBldgContDmgFunc,327
fl-6.1-contents-328,fl,6.1,contents,COM8,,USACE - Galveston,"Physical Fitness, contents (Equipment)",,HazusFloodDamageFunctions_Hazus61.xlsx,flBldgContDmgFunc,328
fl-6.1-contents-329,fl,6.1,contents,COM8,,USACE - Galveston,"Private Pool, contents (Equipment)",,HazusFloodDamageFunctions_Hazus61.xlsx,flBldgContDmgFunc,329
fl-6.1-contents-330,fl,6.1,contents,COM8,,USACE - Galveston,"Private Club, contents (Equipment)",,HazusFloodDamageFunctions_Hazus61.xlsx,flBldgContDmgFunc,330
fl-6.1-contents-331,fl,6.1,contents,COM8,,USACE - Galveston,"Private Club, contents (Inventory)",,HazusFloodDamageFunctions_Hazus61.xlsx,flBldgContDmgFunc,331
fl-6.1-contents-332,fl,6.1,contents,COM8,,USACE - Galveston,"Radio Station, contents (Equipment)",,HazusFloodDamageFunctions_Hazus61.xlsx,flBldgContDmgFunc,332
fl-6.1-contents-333,fl,6.1,contents,COM8,,USACE - Galveston,"Recreation Facilities, contents (Equipment)",,HazusFloodDamageFunctions_Hazus61.xlsx,flBldgContDmgFunc,333
fl-6.1-contents-334,fl,6.1,contents,COM8,,USACE - Galveston,"Recreation Facilities, contents (Inventory)",,HazusFloodDamageFunctions_Hazus61.xlsx,flBldgContDmgFunc,334
fl-6.1-contents-335,fl,6.1,contents,COM8,,USACE - Galveston,"Tavern, contents (Equipment)",,HazusFloodDamageFunctions_Hazus61.xlsx,flBldgContDmgFunc,335
fl-6.1-contents-336,fl,6.1,contents,COM8,,USACE - Galveston,"Tavern, contents (Inventory)",,HazusFloodDamageFunctions_Hazus61.xlsx,flBldgContDmgFunc,336
fl-6.1-contents-337,fl,6.1,contents,COM8,,USACE - Galveston,"Telephone Exchange, contents (Equipment)",,HazusFloodDamageFunctions_Hazus61.xlsx,flBldgContDmgFunc,337
fl-6.1-contents-338,fl,6.1,contents,COM8,,USACE - Galveston,YMCA - Contents (Inventory),,HazusFloodDamageFunctions_Hazus61.xlsx,flBldgContDmgFunc,338
fl-6.1-contents-339,fl,6.1,contents,COM8,,USACE - Galveston,"Cafeteria Restaurant, contents (Equipment)",,HazusFloodDamageFunctions_Hazus61.xlsx,flBldgContDmgFunc,339
fl-6.1-contents-340,fl,6.1,contents,COM8,,USACE - Galveston,"Cafeteria Restaurant, contents (Inventory)",,HazusFloodDamageFunctions_Hazus61.xlsx,flBldgContDmgFunc,340
fl-6.1-contents-341,fl,6.1,contents,COM8,,USACE - Galveston,"Drive-In Restaurant, contents (Equipment)",,HazusFloodDamageFunctions_Hazus61.xlsx,flBldgContDmgFunc,341
fl-6.1-contents-342,fl,6.1,contents,COM8,,USACE - Galveston,"Drive-In Restaurant, contents (Inventory)",,HazusFloodDamageFunctions_Hazus61.xlsx,flBldgContDmgFunc,342
fl-6.1-contents-343,fl,6.1,contents,COM8,,USACE - New Orleans,"Bowling Alley, contents, salt water, long duration",,HazusFloodDamageFunctions_Hazus61.xlsx,flBldgContDmgFunc,343
fl-6.1-contents-344,fl,6.1,contents,COM8,,USACE - New Orleans,"Bowling Alley, contents, fresh water, short duration",,HazusFloodDamageFunctions_Hazus61.xlsx,flBldgContDmgFunc,344
fl-6.1-contents-345,fl,6.1,contents,COM8,,USACE - New Orleans,"Fast Food Restaurant, contents, salt water, long duration",,HazusFloodDamageFunctions_Hazus61.xlsx,flBldgContDmgFunc,345
fl-6.1-contents-346,fl,6.1,contents,COM8,,USACE - New Orleans,"Fast Food Restaurant, contents, fresh water, short duration",,HazusFloodDamageFunctions_Hazus61.xlsx,flBldgContDmgFunc,346
fl-6.1-contents-347,fl,6.1,contents,COM8,,USACE - New Orleans,"Full-Service Restaurant, contents, salt water, long duration",,HazusFloodDamageFunctions_Hazus61.xlsx,flBldgContDmgFunc,347
fl-6.1-contents-348,fl,6.1,contents,COM8,,USACE - New Orleans,"Full-Service Restaurant, contents, fresh water, short duration",,HazusFloodDamageFunctions_Hazus61.xlsx,flBldgContDmgFunc,348
fl-6.1-contents-349,fl,6.1,contents,COM8,,USACE - New Orleans,"Lounge, contents, salt water, long duration",,HazusFloodDamageFunctions_Hazus61.xlsx,flBldgContDmgFunc,349
fl-6.1-contents-350,fl,6.1,contents,COM8,,USACE - New Orleans,"Lounge, contents, fresh water, short duration",,HazusFloodDamageFunctions_Hazus61.xlsx,flBldgContDmgFunc,350
fl-6.1-contents-351,fl,6.1,contents,COM8,,USACE - St. Paul,"Recreation, contents, fresh water",,HazusFloodDamageFunctions_Hazus61.xlsx,flBldgContDmgFunc,351
fl-6.1-contents-352,fl,6.1,contents,COM9,,USACE - Galveston,"Theater, Contents (Equipment)",,HazusFloodDamageFunctions_Hazus61.xlsx,flBldgContDmgFunc,352
fl-6.1-contents-353,fl,6.1,contents,COM9,,USACE - Galveston,"Private Hall, contents, (Equipment)",,HazusFloodDamageFunctions_Hazus61.xlsx,flBldgContDmgFunc,353
fl-6.1-contents-354,fl,6.1,contents,COM9,,USACE - Galveston,"Indoor Theater, contents, (Equipment)",,HazusFloodDamageFunctions_Hazus61.xlsx,flBldgContDmgFunc,354
fl-6.1-contents-355,fl,6.1,contents,COM9,,USACE - New Orleans,"Movie Theater, contents, salt water, long duration",,HazusFloodDamageFunctions_Hazus61.xlsx,flBldgContDmgFunc,355
fl-6.1-contents-356,fl,6.1,contents,COM9,,USACE - New Orleans,"Movie Theater, contents, fresh water, short duration",,HazusFloodDamageFunctions_Hazus61.xlsx,flBldgContDmgFunc,356
fl-6.1-contents-357,fl,6.1,contents,COM10,,USACE - Galveston,"Garage, Contents (Inventory)",,HazusFloodDamageFunctions_Hazus61.xlsx,flBldgContDmgFunc,357
fl-6.1-contents-358,fl,6.1,contents,IND1,,USACE - Galveston,"Average Heavy Industrial, Contents (Equipment/Inventory)",,HazusFloodDamageFunctions_Hazus61.xlsx,flBldgContDmgFunc,358
fl-6.1-contents-359,fl,6.1,contents,IND1,,USACE - Galveston,"Boiler Building, contents (Equipment)",,HazusFloodDamageFunctions_Hazus61.xlsx,flBldgContDmgFunc,359
fl-6.1-contents-360,fl,6.1,contents,IND1,,USACE - Galveston,"Cabinet Shop Mfg, contents (Equipment)",,HazusFloodDamageFunctions_Hazus61.xlsx,flBldgContDmgFunc,360
fl-6.1-contents-361,fl,6.1,contents,IND1,,USACE - Galveston,"Cabinet Shop Mfg, contents (Inventory)",,HazusFloodDamageFunctions_Hazus61.xlsx,flBldgContDmgFunc,361
fl-6.1-contents-362,fl,6.1,contents,IND1,,USACE - Galveston,"Concrete Mfg, contents (Equipment)",,HazusFloodDamageFunctions_Hazus61.xlsx,flBldgContDmgFunc,362
fl-6.1-contents-363,fl,6.1,contents,IND1,,USACE - Galveston,"Door Mfg, contents (Equipment)",,HazusFloodDamageFunctions_Hazus61.xlsx,flBldgContDmgFunc,363
fl-6.1-contents-364,fl,6.1,contents,IND1,,USACE - Galveston,"Door Mfg, contents (Inventory)",,HazusFloodDamageFunctions_Hazus61.xlsx,flBldgContDmgFunc,364
fl-6.1-contents-365,fl,6.1,contents,IND1,,USACE - Galveston,"Engine Room, contents (Equipment)",,HazusFloodDamageFunctions_Hazus61.xlsx,flBldgContDmgFunc,365
fl-6.1-contents-366,fl,6.1,contents,IND1,,USACE - Galveston,"Fabrication Shop, contents (Inventory)",,HazusFloodDamageFunctions_Hazus61.xlsx,flBldgContDmgFunc,366
fl-6.1-contents-367,fl,6.1,contents,IND1,,USACE - Galveston,"Heat Exchanger Mfg, contents (Equipment)",,HazusFloodDamageFunctions_Hazus61.xlsx,flBldgContDmgFunc,367
fl-6.1-contents-368,fl,6.1,contents,IND1,,USACE - Galveston,"Heat Exchanger Mfg, contents (Inventory)",,HazusFloodDamageFunctions_Hazus61.xlsx,flBldgContDmgFunc,368
fl-6.1-contents-369,fl,6.1,contents,IND1,,USACE - Galveston,"Lock Shop, contents (Equipment)",,HazusFloodDamageFunctions_Hazus61.xlsx,flBldgContDmgFunc,369
fl-6.1-contents-370,fl,6.1,contents,IND1,,USACE - Galveston,"Lock Shop, contents (Inventory)",,HazusFloodDamageFunctions_Hazus61.xlsx,flBldgContDmgFunc,370
fl-6.1-contents-371,fl,6.1,contents,IND1,,USACE - Galveston,"Lumber Mill, contents (Equipment)",,HazusFloodDamageFunctions_Hazus61.xlsx,flBldgContDmgFunc,371
fl-6.1-contents-372,fl,6.1,contents,IND1,,USACE - Galveston,"Heavy Machine Shop, contents (Equipment)",,HazusFloodDamageFunctions_Hazus61.xlsx,flBldgContDmgFunc,372
fl-6.1-contents-373,fl,6.1,contents,IND1,,USACE - Galveston,"Heavy Machine Shop, contents (Inventory)",,HazusFloodDamageFunctions_Hazus61.xlsx,flBldgContDmgFunc,373
fl-6.1-contents-374,fl,6.1,contents,IND1,,USACE - Galveston,"Light Machine Shop, contents (Inventory)",,HazusFloodDamageFunctions_Hazus61.xlsx,flBldgContDmgFunc,374
fl-6.1-contents-375,fl,6.1,contents,IND1,,USACE - Galveston,"Metal Coatings Serv, contents (Equipment)",,HazusFloodDamageFunctions_Hazus61.xlsx,flBldgContDmgFunc,375
fl-6.1-contents-376,fl,6.1,contents,IND1,,USACE - Galveston,"Metal Coatings Serv., contents (Inventory)",,HazusFloodDamageFunctions_Hazus61.xlsx,flBldgContDmgFunc,376
fl-6.1-contents-377,fl,6.1,contents,IND1,,USACE - Galveston,"Pipe Threader Facility, contents (Equipment)",,HazusFloodDamageFunctions_Hazus61.xlsx,flBldgContDmgFunc,377
fl-6.1-contents-378,fl,6.1,contents,IND1,,USACE - Galveston,"Pressure Test Facility, contents (Equipment)",,HazusFloodDamageFunctions_Hazus61.xlsx,flBldgContDmgFunc,378
fl-6.1-contents-379,fl,6.1,contents,IND1,,USACE - Galveston,"Metal Recycling, contents (Inventory)",,HazusFloodDamageFunctions_Hazus61.xlsx,flBldgContDmgFunc,379
fl-6.1-contents-380,fl,6.1,contents,IND1,,USACE - Galveston,"Machine Research Lab, contents (Equipment)",,HazusFloodDamageFunctions_Hazus61.xlsx,flBldgContDmgFunc,380
fl-6.1-contents-381,fl,6.1,contents,IND1,,USACE - Galveston,"Machine Research Lab, contents (Inventory)",,HazusFloodDamageFunctions_Hazus61.xlsx,flBldgContDmgFunc,381
fl-6.1-contents-382,fl,6.1,contents,IND1,,USACE - Galveston,"Scale Bldg, contents (Equipment)",,HazusFloodDamageFunctions_Hazus61.xlsx,flBldgContDmgFunc,382
fl-6.1-contents-383,fl,6.1,contents,IND1,,USACE - Galveston,"Welding-Machine, contents (Equipment)",,HazusFloodDamageFunctions_Hazus61.xlsx,flBldgContDmgFunc,383
fl-6.1-contents-384,fl,6.1,contents,IND2,,USACE - Galveston,"Average Light Industrial, Contents (Equipment/Inventory)",,HazusFloodDamageFunctions_Hazus61.xlsx,flBldgContDmgFunc,384
fl-6.1-contents-385,fl,6.1,contents,IND2,,USACE - Galveston,"Battery Mfg, contents (Equipment)",,HazusFloodDamageFunctions_Hazus61.xlsx,flBldgContDmgFunc,385
fl-6.1-contents-386,fl,6.1,contents,IND2,,USACE - Galveston,"Battery Mfg, contents (Inventory)",,HazusFloodDamageFunctions_Hazus61.xlsx,flBldgContDmgFunc,386
fl-6.1-contents-387,fl,6.1,contents,IND2,,USACE - Galveston,"Control Bldg, contents (Equipment)",,HazusFloodDamageFunctions_Hazus61.xlsx,flBldgContDmgFunc,387
fl-6.1-contents-388,fl,6.1,contents,IND2,,USACE - Galveston,"Electronic Equip Mfg, contents (Equipment)",,HazusFloodDamageFunctions_Hazus61.xlsx,flBldgContDmgFunc,388
fl-6.1-contents-389,fl,6.1,contents,IND2,,USACE - Galveston,"Electronic Equip Mfg, contents (Inventory)",,HazusFloodDamageFunctions_Hazus61.xlsx,flBldgContDmgFunc,389
fl-6.1-contents-390,fl,6.1,contents,IND2,,USACE - Galveston,"Frame Shop, contents (Inventory)",,HazusFloodDamageFunctions_Hazus61.xlsx,flBldgContDmgFunc,390
fl-6.1-contents-391,fl,6.1,contents,IND2,,USACE - Galveston,"Furniture Mfg, contents (Equipment)",,HazusFloodDamageFunctions_Hazus61.xlsx,flBldgContDmgFunc,391
fl-6.1-contents-392,fl,6.1,contents,IND2,,USACE - Galveston,"Furniture Mfg, contents (Inventory)",,HazusFloodDamageFunctions_Hazus61.xlsx,flBldgContDmgFunc,392
fl-6.1-contents-393,fl,6.1,contents,IND2,,USACE - Galveston,"Instrument Mfg, contents (Equipment)",,HazusFloodDamageFunctions_Hazus61.xlsx,flBldgContDmgFunc,393
fl-6.1-contents-394,fl,6.1,contents,IND2,,USACE - Galveston,"Instrument Mfg, contents (Inventory)",,HazusFloodDamageFunctions_Hazus61.xlsx,flBldgContDmgFunc,394
fl-6.1-contents-395,fl,6.1,contents,IND2,,USACE - Galveston,"Leather Goods Mfg, contents (Equipment)",,HazusFloodDamageFunctions_Hazus61.xlsx,flBldgContDmgFunc,395
fl-6.1-contents-396,fl,6.1,contents,IND2,,USACE - Galveston,"Leather Goods Mfg, contents (Inventory)",,HazusFloodDamageFunctions_Hazus61.xlsx,flBldgContDmgFunc,396
fl-6.1-contents-397,fl,6.1,contents,IND2,,USACE - Galveston,"Industrial Loading Dock, contents (Equipment)",,HazusFloodDamageFunctions_Hazus61.xlsx,flBldgContDmgFunc,397
fl-6.1-contents-398,fl,6.1,contents,IND2,,USACE - Galveston,"Industrial Loading Dock, contents (Inventory)",,HazusFloodDamageFunctions_Hazus61.xlsx,flBldgContDmgFunc,398
fl-6.1-contents-399,fl,6.1,contents,IND2,,USACE - Galveston,"Locker Bldg, contents (Inventory)",,HazusFloodDamageFunctions_Hazus61.xlsx,flBldgContDmgFunc,399
fl-6.1-contents-400,fl,6.1,contents,IND2,,USACE - Galveston,"Maint Bldg-Mfg Facilility, contents (Equipment)",,HazusFloodDamageFunctions_Hazus61.xlsx,flBldgContDmgFunc,400
fl-6.1-contents-401,fl,6.1,contents,IND2,,USACE - Galveston,"Newspaper Print Plant, contents (Equipment)",,HazusFloodDamageFunctions_Hazus61.xlsx,flBldgContDmgFunc,401
fl-6.1-contents-402,fl,6.1,contents,IND2,,USACE - Galveston,"Newspaper Sales Office, contents (Equipment)",,HazusFloodDamageFunctions_Hazus61.xlsx,flBldgContDmgFunc,402
fl-6.1-contents-403,fl,6.1,contents,IND2,,USACE - Galveston,"Newspaper Sales Office, contents (Inventory)",,HazusFloodDamageFunctions_Hazus61.xlsx,flBldgContDmgFunc,403
fl-6.1-contents-404,fl,6.1,contents,IND2,,USACE - Galveston,"Manuf Facility Office, contents (Equipment)",,HazusFloodDamageFunctions_Hazus61.xlsx,flBldgContDmgFunc,404
fl-6.1-contents-405,fl,6.1,contents,IND2,,USACE - Galveston,"Manuf Facility Office, contents (Inventory)",,HazusFloodDamageFunctions_Hazus61.xlsx,flBldgContDmgFunc,405
fl-6.1-contents-406,fl,6.1,contents,IND2,,USACE - Galveston,"Commercial Printing, contents (Equipment)",,HazusFloodDamageFunctions_Hazus61.xlsx,flBldgContDmgFunc,406
fl-6.1-contents-407,fl,6.1,contents,IND2,,USACE - Galveston,"Commercial Printing, contents (Inventory)",,HazusFloodDamageFunctions_Hazus61.xlsx,flBldgContDmgFunc,407
fl-6.1-contents-408,fl,6.1,contents,IND3,,USACE - Galveston,"Average Food/Drugs/Chemicals, Contents (Equipment/Inventory)",,HazusFloodDamageFunctions_Hazus61.xlsx,flBldgContDmgFunc,408
fl-6.1-contents-409,fl,6.1,contents,IND3,,USACE - Galveston,"Chemical Plant, contents (Equipment)",,HazusFloodDamageFunctions_Hazus61.xlsx,flBldgContDmgFunc,409
fl-6.1-contents-410,fl,6.1,contents,IND3,,USACE - Galveston,"Chemical Plant, contents (Inventory)",,HazusFloodDamageFunctions_Hazus61.xlsx,flBldgContDmgFunc,410
fl-6.1-contents-411,fl,6.1,contents,IND3,,USACE - Galveston,"Chemical Plant Bonding, contents (Equipment)",,HazusFloodDamageFunctions_Hazus61.xlsx,flBldgContDmgFunc,411
fl-6.1-contents-412,fl,6.1,contents,IND3,,USACE - Galveston,"Chemical Plant Bonding, contents (Inventory)",,HazusFloodDamageFunctions_Hazus61.xlsx,flBldgContDmgFunc,412
fl-6.1-contents-413,fl,6.1,contents,IND3,,USACE - Galveston,"Chemical refinery, contents (Equipment)",,HazusFloodDamageFunctions_Hazus61.xlsx,flBldgContDmgFunc,413
fl-6.1-contents-414,fl,6.1,contents,IND3,,USACE - Galveston,"Chemical refinery, contents (Inventory)",,HazusFloodDamageFunctions_Hazus61.xlsx,flBldgContDmgFunc,414
fl-6.1-contents-415,fl,6.1,contents,IND3,,USACE - Galveston,"Deodorizer Bldg-Chemical, contents (Equipment)",,HazusFloodDamageFunctions_Hazus61.xlsx,flBldgContDmgFunc,415
fl-6.1-contents-416,fl,6.1,contents,IND3,,USACE - Galveston,"Deodorizer Bldg-Chem, contents (Inventory)",,HazusFloodDamageFunctions_Hazus61.xlsx,flBldgContDmgFunc,416
fl-6.1-contents-417,fl,6.1,contents,IND3,,USACE - Galveston,"Feed Mill, contents (Equipment)",,HazusFloodDamageFunctions_Hazus61.xlsx,flBldgContDmgFunc,417
fl-6.1-contents-418,fl,6.1,contents,IND3,,USACE - Galveston,"Feed Mill, contents (Inventory)",,HazusFloodDamageFunctions_Hazus61.xlsx,flBldgContDmgFunc,418
fl-6.1-contents-419,fl,6.1,contents,IND3,,USACE - Galveston,"Food Processor, contents (Equipment)",,HazusFloodDamageFunctions_Hazus61.xlsx,flBldgContDmgFunc,419
fl-6.1-contents-420,fl,6.1,contents,IND3,,USACE - Galveston,"Food Processor, contents (Inventory)",,HazusFloodDamageFunctions_Hazus61.xlsx,flBldgContDmgFunc,420
fl-6.1-contents-421,fl,6.1,contents,IND3,,USACE - Galveston,"Chemical Laboratory, contents (Equipment)",,HazusFloodDamageFunctions_Hazus61.xlsx,flBldgContDmgFunc,421
fl-6.1-contents-422,fl,6.1,contents,IND3,,USACE - Galveston,"Chemical Laboratory, contents (Inventory)",,HazusFloodDamageFunctions_Hazus61.xlsx,flBldgContDmgFunc,422
fl-6.1-contents-423,fl,6.1,contents,IND3,,USACE - Galveston,"Detergent Manuf. Facility, contents (Equipment)",,HazusFloodDamageFunctions_Hazus61.xlsx,flBldgContDmgFunc,423
fl-6.1-contents-424,fl,6.1,contents,IND3,,USACE - Galveston,"Detergent Manuf. Facility, contents (Inventory)",,HazusFloodDamageFunctions_Hazus61.xlsx,flBldgContDmgFunc,424
fl-6.1-contents-425,fl,6.1,contents,IND3,,USACE - Galveston,"Meat Packing, contents (Equipment)",,HazusFloodDamageFunctions_Hazus61.xlsx,flBldgContDmgFunc,425
fl-6.1-contents-426,fl,6.1,contents,IND3,,USACE - Galveston,"Meat Packing, contents (Inventory)",,HazusFloodDamageFunctions_Hazus61.xlsx,flBldgContDmgFunc,426
fl-6.1-contents-427,fl,6.1,contents,IND3,,USACE - Galveston,"Detergent Mixer Bldg, contents (Equipment)",,HazusFloodDamageFunctions_Hazus61.xlsx,flBldgContDmgFunc,427
fl-6.1-contents-428,fl,6.1,contents,IND3,,USACE - Galveston,"Detergent Mixer Bldg, contents (Inventory)",,HazusFloodDamageFunctions_Hazus61.xlsx,flBldgContDmgFunc,428
fl-6.1-contents-429,fl,6.1,contents,IND3,,USACE - Galveston,"Plastic Mfg, contents (Equipment)",,HazusFloodDamageFunctions_Hazus61.xlsx,flBldgContDmgFunc,429
fl-6.1-contents-430,fl,6.1,contents,IND3,,USACE - Galveston,"Plastic Mfg, contents (Inventory)",,HazusFloodDamageFunctions_Hazus61.xlsx,flBldgContDmgFunc,430
fl-6.1-contents-431,fl,6.1,contents,IND3,,USACE - Galveston,"Caustic Materials Refinery, contents (Equipment)",,HazusFloodDamageFunctions_Hazus61.xlsx,flBldgContDmgFunc,431
fl-6.1-contents-432,fl,6.1,contents,IND3,,USACE - Galveston,"Caustic Materials Refinery, contents (Inventory)",,HazusFloodDamageFunctions_Hazus61.xlsx,flBldgContDmgFunc,432
fl-6.1-contents-433,fl,6.1,contents,IND4,,USACE - Galveston,"Average Metals/Minerals Processing, Contents (Equipment/Inventory)",,HazusFloodDamageFunctions_Hazus61.xlsx,flBldgContDmgFunc,433
fl-6.1-contents-434,fl,6.1,contents,IND4,,USACE - Galveston,"Foundry, contents (Equipment)",,HazusFloodDamageFunctions_Hazus61.xlsx,flBldgContDmgFunc,434
fl-6.1-contents-435,fl,6.1,contents,IND4,,USACE - Galveston,"Foundry, contents (Inventory)",,HazusFloodDamageFunctions_Hazus61.xlsx,flBldgContDmgFunc,435
fl-6.1-contents-436,fl,6.1,contents,IND4,,USACE - Galveston,"Lead Refinery, contents (Equipment)",,HazusFloodDamageFunctions_Hazus61.xlsx,flBldgContDmgFunc,436
fl-6.1-contents-437,fl,6.1,contents,IND4,,USACE - Galveston,"Lead Refinery, contents (Inventory)",,HazusFloodDamageFunctions_Hazus61.xlsx,flBldgContDmgFunc,437
fl-6.1-contents-438,fl,6.1,contents,IND4,,USACE - Galveston,"Sand & Gravel, contents (Equipment)",,HazusFloodDamageFunctions_Hazus61.xlsx,flBldgContDmgFunc,438
fl-6.1-contents-439,fl,6.1,contents,IND4,,USACE - Galveston,"Sand & Gravel, contents (Inventory)",,HazusFloodDamageFunctions_Hazus61.xlsx,flBldgContDmgFunc,439
fl-6.1-contents-440,fl,6.1,contents,IND4,,USACE - Galveston,"Sheet Metal, contents (Equipment)",,HazusFloodDamageFunctions_Hazus61.xlsx,flBldgContDmgFunc,440
fl-6.1-contents-441,fl,6.1,contents,IND4,,USACE - Galveston,"Sheet Metal, contents (Inventory)",,HazusFloodDamageFunctions_Hazus61.xlsx,flBldgContDmgFunc,441
fl-6.1-contents-442,fl,6.1,contents,IND5,,USACE - Galveston,"Average High Technology, contents (Equipment/Inventory)",,HazusFloodDamageFunctions_Hazus61.xlsx,flBldgContDmgFunc,442
fl-6.1-contents-443,fl,6.1,contents,IND6,,USACE - Galveston,"Average Construction, contents (Equipment/Inventory)",,HazusFloodDamageFunctions_Hazus61.xlsx,flBldgContDmgFunc,443
fl-6.1-contents-444,fl,6.1,contents,IND6,,USACE - Galveston,"Carpet Tile Flooring, contents (Equipment)",,HazusFloodDamageFunctions_Hazus61.xlsx,flBldgContDmgFunc,444
fl-6.1-contents-445,fl,6.1,contents,IND6,,USACE - Galveston,"Carpet Tile Flooring, contents (Inventory)",,HazusFloodDamageFunctions_Hazus61.xlsx,flBldgContDmgFunc,445
fl-6.1-contents-446,fl,6.1,contents,IND6,,USACE - Galveston,"Contractor Roofing, contents (Equipment)",,HazusFloodDamageFunctions_Hazus61.xlsx,flBldgContDmgFunc,446
fl-6.1-contents-447,fl,6.1,contents,IND6,,USACE - Galveston,"Contractor Roofing, contents (Inventory)",,HazusFloodDamageFunctions_Hazus61.xlsx,flBldgContDmgFunc,447
fl-6.1-contents-448,fl,6.1,contents,IND6,,USACE - Galveston,"Contractor-Electric, contents (Equipment)",,HazusFloodDamageFunctions_Hazus61.xlsx,flBldgContDmgFunc,448
fl-6.1-contents-449,fl,6.1,contents,IND6,,USACE - Galveston,"Pier Drilling Co, contents (Equipment)",,HazusFloodDamageFunctions_Hazus61.xlsx,flBldgContDmgFunc,449
fl-6.1-contents-450,fl,6.1,contents,IND6,,USACE - Galveston,"Plumbing Co, contents (Equipment)",,HazusFloodDamageFunctions_Hazus61.xlsx,flBldgContDmgFunc,450
fl-6.1-contents-451,fl,6.1,contents,IND6,,USACE - Galveston,"Plumbing Co, contents (Inventory)",,HazusFloodDamageFunctions_Hazus61.xlsx,flBldgContDmgFunc,451
fl-6.1-contents-452,fl,6.1,contents,IND6,,USACE - Galveston,"Sandblasting Co, contents (Equipment)",,HazusFloodDamageFunctions_Hazus61.xlsx,flBldgContDmgFunc,452
fl-6.1-contents-453,fl,6.1,contents,IND6,,USACE - Galveston,"Water Well Service, contents (Equipment)",,HazusFloodDamageFunctions_Hazus61.xlsx,flBldgContDmgFunc,453
fl-6.1-contents-454,fl,6.1,contents,IND6,,USACE - New Orleans,"Carpeting Service, contents, salt water, long duration",,HazusFloodDamageFunctions_Hazus61.xlsx,flBldgContDmgFunc,454
fl-6.1-contents-455,fl,6.1,contents,IND6,,USACE - New Orleans,"Carpeting Service, contents, fresh water, short duration",,HazusFloodDamageFunctions_Hazus61.xlsx,flBldgContDmgFunc,455
fl-6.1-contents-456,fl,6.1,contents,IND6,,USACE - New Orleans,"Heating & Air Conditioning Service, contents, salt water, long duration",,HazusFloodDamageFunctions_Hazus61.xlsx,flBldgContDmgFunc,456
fl-6.1-contents-457,fl,6.1,contents,IND6,,USACE - New Orleans,"Heating & Air Conditioning Service, contents, fresh water, short duration",,HazusFloodDamageFunctions_Hazus61.xlsx,flBldgContDmgFunc,457
fl-6.1-contents-458,fl,6.1,contents,IND6,,USACE - New Orleans,"Plumbing Services, contents, salt water, long duration",,HazusFloodDamageFunctions_Hazus61.xlsx,flBldgContDmgFunc,458
fl-6.1-contents-459,fl,6.1,contents,IND6,,USACE - New Orleans,"Plumbing Services, contents, fresh water, short duration",,HazusFloodDamageFunctions_Hazus61.xlsx,flBldgContDmgFunc,459
fl-6.1-contents-460,fl,6.1,contents,AGR1,,USACE - Galveston,"Average Agriculture, Contents (Equipment/Inventory)",,HazusFloodDamageFunctions_Hazus61.xlsx,flBldgContDmgFunc,460
fl-6.1-contents-461,fl,6.1,contents,AGR1,,USACE - Galveston,"Dairy Processing, contents (Equipment)",,HazusFloodDamageFunctions_Hazus61.xlsx,flBldgContDmgFunc,461
fl-6.1-contents-462,fl,6.1,contents,AGR1,,USACE - Galveston,"Dairy Processing, contents (Inventory)",,HazusFloodDamageFunctions_Hazus61.xlsx,flBldgContDmgFunc,462
fl-6.1-contents-463,fl,6.1,contents,AGR1,,USACE - Galveston,"Horse Stalls, contents (Equipment)",,HazusFloodDamageFunctions_Hazus61.xlsx,flBldgContDmgFunc,463
fl-6.1-contents-464,fl,6.1,contents,AGR1,,USACE - Galveston,"Veterinary Clinic, contents (Equipment)",,HazusFloodDamageFunctions_Hazus61.xlsx,flBldgContDmgFunc,464
fl-6.1-contents-465,fl,6.1,contents,AGR1,,USACE - New Orleans,"Veterinary Office, contents, salt water, long duration",,HazusFloodDamageFunctions_Hazus61.xlsx,flBldgContDmgFunc,465
fl-6.1-contents-466,fl,6.1,contents,AGR1,,USACE - New Orleans,"Veterinary Office, contents, fresh water, short duration",,HazusFloodDamageFunctions_Hazus61.xlsx,flBldgContDmgFunc,466
fl-6.1-contents-467,fl,6.1,contents,REL1,,USACE - Galveston,"Church, contents",,HazusFloodDamageFunctions_Hazus61.xlsx,flBldgContDmgFunc,467
fl-6.1-contents-468,fl,6.1,contents,REL1,,USACE - Galveston,"Church, contents (Equipment)",,HazusFloodDamageFunctions_Hazus61.xlsx,flBldgContDmgFunc,468
fl-6.1-contents-469,fl,6.1,contents,REL1,,USACE - Galveston,"Church, contents (Inventory)",,HazusFloodDamageFunctions_Hazus61.xlsx,flBldgContDmgFunc,469
fl-6.1-contents-470,fl,6.1,contents,REL1,,USACE - New Orleans,"Civic Association, contents, salt water, long duration",,HazusFloodDamageFunctions_Hazus61.xlsx,flBldgContDmgFunc,470
fl-6.1-contents-471,fl,6.1,contents,REL1,,USACE - New Orleans,"Civic Association, contents, fresh water, short duration",,HazusFloodDamageFunctions_Hazus61.xlsx,flBldgContDmgFunc,471
fl-6.1-contents-472,fl,6.1,contents,GOV1,,USACE - Galveston,"Average Govt Services, contents (Equipment)",,HazusFloodDamageFunctions_Hazus61.xlsx,flBldgContDmgFunc,472
fl-6.1-contents-473,fl,6.1,contents,GOV1,,USACE - Galveston,"City Hall, contents (Equipment)",,HazusFloodDamageFunctions_Hazus61.xlsx,flBldgContDmgFunc,473
fl-6.1-contents-474,fl,6.1,contents,GOV1,,USACE - Galveston,"Post Office, contents (Equipment)",,HazusFloodDamageFunctions_Hazus61.xlsx,flBldgContDmgFunc,474
fl-6.1-contents-475,fl,6.1,contents,GOV1,,USACE - New Orleans,"Government Facility, contents, salt water, long duration",,HazusFloodDamageFunctions_Hazus61.xlsx,flBldgContDmgFunc,475
fl-6.1-contents-476,fl,6.1,contents,GOV1,,USACE - New Orleans,"Government Facility, contents, fresh water, short duration",,HazusFloodDamageFunctions_Hazus61.xlsx,flBldgContDmgFunc,476
fl-6.1-contents-477,fl,6.1,contents,GOV2,,USACE - Galveston,"Average emergency response, contents (Equipment/Inventory)",,HazusFloodDamageFunctions_Hazus61.xlsx,flBldgContDmgFunc,477
fl-6.1-contents-478,fl,6.1,contents,GOV2,,USACE - Galveston,"Fire Station, contents (Inventory)",,HazusFloodDamageFunctions_Hazus61.xlsx,flBldgContDmgFunc,478
fl-6.1-contents-479,fl,6.1,contents,GOV2,,USACE - Galveston,"Police Station, contents (Equipment)",,HazusFloodDamageFunctions_Hazus61.xlsx,flBldgContDmgFunc,479
fl-6.1-contents-480,fl,6.1,contents,EDU1,,USACE - Galveston,"Average School, contents (Equipment/Inventory)",,HazusFloodDamageFunctions_Hazus61.xlsx,flBldgContDmgFunc,480
fl-6.1-contents-481,fl,6.1,contents,EDU1,,USACE - Galveston,"Commercial School, contents (Equipment)",,HazusFloodDamageFunctions_Hazus61.xlsx,flBldgContDmgFunc,481
fl-6.1-contents-482,fl,6.1,contents,EDU1,,USACE - Galveston,"Library, contents (Inventory)",,HazusFloodDamageFunctions_Hazus61.xlsx,flBldgContDmgFunc,482
fl-6.1-contents-483,fl,6.1,contents,EDU1,,USACE - New Orleans,"Elementary School, contents, salt water, long duration",,HazusFloodDamageFunctions_Hazus61.xlsx,flBldgContDmgFunc,483
fl-6.1-contents-484,fl,6.1,contents,EDU1,,USACE - New Orleans,"Elementary School, contents, fresh water, short duration",,HazusFloodDamageFunctions_Hazus61.xlsx,flBldgContDmgFunc,484
fl-6.1-contents-485,fl,6.1,contents,EDU2,,USACE - Galveston,"Average College/University, Contents (Equipment/Inventory)",,HazusFloodDamageFunctions_Hazus61.xlsx,flBldgContDmgFunc,485
fl-6.1-contents-486,fl,6.1,contents,EDU2,,USACE - New Orleans,"College, contents, salt water, long duration",,HazusFloodDamageFunctions_Hazus61.xlsx,flBldgContDmgFunc,486
fl-6.1-contents-487,fl,6.1,contents,EDU2,,USACE - New Orleans,"College, contents, fresh water, short duration",,HazusFloodDamageFunctions_Hazus61.xlsx,flBldgContDmgFunc,487
fl-6.1-contents-488,fl,6.1,contents,RES1,,BCAR - Jan 2011,"all floors, slab - no basement, Coastal A or V Zone",,HazusFloodDamageFunctions_Hazus61.xlsx,flBldgContDmgFunc,488
fl-6.1-contents-489,fl,6.1,contents,RES3A,,BCAR - Jan 2011,"1to2 Stories, slab - no basement, Coastal A or V Zone",,HazusFloodDamageFunctions_Hazus61.xlsx,flBldgContDmgFunc,489
fl-6.1-contents-490,fl,6.1,contents,RES3B,,BCAR - Jan 2011,"1to2 Stories, slab - no basement, Coastal A or V Zone",,HazusFloodDamageFunctions_Hazus61.xlsx,flBldgContDmgFunc,490
fl-6.1-contents-491,fl,6.1,contents,RES1,,BCAR - Jan 2011,"all floors, Wall 2ft - no basement, Coastal A or V Zone",,HazusFloodDamageFunctions_Hazus61.xlsx,flBldgContDmgFunc,491
fl-6.1-contents-492,fl,6.1,contents,RES3A,,BCAR - Jan 2011,"1to2 Stories, Wall 2ft - no basement, Coastal A or V Zone",,HazusFloodDamageFunctions_Hazus61.xlsx,flBldgContDmgFunc,492
fl-6.1-contents-493,fl,6.1,contents,RES3B,,BCAR - Jan 2011,"1to2 Stories, Wall 2ft - no basement, Coastal A or V Zone",,HazusFloodDamageFunctions_Hazus61.xlsx,flBldgContDmgFunc,493
fl-6.1-contents-494,fl,6.1,contents,RES1,,BCAR - Jan 2011,"all floors, Wall 3ft - no basement, Coastal A or V Zone",,HazusFloodDamageFunctions_Hazus61.xlsx,flBldgContDmgFunc,494
fl-6.1-contents-495,fl,6.1,contents,RES3A,,BCAR - Jan 2011,"1to2 Stories, Wall 3ft - no basement, Coastal A or V Zone",,HazusFloodDamageFunctions_Hazus61.xlsx,flBldgContDmgFunc,495
fl-6.1-contents-496,fl,6.1,contents,RES3B,,BCAR - Jan 2011,"1to2 Stories, Wall 3ft - no basement, Coastal A or V Zone",,HazusFloodDamageFunctions_Hazus61.xlsx,flBldgContDmgFunc,496
fl-6.1-contents-497,fl,6.1,contents,RES2,,BCAR - Jan 2011,"Manufactured Home (Mobile), Structure, Coastal A or V Zone",,HazusFloodDamageFunctions_Hazus61.xlsx,flBldgContDmgFunc,497
fl-6.1-contents-498,fl,6.1,contents,RES1,,BCAR - Jan 2011,"all floors, Elevated (Open)+2ft - no basement, Coastal A or V Zone",,HazusFloodDamageFunctions_Hazus61.xlsx,flBldgContDmgFunc,498
fl-6.1-contents-499,fl,6.1,contents,RES3A,,BCAR - Jan 2011,"1to2 Stories, Elevated (Open)+2ft - no basement, Coastal A or V Zone",,HazusFloodDamageFunctions_Hazus61.xlsx,flBldgContDmgFunc,499
fl-6.1-contents-500,fl,6.1,contents,RES3B,,BCAR - Jan 2011,"1to2 Stories, Elevated (Open)+2ft - no basement, Coastal A or V Zone",,HazusFloodDamageFunctions_Hazus61.xlsx,flBldgContDmgFunc,500
fl-6.1-contents-501,fl,6.1,contents,RES1,,BCAR - Jan 2011,"all floors, Elevated (Open)+4ft - no basement, Coastal A or V Zone",,HazusFloodDamageFunctions_Hazus61.xlsx,flBldgContDmgFunc,501
fl-6.1-contents-502,fl,6.1,contents,RES3A,,BCAR - Jan 2011,"1to2 Stories, Elevated (Open)+4ft - no basement, Coastal A or V Zone",,HazusFloodDamageFunctions_Hazus61.xlsx,flBldgContDmgFunc,502
fl-6.1-contents-503,fl,6.1,contents,RES3B,,BCAR - Jan 2011,"1to2 Stories, Elevated (Open)+4ft - no basement, Coastal A or V Zone",,HazusFloodDamageFunctions_Hazus61.xlsx,flBldgContDmgFunc,503
fl-6.1-contents-504,fl,6.1,contents,RES1,,BCAR - Jan 2011,"all floors, Elevated (Open)+6ft - no basement, Coastal A or V Zone",,HazusFloodDamageFunctions_Hazus61.xlsx,flBldgContDmgFunc,504
fl-6.1-contents-505,fl,6.1,contents,RES3A,,BCAR - Jan 2011,"1to2 Stories, Elevated (Open)+6ft - no basement, Coastal A or V Zone",,HazusFloodDamageFunctions_Hazus61.xlsx,flBldgContDmgFunc,505
fl-6.1-contents-506,fl,6.1,contents,RES3B,,BCAR - Jan 2011,"1to2 Stories, Elevated (Open)+6ft - no basement, Coastal A or V Zone",,HazusFloodDamageFunctions_Hazus61.xlsx,flBldgContDmgFunc,506
fl-6.1-contents-507,fl,6.1,contents,RES1,,BCAR - Jan 2011,"all floors, Elevated (Open)+8ft - no basement, Coastal A or V Zone",,HazusFloodDamageFunctions_Hazus61.xlsx,flBldgContDmgFunc,507
fl-6.1-contents-508,fl,6.1,contents,RES3A,,BCAR - Jan 2011,"1to2 Stories, Elevated (Open)+8ft - no basement, Coastal A or V Zone",,HazusFloodDamageFunctions_Hazus61.xlsx,flBldgContDmgFunc,508
fl-6.1-contents-509,fl,6.1,contents,RES3B,,BCAR - Jan 2011,"1to2 Stories, Elevated (Open)+8ft - no basement, Coastal A or V Zone",,HazusFloodDamageFunctions_Hazus61.xlsx,flBldgContDmgFunc,509
fl-6.1-contents-510,fl,6.1,contents,RES1,,BCAR - Jan 2011,"all floors, Elevated (Open)+10ft - no basement, Coastal A or V Zone",,HazusFloodDamageFunctions_Hazus61.xlsx,flBldgContDmgFunc,510
fl-6.1-contents-511,fl,6.1,contents,RES3A,,BCAR - Jan 2011,"1to2 Stories, Elevated (Open)+10ft - no basement, Coastal A or V Zone",,HazusFloodDamageFunctions_Hazus61.xlsx,flBldgContDmgFunc,511
fl-6.1-contents-512,fl,6.1,contents,RES3B,,BCAR - Jan 2011,"1to2 Stories, Elevated (Open)+10ft - no basement, Coastal A or V Zone",,HazusFloodDamageFunctions_Hazus61.xlsx,flBldgContDmgFunc,512
fl-6.1-contents-513,fl,6.1,contents,RES1,,BCAR - Jan 2011,"all floors, Elevated (Open)+12ft - no basement, Coastal A or V Zone",,HazusFloodDamageFunctions_Hazus61.xlsx,flBldgContDmgFunc,513
fl-6.1-contents-514,fl,6.1,contents,RES3A,,BCAR - Jan 2011,"1to2 Stories, Elevated (Open)+12ft - no basement, Coastal A or V Zone",,HazusFloodDamageFunctions_Hazus61.xlsx,flBldgContDmgFunc,514
fl-6.1-contents-515,fl,6.1,contents,RES3B,,BCAR - Jan 2011,"1to2 Stories, Elevated (Open)+12ft - no basement, Coastal A or V Zone",,HazusFloodDamageFunctions_Hazus61.xlsx,flBldgContDmgFunc,515
fl-6.1-contents-516,fl,6.1,contents,RES1,,BCAR - Jan 2011,"all floors, Elevated (Obstr)+2ft - no basement, Coastal A or V Zone",,HazusFloodDamageFunctions_Hazus61.xlsx,flBldgContDmgFunc,516
fl-6.1-contents-517,fl,6.1,contents,RES3A,,BCAR - Jan 2011,"1to2 Stories, Elevated (Obstr)+2ft - no basement, Coastal A or V Zone",,HazusFloodDamageFunctions_Hazus61.xlsx,flBldgContDmgFunc,517
fl-6.1-contents-518,fl,6.1,contents,RES3B,,BCAR - Jan 2011,"1to2 Stories, Elevated (Obstr)+2ft - no basement, Coastal A or V Zone",,HazusFloodDamageFunctions_Hazus61.xlsx,flBldgContDmgFunc,518
fl-6.1-contents-519,fl,6.1,contents,RES1,,BCAR - Jan 2011,"all floors, Elevated (Obstr)+4ft - no basement, Coastal A or V Zone",,HazusFloodDamageFunctions_Hazus61.xlsx,flBldgContDmgFunc,519
fl-6.1-contents-520,fl,6.1,contents,RES3A,,BCAR - Jan 2011,"1to2 Stories, Elevated (Obstr)+4ft - no basement, Coastal A or V Zone",,HazusFloodDamageFunctions_Hazus61.xlsx,flBldgContDmgFunc,520
fl-6.1-contents-521,fl,6.1,contents,RES3B,,BCAR - Jan 2011,"1to2 Stories, Elevated (Obstr)+4ft - no basement, Coastal A or V Zone",,HazusFloodDamageFunctions_Hazus61.xlsx,flBldgContDmgFunc,521
fl-6.1-contents-522,fl,6.1,contents,RES1,,BCAR - Jan 2011,"all floors, Elevated (Obstr)+6ft - no basement, Coastal A or V Zone",,HazusFloodDamageFunctions_Hazus61.xlsx,flBldgContDmgFunc,522
fl-6.1-contents-523,fl,6.1,contents,RES3A,,BCAR - Jan 2011,"1to2 Stories, Elevated (Obstr)+6ft - no basement, Coastal A or V Zone",,HazusFloodDamageFunctions_Hazus61.xlsx,flBldgContDmgFunc,523
fl-6.1-contents-524,fl,6.1,contents,RES3B,,BCAR - Jan 2011,"1to2 Stories, Elevated (Obstr)+6ft - no basement, Coastal A or V Zone",,HazusFloodDamageFunctions_Hazus61.xlsx,flBldgContDmgFunc,524
fl-6.1-contents-525,fl,6.1,contents,RES1,,BCAR - Jan 2011,"all floors, Elevated (Obstr)+8ft - no basement, Coastal A or V Zone",,HazusFloodDamageFunctions_Hazus61.xlsx,flBldgContDmgFunc,525
fl-6.1-contents-526,fl,6.1,contents,RES3A,,BCAR - Jan 2011,"1to2 Stories, Elevated (Obstr)+8ft - no basement, Coastal A or V Zone",,HazusFloodDamageFunctions_Hazus61.xlsx,flBldgContDmgFunc,526
fl-6.1-contents-527,fl,6.1,contents,RES3B,,BCAR - Jan 2011,"1to2 Stories, Elevated (Obstr)+8ft - no basement, Coastal A or V Zone",,HazusFloodDamageFunctions_Hazus61.xlsx,flBldgContDmgFunc,527
fl-6.1-contents-528,fl,6.1,contents,RES1,,BCAR - Jan 2011,"all floors, Elevated (Obstr)+10ft - no basement, Coastal A or V Zone",,HazusFloodDamageFunctions_Hazus61.xlsx,flBldgContDmgFunc,528
fl-6.1-contents-529,fl,6.1,contents,RES3A,,BCAR - Jan 2011,"1to2 Stories, Elevated (Obstr)+10ft - no basement, Coastal A or V Zone",,HazusFloodDamageFunctions_Hazus61.xlsx,flBldgContDmgFunc,529
fl-6.1-contents-530,fl,6.1,contents,RES3B,,BCAR - Jan 2011,"1to2 Stories, Elevated (Obstr)+10ft - no basement, Coastal A or V Zone",,HazusFloodDamageFunctions_Hazus61.xlsx,flBldgContDmgFunc,530
fl-6.1-contents-531,fl,6.1,contents,RES1,,BCAR - Jan 2011,"all floors, Elevated (Obstr)+12ft - no basement, Coastal A or V Zone",,HazusFloodDamageFunctions_Hazus61.xlsx,flBldgContDmgFunc,531
fl-6.1-contents-532,fl,6.1,contents,RES3A,,BCAR - Jan 2011,"1to2 Stories, Elevated (Obstr)+12ft - no basement, Coastal A or V Zone",,HazusFloodDamageFunctions_Hazus61.xlsx,flBldgContDmgFunc,532
fl-6.1-contents-533,fl,6.1,contents,RES3B,,BCAR - Jan 2011,"1to2 Stories, Elevated (Obstr)+12ft - no basement, Coastal A or V Zone",,HazusFloodDamageFunctions_Hazus61.xlsx,flBldgContDmgFunc,533
fl-6.1-contents-534,fl,6.1,contents,RES3,,USACE - Chicago,"Apartment Unit Grade, Contents",,HazusFloodDamageFunctions_Hazus61.xlsx,flBldgContDmgFunc,534
fl-6.1-contents-535,fl,6.1,contents,RES1,,BCAR - Jan 2011,"one story, w/ basement, Contents (B14)",,HazusFloodDamageFunctions_Hazus61.xlsx,flBldgContDmgFunc,535
fl-6.1-contents-536,fl,6.1,contents,AGR1,,USACE Sacramento,"USACE - Sacramento: Farms, 1-Story, Short Duration",,HazusFloodDamageFunctions_Hazus61.xlsx,flBldgContDmgFunc,536
fl-6.1-contents-537,fl,6.1,contents,AGR1,,USACE Sacramento,"USACE - Sacramento: Farms, 1-Story, Long Duration",,HazusFloodDamageFunctions_Hazus61.xlsx,flBldgContDmgFunc,537
fl-6.1-contents-538,fl,6.1,contents,AGR1,,USACE Sacramento,"USACE - Sacramento: Farms, 2-Story, Long Duration",,HazusFloodDamageFunctions_Hazus61.xlsx,flBldgContDmgFunc,538
fl-6.1-contents-539,fl,6.1,contents,COM,,USACE NACCS,NACCS 2 - Commercial - Engineeered,,HazusFloodDamageFunctions_Hazus61.xlsx,flBldgContDmgFunc,539
fl-6.1-contents-540,fl,6.1,contents,COM,,USACE NACCS,NACCS 2 - Commercial - Engineeered - Waves,,HazusFloodDamageFunctions_Hazus61.xlsx,flBldgContDmgFunc,540
fl-6.1-contents-541,fl,6.1,contents,COM,,USACE NACCS,NACCS 3 - Commercial - Non/Pre-Engineered,,HazusFloodDamageFunctions_Hazus61.xlsx,flBldgContDmgFunc,541
fl-6.1-contents-542,fl,6.1,contents,COM,,USACE NACCS,NACCS 3 - Commercial - Non/Pre-Engineered - Waves,,HazusFloodDamageFunctions_Hazus61.xlsx,flBldgContDmgFunc,542
fl-6.1-contents-543,fl,6.1,contents,COM1,,FEMA BCA Toolkit,BCA Toolkit Retail-Furniture (Default) (Non-Generic - Engineered Building),,HazusFloodDamageFunctions_Hazus61.xlsx,flBldgContDmgFunc,543
fl-6.1-contents-544,fl,6.1,contents,COM1,,FEMA BCA Toolkit,BCA Toolkit Retail-Electronics (Default) (Non-Generic - Engineered Building),,HazusFloodDamageFunctions_Hazus61.xlsx,flBldgContDmgFunc,544
fl-6.1-contents-545,fl,6.1,contents,COM1,,FEMA BCA Toolkit,BCA Toolkit Retail-Clothing (Default) (Non-Generic - Engineered Building),,HazusFloodDamageFunctions_Hazus61.xlsx,flBldgContDmgFunc,545
fl-6.1-contents-546,fl,6.1,contents,COM1,,FEMA BCA Toolkit,BCA Toolkit Service Station (Default) (Non-Generic - Engineered Building),,HazusFloodDamageFunctions_Hazus61.xlsx,flBldgContDmgFunc,546
fl-6.1-contents-547,fl,6.1,contents,COM1,,FEMA BCA Toolkit,BCA Toolkit Convenience Store (Default) (Non-Generic - Engineered Building),,HazusFloodDamageFunctions_Hazus61.xlsx,flBldgContDmgFunc,547
fl-6.1-contents-548,fl,6.1,contents,COM1,,FEMA BCA Toolkit,BCA Toolkit Grocery (Default) (Non-Generic - Engineered Building),,HazusFloodDamageFunctions_Hazus61.xlsx,flBldgContDmgFunc,548
fl-6.1-contents-549,fl,6.1,contents,COM1,,FEMA BCA Toolkit,BCA Toolkit Retail-Furniture (Default) (Generic - Engineered Building),,HazusFloodDamageFunctions_Hazus61.xlsx,flBldgContDmgFunc,549
fl-6.1-contents-550,fl,6.1,contents,COM1,,FEMA BCA Toolkit,BCA Toolkit Retail-Electronics (Default) (Generic - Engineered Building),,HazusFloodDamageFunctions_Hazus61.xlsx,flBldgContDmgFunc,550
fl-6.1-contents-551,fl,6.1,contents,COM1,,FEMA BCA Toolkit,BCA Toolkit Retail-Clothing (Default) (Generic - Engineered Building),,HazusFloodDamageFunctions_Hazus61.xlsx,flBldgContDmgFunc,551
fl-6.1-contents-552,fl,6.1,contents,COM1,,FEMA BCA Toolkit,BCA Toolkit Service Station (Default) (Generic - Engineered Building),,HazusFloodDamageFunctions_Hazus61.xlsx,flBldgContDmgFunc,552
fl-6.1-contents-553,fl,6.1,contents,COM1,,FEMA BCA Toolkit,BCA Toolkit Convenience Store (Default) (Generic - Engineered Building),,HazusFloodDamageFunctions_Hazus61.xlsx,flBldgContDmgFunc,553
fl-6.1-contents-554,fl,6.1,contents,COM1,,FEMA BCA Toolkit,BCA Toolkit Grocery (Default) (Generic - Engineered Building),,HazusFloodDamageFunctions_Hazus61.xlsx,flBldgContDmgFunc,554
fl-6.1-contents-555,fl,6.1,contents,COM1,,FEMA BCA Toolkit,BCA Toolkit Retail-Furniture (Default) (Generic - Non-Engineered Building),,HazusFloodDamageFunctions_Hazus61.xlsx,flBldgContDmgFunc,555
fl-6.1-contents-556,fl,6.1,contents,COM1,,FEMA BCA Toolkit,BCA Toolkit Retail-Electronics (Default) (Generic - Non-Engineered Building),,HazusFloodDamageFunctions_Hazus61.xlsx,flBldgContDmgFunc,556
fl-6.1-contents-557,fl,6.1,contents,COM1,,FEMA BCA Toolkit,BCA Toolkit Retail-Clothing (Default) (Generic - Non-Engineered Building),,HazusFloodDamageFunctions_Hazus61.xlsx,flBldgContDmgFunc,557
fl-6.1-contents-558,fl,6.1,contents,COM1,,FEMA BCA Toolkit,BCA Toolkit Service Station (Default) (Generic - Non-Engineered Building),,HazusFloodDamageFunctions_Hazus61.xlsx,flBldgContDmgFunc,558
fl-6.1-contents-559,fl,6.1,contents,COM1,,FEMA BCA Toolkit,BCA Toolkit Convenience Store (Default) (Generic - Non-Engineered Building),,HazusFloodDamageFunctions_Hazus61.xlsx,flBldgContDmgFunc,559
fl-6.1-contents-560,fl,6.1,contents,COM1,,FEMA BCA Toolkit,BCA Toolkit Grocery (Default) (Generic - Non-Engineered Building),,HazusFloodDamageFunctions_Hazus61.xlsx,flBldgContDmgFunc,560
fl-6.1-contents-561,fl,6.1,contents,COM1,,FEMA BCA Toolkit,BCA Toolkit Retail-Furniture (Default) (Non-Generic - Non-Engineered Building),,HazusFloodDamageFunctions_Hazus61.xlsx,flBldgContDmgFunc,561
fl-6.1-contents-562,fl,6.1,contents,COM1,,FEMA BCA Toolkit,BCA Toolkit Retail-Electronics (Default) (Non-Generic - Non-Engineered Building),,HazusFloodDamageFunctions_Hazus61.xlsx,flBldgContDmgFunc,562
fl-6.1-contents-563,fl,6.1,contents,COM1,,FEMA BCA Toolkit,BCA Toolkit Retail-Clothing (Default) (Non-Generic - Non-Engineered Building),,HazusFloodDamageFunctions_Hazus61.xlsx,flBldgContDmgFunc,563
fl-6.1-contents-564,fl,6.1,contents,COM1,,FEMA BCA Toolkit,BCA Toolkit Service Station (Default) (Non-Generic - Non-Engineered Building),,HazusFloodDamageFunctions_Hazus61.xlsx,flBldgContDmgFunc,564
fl-6.1-contents-565,fl,6.1,contents,COM1,,FEMA BCA Toolkit,BCA Toolkit Convenience Store (Default) (Non-Generic - Non-Engineered Building),,HazusFloodDamageFunctions_Hazus61.xlsx,flBldgContDmgFunc,565
fl-6.1-contents-566,fl,6.1,contents,COM1,,FEMA BCA Toolkit,BCA Toolkit Grocery (Default) (Non-Generic - Non-Engineered Building),,HazusFloodDamageFunctions_Hazus61.xlsx,flBldgContDmgFunc,566
fl-6.1-contents-567,fl,6.1,contents,COM1,,FEMA BCA Toolkit,"Convenience Store, Engineered",,HazusFloodDamageFunctions_Hazus61.xlsx,flBldgContDmgFunc,567
fl-6.1-contents-568,fl,6.1,contents,COM1,,FEMA BCA Toolkit,"Convenience Store, Non-Engineered",,HazusFloodDamageFunctions_Hazus61.xlsx,flBldgContDmgFunc,568
fl-6.1-contents-569,fl,6.1,contents,COM1,,FEMA BCA Toolkit,"Grocery, Engineered",,HazusFloodDamageFunctions_Hazus61.xlsx,flBldgContDmgFunc,569
fl-6.1-contents-570,fl,6.1,contents,COM1,,FEMA BCA Toolkit,"Grocery, Non-Engineered",,HazusFloodDamageFunctions_Hazus61.xlsx,flBldgContDmgFunc,570
fl-6.1-contents-571,fl,6.1,contents,COM1,,FEMA BCA Toolkit,"Retail-Clothing, Engineered",,HazusFloodDamageFunctions_Hazus61.xlsx,flBldgContDmgFunc,571
fl-6.1-contents-572,fl,6.1,contents,COM1,,FEMA BCA Toolkit,"Retail-Clothing, Non-Engineered",,HazusFloodDamageFunctions_Hazus61.xlsx,flBldgContDmgFunc,572
fl-6.1-contents-573,fl,6.1,contents,COM1,,FEMA BCA Toolkit,"Retail-Electronics, Engineered",,HazusFloodDamageFunctions_Hazus61.xlsx,flBldgContDmgFunc,573
fl-6.1-contents-574,fl,6.1,contents,COM1,,FEMA BCA Toolkit,"Retail-Electronics, Non-Engineered",,HazusFloodDamageFunctions_Hazus61.xlsx,flBldgContDmgFunc,574
fl-6.1-contents-575,fl,6.1,contents,COM1,,FEMA BCA Toolkit,"Retail-Furniture, Engineered",,HazusFloodDamageFunctions_Hazus61.xlsx,flBldgContDmgFunc,575
fl-6.1-contents-576,fl,6.1,contents,COM1,,FEMA BCA Toolkit,"Retail-Furniture, Non-Engineered",,HazusFloodDamageFunctions_Hazus61.xlsx,flBldgContDmgFunc,576
fl-6.1-contents-577,fl,6.1,contents,COM1,,FEMA BCA Toolkit,"Service Station, Engineered",,HazusFloodDamageFunctions_Hazus61.xlsx,flBldgContDmgFunc,577
fl-6.1-contents-578,fl,6.1,contents,COM1,,FEMA BCA Toolkit,"Service Station, Non-Engineered",,HazusFloodDamageFunctions_Hazus61.xlsx,flBldgContDmgFunc,578
fl-6.1-contents-579,fl,6.1,contents,COM1,,USACE New Orleans,"USACE - New Orleans: Department Store, structure, fresh water, short duration",,HazusFloodDamageFunctions_Hazus61.xlsx,flBldgContDmgFunc,579
fl-6.1-contents-580,fl,6.1,contents,COM1,,USACE New Orleans,"USACE - New Orleans: Department Store, structure, salt water, long duration",,HazusFloodDamageFunctions_Hazus61.xlsx,flBldgContDmgFunc,580
fl-6.1-contents-581,fl,6.1,contents,COM1,,USACE New Orleans,"USACE - New Orleans: Large Grocery,  structure, fresh water, short duration",,HazusFloodDamageFunctions_Hazus61.xlsx,flBldgContDmgFunc,581
fl-6.1-contents-582,fl,6.1,contents,COM1,,USACE New Orleans,"USACE - New Orleans: Large Grocery, structure, salt water, long duration",,HazusFloodDamageFunctions_Hazus61.xlsx,flBldgContDmgFunc,582
fl-6.1-contents-583,fl,6.1,contents,COM1,,USACE Sacramento,"USACE - Sacramento: Food Stores, 1-Story, Short Duration",,HazusFloodDamageFunctions_Hazus61.xlsx,flBldgContDmgFunc,583
fl-6.1-contents-584,fl,6.1,contents,COM1,,USACE Sacramento,"USACE - Sacramento: Furniture Retail, 1-Story, Short Duration",,HazusFloodDamageFunctions_Hazus61.xlsx,flBldgContDmgFunc,584
fl-6.1-contents-585,fl,6.1,contents,COM1,,USACE Sacramento,"USACE - Sacramento: Grocery Store, 1-Story, Short Duration",,HazusFloodDamageFunctions_Hazus61.xlsx,flBldgContDmgFunc,585
fl-6.1-contents-586,fl,6.1,contents,COM1,,USACE Sacramento,"USACE - Sacramento: Retail, 1-Story, Short Duration",,HazusFloodDamageFunctions_Hazus61.xlsx,flBldgContDmgFunc,586
fl-6.1-contents-587,fl,6.1,contents,COM1,,USACE Sacramento,"USACE - Sacramento: Shopping Centers, 1-Story, Short Duration",,HazusFloodDamageFunctions_Hazus61.xlsx,flBldgContDmgFunc,587
fl-6.1-contents-588,fl,6.1,contents,COM1,,USACE Sacramento,"USACE - Sacramento: Food Stores, 2-Story, Short Duration",,HazusFloodDamageFunctions_Hazus61.xlsx,flBldgContDmgFunc,588
fl-6.1-contents-589,fl,6.1,contents,COM1,,USACE Sacramento,"USACE - Sacramento: Furniture Retail, 2-Story, Short Duration",,HazusFloodDamageFunctions_Hazus61.xlsx,flBldgContDmgFunc,589
fl-6.1-contents-590,fl,6.1,contents,COM1,,USACE Sacramento,"USACE - Sacramento: Grocery Store, 2-Story, Short Duration",,HazusFloodDamageFunctions_Hazus61.xlsx,flBldgContDmgFunc,590
fl-6.1-contents-591,fl,6.1,contents,COM1,,USACE Sacramento,"USACE - Sacramento: Retail, 2-Story, Short Duration",,HazusFloodDamageFunctions_Hazus61.xlsx,flBldgContDmgFunc,591
fl-6.1-contents-592,fl,6.1,contents,COM1,,USACE Sacramento,"USACE - Sacramento: Shopping Centers, 2-Story, Short Duration",,HazusFloodDamageFunctions_Hazus61.xlsx,flBldgContDmgFunc,592
fl-6.1-contents-593,fl,6.1,contents,COM1,,USACE Sacramento,"USACE - Sacramento: Food Stores, 1-Story, Long Duration",,HazusFloodDamageFunctions_Hazus61.xlsx,flBldgContDmgFunc,593
fl-6.1-contents-594,fl,6.1,contents,COM1,,USACE Sacramento,"USACE - Sacramento: Furniture Retail, 1-Story, Long Duration",,HazusFloodDamageFunctions_Hazus61.xlsx,flBldgContDmgFunc,594
fl-6.1-contents-595,fl,6.1,contents,COM1,,USACE Sacramento,"USACE - Sacramento: Grocery Store, 1-Story, Long Duration",,HazusFloodDamageFunctions_Hazus61.xlsx,flBldgContDmgFunc,595
fl-6.1-contents-596,fl,6.1,contents,COM1,,USACE Sacramento,"USACE - Sacramento: Retail, 1-Story, Long Duration",,HazusFloodDamageFunctions_Hazus61.xlsx,flBldgContDmgFunc,596
fl-6.1-contents-597,fl,6.1,contents,COM1,,USACE Sacramento,"USACE - Sacramento: Shopping Centers, 1-Story, Long Duration",,HazusFloodDamageFunctions_Hazus61.xlsx,flBldgContDmgFunc,597
fl-6.1-contents-598,fl,6.1,contents,COM1,,USACE Sacramento,"USACE - Sacramento: Food Stores, 2-Story, Long Duration",,HazusFloodDamageFunctions_Hazus61.xlsx,flBldgContDmgFunc,598
fl-6.1-contents-599,fl,6.1,contents,COM1,,USACE Sacramento,"USACE - Sacramento: Furniture Retail, 2-Story, Long Duration",,HazusFloodDamageFunctions_Hazus61.xlsx,flBldgContDmgFunc,599
fl-6.1-contents-600,fl,6.1,contents,COM1,,USACE Sacramento,"USACE - Sacramento: Grocery Store, 2-Story, Long Duration",,HazusFloodDamageFunctions_Hazus61.xlsx,flBldgContDmgFunc,600
fl-6.1-contents-601,fl,6.1,contents,COM1,,USACE Sacramento,"USACE - Sacramento: Retail, 2-Story, Long Duration",,HazusFloodDamageFunctions_Hazus61.xlsx,flBldgContDmgFunc,601
fl-6.1-contents-602,fl,6.1,contents,COM1,,USACE Sacramento,"USACE - Sacramento: Shopping Centers, 2-Story, Long Duration",,HazusFloodDamageFunctions_Hazus61.xlsx,flBldgContDmgFunc,602
fl-6.1-contents-603,fl,6.1,contents,COM2,,FEMA BCA Toolkit,"BCA Toolkit Warehouse, Refrig (Default) (Non-Generic - Engineered Building)",,HazusFloodDamageFunctions_Hazus61.xlsx,flBldgContDmgFunc,603
fl-6.1-contents-604,fl,6.1,contents,COM2,,FEMA BCA Toolkit,"BCA Toolkit Warehouse, Non-Refrig (Default) (Non-Generic - Engineered Building)",,HazusFloodDamageFunctions_Hazus61.xlsx,flBldgContDmgFunc,604
fl-6.1-contents-605,fl,6.1,contents,COM2,,FEMA BCA Toolkit,"BCA Toolkit Warehouse, Refrig (Default) (Generic - Engineered Building)",,HazusFloodDamageFunctions_Hazus61.xlsx,flBldgContDmgFunc,605
fl-6.1-contents-606,fl,6.1,contents,COM2,,FEMA BCA Toolkit,"BCA Toolkit Warehouse, Non-Refrig (Default) (Generic - Engineered Building)",,HazusFloodDamageFunctions_Hazus61.xlsx,flBldgContDmgFunc,606
fl-6.1-contents-607,fl,6.1,contents,COM2,,FEMA BCA Toolkit,"BCA Toolkit Warehouse, Refrig (Default) (Generic - Non-Engineered Building)",,HazusFloodDamageFunctions_Hazus61.xlsx,flBldgContDmgFunc,607
fl-6.1-contents-608,fl,6.1,contents,COM2,,FEMA BCA Toolkit,"BCA Toolkit Warehouse, Non-Refrig (Default) (Generic - Non-Engineered Building)",,HazusFloodDamageFunctions_Hazus61.xlsx,flBldgContDmgFunc,608
fl-6.1-contents-609,fl,6.1,contents,COM2,,FEMA BCA Toolkit,"BCA Toolkit Warehouse, Refrig (Default) (Non-Generic - Non-Engineered Building)",,HazusFloodDamageFunctions_Hazus61.xlsx,flBldgContDmgFunc,609
fl-6.1-contents-610,fl,6.1,contents,COM2,,FEMA BCA Toolkit,"BCA Toolkit Warehouse, Non-Refrig (Default) (Non-Generic - Non-Engineered Building)",,HazusFloodDamageFunctions_Hazus61.xlsx,flBldgContDmgFunc,610
fl-6.1-contents-611,fl,6.1,contents,COM2,,USACE New Orleans,"USACE - New Orleans: Warehouse, structure, fresh water, short duration",,HazusFloodDamageFunctions_Hazus61.xlsx,flBldgContDmgFunc,611
fl-6.1-contents-612,fl,6.1,contents,COM2,,USACE New Orleans,"USACE - New Orleans: Warehouse, structure, salt water, long duration",,HazusFloodDamageFunctions_Hazus61.xlsx,flBldgContDmgFunc,612
fl-6.1-contents-613,fl,6.1,contents,COM2,,FEMA BCA Toolkit,"Warehouse, Non-Refrig (Default), Engineered",,HazusFloodDamageFunctions_Hazus61.xlsx,flBldgContDmgFunc,613
fl-6.1-contents-614,fl,6.1,contents,COM2,,FEMA BCA Toolkit,"Warehouse, Non-Refrig (Default), Non-Engineered",,HazusFloodDamageFunctions_Hazus61.xlsx,flBldgContDmgFunc,614
fl-6.1-contents-615,fl,6.1,contents,COM2,,FEMA BCA Toolkit,"Warehouse, Refrig (Default), Engineered",,HazusFloodDamageFunctions_Hazus61.xlsx,flBldgContDmgFunc,615
fl-6.1-contents-616,fl,6.1,contents,COM2,,FEMA BCA Toolkit,"Warehouse, Refrig (Default), Non-Engineered",,HazusFloodDamageFunctions_Hazus61.xlsx,flBldgContDmgFunc,616
fl-6.1-contents-617,fl,6.1,contents,COM2,,USACE Sacramento,"USACE - Sacramento: Warehouse, 1-Story, Short Duration",,HazusFloodDamageFunctions_Hazus61.xlsx,flBldgContDmgFunc,617
fl-6.1-contents-618,fl,6.1,contents,COM2,,USACE Sacramento,"USACE - Sacramento: Warehouse, 2-Story, Short Duration",,HazusFloodDamageFunctions_Hazus61.xlsx,flBldgContDmgFunc,618
fl-6.1-contents-619,fl,6.1,contents,COM2,,USACE Sacramento,"USACE - Sacramento: Warehouse, 1-Story, Long Duration",,HazusFloodDamageFunctions_Hazus61.xlsx,flBldgContDmgFunc,619
fl-6.1-contents-620,fl,6.1,contents,COM2,,USACE Sacramento,"USACE - Sacramento: Warehouse, 2-Story, Long Duration",,HazusFloodDamageFunctions_Hazus61.xlsx,flBldgContDmgFunc,620
fl-6.1-contents-621,fl,6.1,contents,COM3,,FEMA BCA Toolkit,"Protective Services, Engineered",,HazusFloodDamageFunctions_Hazus61.xlsx,flBldgContDmgFunc,621
fl-6.1-contents-622,fl,6.1,contents,COM3,,FEMA BCA Toolkit,"Protective Services, Non-Engineered",,HazusFloodDamageFunctions_Hazus61.xlsx,flBldgContDmgFunc,622
fl-6.1-contents-623,fl,6.1,contents,COM3,,USACE Sacramento,"USACE - Sacramento: Service-Auto, 1-Story, Short Duration",,HazusFloodDamageFunctions_Hazus61.xlsx,flBldgContDmgFunc,623
fl-6.1-contents-624,fl,6.1,contents,COM3,,USACE Sacramento,"USACE - Sacramento: Service-Auto, 2-Story, Short Duration",,HazusFloodDamageFunctions_Hazus61.xlsx,flBldgContDmgFunc,624
fl-6.1-contents-625,fl,6.1,contents,COM3,,USACE Sacramento,"USACE - Sacramento: Service-Auto, 1-Story, Long Duration",,HazusFloodDamageFunctions_Hazus61.xlsx,flBldgContDmgFunc,625
fl-6.1-contents-626,fl,6.1,contents,COM3,,USACE Sacramento,"USACE - Sacramento: Service-Auto, 2-Story, Long Duration",,HazusFloodDamageFunctions_Hazus61.xlsx,flBldgContDmgFunc,626
fl-6.1-contents-627,fl,6.1,contents,COM4,,FEMA BCA Toolkit,BCA Toolkit Protective Services (Default) (Non-Generic - Engineered Building),,HazusFloodDamageFunctions_Hazus61.xlsx,flBldgContDmgFunc,627
fl-6.1-contents-628,fl,6.1,contents,COM4,,FEMA BCA Toolkit,BCA Toolkit Office One-Story (Default) (Non-Generic - Engineered Building),,HazusFloodDamageFunctions_Hazus61.xlsx,flBldgContDmgFunc,628
fl-6.1-contents-629,fl,6.1,contents,COM4,,FEMA BCA Toolkit,BCA Toolkit Protective Services (Default) (Generic - Engineered Building),,HazusFloodDamageFunctions_Hazus61.xlsx,flBldgContDmgFunc,629
fl-6.1-contents-630,fl,6.1,contents,COM4,,FEMA BCA Toolkit,BCA Toolkit Office One-Story (Default) (Generic - Engineered Building),,HazusFloodDamageFunctions_Hazus61.xlsx,flBldgContDmgFunc,630
fl-6.1-contents-631,fl,6.1,contents,COM4,,FEMA BCA Toolkit,BCA Toolkit Protective Services (Default) (Generic - Non-Engineered Building),,HazusFloodDamageFunctions_Hazus61.xlsx,flBldgContDmgFunc,631
fl-6.1-contents-632,fl,6.1,contents,COM4,,FEMA BCA Toolkit,BCA Toolkit Office One-Story (Default) (Generic - Non-Engineered Building),,HazusFloodDamageFunctions_Hazus61.xlsx,flBldgContDmgFunc,632
fl-6.1-contents-633,fl,6.1,contents,COM4,,FEMA BCA Toolkit,BCA Toolkit Protective Services (Default) (Non-Generic - Non-Engineered Building),,HazusFloodDamageFunctions_Hazus61.xlsx,flBldgContDmgFunc,633
fl-6.1-contents-634,fl,6.1,contents,COM4,,FEMA BCA Toolkit,BCA Toolkit Office One-Story (Default) (Non-Generic - Non-Engineered Building),,HazusFloodDamageFunctions_Hazus61.xlsx,flBldgContDmgFunc,634
fl-6.1-contents-635,fl,6.1,contents,COM4,,FEMA BCA Toolkit,"Office One-Story, Engineered",,HazusFloodDamageFunctions_Hazus61.xlsx,flBldgContDmgFunc,635
fl-6.1-contents-636,fl,6.1,contents,COM4,,FEMA BCA Toolkit,"Office One-Story, Non-Engineered",,HazusFloodDamageFunctions_Hazus61.xlsx,flBldgContDmgFunc,636
fl-6.1-contents-637,fl,6.1,contents,COM4,,USACE New Orleans,"USACE - New Orleans: Utility Company, structure, fresh water, short duration",,HazusFloodDamageFunctions_Hazus61.xlsx,flBldgContDmgFunc,637
fl-6.1-contents-638,fl,6.1,contents,COM4,,USACE New Orleans,"USACE - New Orleans: Utility Company, structure, salt water, long duration",,HazusFloodDamageFunctions_Hazus61.xlsx,flBldgContDmgFunc,638
fl-6.1-contents-639,fl,6.1,contents,COM4,,USACE Sacramento,"USACE - Sacramento: Office, 1-Story, Short Duration",,HazusFloodDamageFunctions_Hazus61.xlsx,flBldgContDmgFunc,639
fl-6.1-contents-640,fl,6.1,contents,COM4,,USACE Sacramento,"USACE - Sacramento: Office, 2-Story, Short Duration",,HazusFloodDamageFunctions_Hazus61.xlsx,flBldgContDmgFunc,640
fl-6.1-contents-641,fl,6.1,contents,COM4,,USACE Sacramento,"USACE - Sacramento: Office, 1-Story, Long Duration",,HazusFloodDamageFunctions_Hazus61.xlsx,flBldgContDmgFunc,641
fl-6.1-contents-642,fl,6.1,contents,COM4,,USACE Sacramento,"USACE - Sacramento: Office, 2-Story, Long Duration",,HazusFloodDamageFunctions_Hazus61.xlsx,flBldgContDmgFunc,642
fl-6.1-contents-643,fl,6.1,contents,COM6,,FEMA BCA Toolkit,BCA Toolkit Hospital (Default) (Non-Generic - Engineered Building),,HazusFloodDamageFunctions_Hazus61.xlsx,flBldgContDmgFunc,643
fl-6.1-contents-644,fl,6.1,contents,COM6,,FEMA BCA Toolkit,BCA Toolkit Hospital (Default) (Generic - Engineered Building),,HazusFloodDamageFunctions_Hazus61.xlsx,flBldgContDmgFunc,644
fl-6.1-contents-645,fl,6.1,contents,COM6,,FEMA BCA Toolkit,BCA Toolkit Hospital (Default) (Generic - Non-Engineered Building),,HazusFloodDamageFunctions_Hazus61.xlsx,flBldgContDmgFunc,645
fl-6.1-contents-646,fl,6.1,contents,COM6,,FEMA BCA Toolkit,BCA Toolkit Hospital (Default) (Non-Generic - Non-Engineered Building),,HazusFloodDamageFunctions_Hazus61.xlsx,flBldgContDmgFunc,646
fl-6.1-contents-647,fl,6.1,contents,COM6,,FEMA BCA Toolkit,"Hospital, Engineered",,HazusFloodDamageFunctions_Hazus61.xlsx,flBldgContDmgFunc,647
fl-6.1-contents-648,fl,6.1,contents,COM6,,FEMA BCA Toolkit,"Hospital, Non-Engineered",,HazusFloodDamageFunctions_Hazus61.xlsx,flBldgContDmgFunc,648
fl-6.1-contents-649,fl,6.1,contents,COM6,,USACE New Orleans,"USACE - New Orleans: Medical Office, structure, fresh water, short duration",,HazusFloodDamageFunctions_Hazus61.xlsx,flBldgContDmgFunc,649
fl-6.1-contents-650,fl,6.1,contents,COM6,,USACE New Orleans,"USACE - New Orleans: Medical Office, structure, salt water, long duration",,HazusFloodDamageFunctions_Hazus61.xlsx,flBldgContDmgFunc,650
fl-6.1-contents-651,fl,6.1,contents,COM6,,USACE Sacramento,"USACE - Sacramento: Medical, 1-Story, Short Duration",,HazusFloodDamageFunctions_Hazus61.xlsx,flBldgContDmgFunc,651
fl-6.1-contents-652,fl,6.1,contents,COM6,,USACE Sacramento,"USACE - Sacramento: Medical, 2-Story, Short Duration",,HazusFloodDamageFunctions_Hazus61.xlsx,flBldgContDmgFunc,652
fl-6.1-contents-653,fl,6.1,contents,COM6,,USACE Sacramento,"USACE - Sacramento: Medical, 1-Story, Long Duration",,HazusFloodDamageFunctions_Hazus61.xlsx,flBldgContDmgFunc,653
fl-6.1-contents-654,fl,6.1,contents,COM6,,USACE Sacramento,"USACE - Sacramento: Medical, 2-Story, Long Duration",,HazusFloodDamageFunctions_Hazus61.xlsx,flBldgContDmgFunc,654
fl-6.1-contents-655,fl,6.1,contents,COM7,,FEMA BCA Toolkit,BCA Toolkit Medical Office (Default) (Non-Generic - Engineered Building),,HazusFloodDamageFunctions_Hazus61.xlsx,flBldgContDmgFunc,655
fl-6.1-contents-656,fl,6.1,contents,COM7,,FEMA BCA Toolkit,BCA Toolkit Medical Office (Default) (Generic - Engineered Building),,HazusFloodDamageFunctions_Hazus61.xlsx,flBldgContDmgFunc,656
fl-6.1-contents-657,fl,6.1,contents,COM7,,FEMA BCA Toolkit,BCA Toolkit Medical Office (Default) (Generic - Non-Engineered Building),,HazusFloodDamageFunctions_Hazus61.xlsx,flBldgContDmgFunc,657
fl-6.1-contents-658,fl,6.1,contents,COM7,,FEMA BCA Toolkit,BCA Toolkit Medical Office (Default) (Non-Generic - Non-Engineered Building),,HazusFloodDamageFunctions_Hazus61.xlsx,flBldgContDmgFunc,658
fl-6.1-contents-659,fl,6.1,contents,COM7,,FEMA BCA Toolkit,"Medical Office, Engineered",,HazusFloodDamageFunctions_Hazus61.xlsx,flBldgContDmgFunc,659
fl-6.1-contents-660,fl,6.1,contents,COM7,,FEMA BCA Toolkit,"Medical Office, Non-Engineered",,HazusFloodDamageFunctions_Hazus61.xlsx,flBldgContDmgFunc,660
fl-6.1-contents-661,fl,6.1,contents,COM8,,FEMA BCA Toolkit,BCA Toolkit Fast Food (Default) (Non-Generic - Engineered Building),,HazusFloodDamageFunctions_Hazus61.xlsx,flBldgContDmgFunc,661
fl-6.1-contents-662,fl,6.1,contents,COM8,,FEMA BCA Toolkit,BCA Toolkit Non-Fast Food (Default) (Non-Generic - Engineered Building),,HazusFloodDamageFunctions_Hazus61.xlsx,flBldgContDmgFunc,662
fl-6.1-contents-663,fl,6.1,contents,COM8,,FEMA BCA Toolkit,BCA Toolkit Recreation (Default) (Non-Generic - Engineered Building),,HazusFloodDamageFunctions_Hazus61.xlsx,flBldgContDmgFunc,663
fl-6.1-contents-664,fl,6.1,contents,COM8,,FEMA BCA Toolkit,BCA Toolkit Fast Food (Default) (Generic - Engineered Building),,HazusFloodDamageFunctions_Hazus61.xlsx,flBldgContDmgFunc,664
fl-6.1-contents-665,fl,6.1,contents,COM8,,FEMA BCA Toolkit,BCA Toolkit Non-Fast Food (Default) (Generic - Engineered Building),,HazusFloodDamageFunctions_Hazus61.xlsx,flBldgContDmgFunc,665
fl-6.1-contents-666,fl,6.1,contents,COM8,,FEMA BCA Toolkit,BCA Toolkit Recreation (Default) (Generic - Engineered Building),,HazusFloodDamageFunctions_Hazus61.xlsx,flBldgContDmgFunc,666
fl-6.1-contents-667,fl,6.1,contents,COM8,,FEMA BCA Toolkit,BCA Toolkit Fast Food (Default) (Generic - Non-Engineered Building),,HazusFloodDamageFunctions_Hazus61.xlsx,flBldgContDmgFunc,667
fl-6.1-contents-668,fl,6.1,contents,COM8,,FEMA BCA Toolkit,BCA Toolkit Non-Fast Food (Default) (Generic - Non-Engineered Building),,HazusFloodDamageFunctions_Hazus61.xlsx,flBldgContDmgFunc,668
fl-6.1-contents-669,fl,6.1,contents,COM8,,FEMA BCA Toolkit,BCA Toolkit Recreation (Default) (Generic - Non-Engineered Building),,HazusFloodDamageFunctions_Hazus61.xlsx,flBldgContDmgFunc,669
fl-6.1-contents-670,fl,6.1,contents,COM8,,FEMA BCA Toolkit,BCA Toolkit Fast Food (Default) (Non-Generic - Non-Engineered Building),,HazusFloodDamageFunctions_Hazus61.xlsx,flBldgContDmgFunc,670
fl-6.1-contents-671,fl,6.1,contents,COM8,,FEMA BCA Toolkit,BCA Toolkit Non-Fast Food (Default) (Non-Generic - Non-Engineered Building),,HazusFloodDamageFunctions_Hazus61.xlsx,flBldgContDmgFunc,671
fl-6.1-contents-672,fl,6.1,contents,COM8,,FEMA BCA Toolkit,BCA Toolkit Recreation (Default) (Non-Generic - Non-Engineered Building),,HazusFloodDamageFunctions_Hazus61.xlsx,flBldgContDmgFunc,672
fl-6.1-contents-673,fl,6.1,contents,COM8,,FEMA BCA Toolkit,"Fast Food, Engineered",,HazusFloodDamageFunctions_Hazus61.xlsx,flBldgContDmgFunc,673
fl-6.1-contents-674,fl,6.1,contents,COM8,,FEMA BCA Toolkit,"Fast Food, Non-Engineered",,HazusFloodDamageFunctions_Hazus61.xlsx,flBldgContDmgFunc,674
fl-6.1-contents-675,fl,6.1,contents,COM8,,FEMA BCA Toolkit,"Non-Fast Food, Engineered",,HazusFloodDamageFunctions_Hazus61.xlsx,flBldgContDmgFunc,675
fl-6.1-contents-676,fl,6.1,contents,COM8,,FEMA BCA Toolkit,"Non-Fast Food, Non-Engineered",,HazusFloodDamageFunctions_Hazus61.xlsx,flBldgContDmgFunc,676
fl-6.1-contents-677,fl,6.1,contents,COM8,,FEMA BCA Toolkit,"Recreation, Engineered",,HazusFloodDamageFunctions_Hazus61.xlsx,flBldgContDmgFunc,677
fl-6.1-contents-678,fl,6.1,contents,COM8,,FEMA BCA Toolkit,"Recreation, Non-Engineered",,HazusFloodDamageFunctions_Hazus61.xlsx,flBldgContDmgFunc,678
fl-6.1-contents-679,fl,6.1,contents,COM8,,USACE Sacramento,"USACE - Sacramento: Restaurant, 1-Story, Short Duration",,HazusFloodDamageFunctions_Hazus61.xlsx,flBldgContDmgFunc,679
fl-6.1-contents-680,fl,6.1,contents,COM8,,USACE Sacramento,"USACE - Sacramento: Restaurant - Fast Food, 1-Story, Short Duration",,HazusFloodDamageFunctions_Hazus61.xlsx,flBldgContDmgFunc,680
fl-6.1-contents-681,fl,6.1,contents,COM8,,USACE Sacramento,"USACE - Sacramento: Recreation, 1-Story, Short Duration",,HazusFloodDamageFunctions_Hazus61.xlsx,flBldgContDmgFunc,681
fl-6.1-contents-682,fl,6.1,contents,COM8,,USACE Sacramento,"USACE - Sacramento: Restaurant, 2-Story, Short Duration",,HazusFloodDamageFunctions_Hazus61.xlsx,flBldgContDmgFunc,682
fl-6.1-contents-683,fl,6.1,contents,COM8,,USACE Sacramento,"USACE - Sacramento: Restaurant - Fast Food, 2-Story, Short Duration",,HazusFloodDamageFunctions_Hazus61.xlsx,flBldgContDmgFunc,683
fl-6.1-contents-684,fl,6.1,contents,COM8,,USACE Sacramento,"USACE - Sacramento: Recreation, 2-Story, Short Duration",,HazusFloodDamageFunctions_Hazus61.xlsx,flBldgContDmgFunc,684
fl-6.1-contents-685,fl,6.1,contents,COM8,,USACE Sacramento,"USACE - Sacramento: Restaurant, 1-Story, Long Duration",,HazusFloodDamageFunctions_Hazus61.xlsx,flBldgContDmgFunc,685
fl-6.1-contents-686,fl,6.1,contents,COM8,,USACE Sacramento,"USACE - Sacramento: Restaurant - Fast Food, 1-Story, Long Duration",,HazusFloodDamageFunctions_Hazus61.xlsx,flBldgContDmgFunc,686
fl-6.1-contents-687,fl,6.1,contents,COM8,,USACE Sacramento,"USACE - Sacramento: Recreation, 1-Story, Long Duration",,HazusFloodDamageFunctions_Hazus61.xlsx,flBldgContDmgFunc,687
fl-6.1-contents-688,fl,6.1,contents,COM8,,USACE Sacramento,"USACE - Sacramento: Restaurant, 2-Story, Long Duration",,HazusFloodDamageFunctions_Hazus61.xlsx,flBldgContDmgFunc,688
fl-6.1-contents-689,fl,6.1,contents,COM8,,USACE Sacramento,"USACE - Sacramento: Restaurant - Fast Food, 2-Story, Long Duration",,HazusFloodDamageFunctions_Hazus61.xlsx,flBldgContDmgFunc,689
fl-6.1-contents-690,fl,6.1,contents,COM8,,USACE Sacramento,"USACE - Sacramento: Recreation, 2-Story, Long Duration",,HazusFloodDamageFunctions_Hazus61.xlsx,flBldgContDmgFunc,690
fl-6.1-contents-691,fl,6.1,contents,EDU1,,FEMA BCA Toolkit,BCA Toolkit Schools (Default) (Non-Generic - Engineered Building),,HazusFloodDamageFunctions_Hazus61.xlsx,flBldgContDmgFunc,691
fl-6.1-contents-692,fl,6.1,contents,EDU1,,FEMA BCA Toolkit,BCA Toolkit Schools (Default) (Generic - Engineered Building),,HazusFloodDamageFunctions_Hazus61.xlsx,flBldgContDmgFunc,692
fl-6.1-contents-693,fl,6.1,contents,EDU1,,FEMA BCA Toolkit,BCA Toolkit Schools (Default) (Generic - Non-Engineered Building),,HazusFloodDamageFunctions_Hazus61.xlsx,flBldgContDmgFunc,693
fl-6.1-contents-694,fl,6.1,contents,EDU1,,FEMA BCA Toolkit,BCA Toolkit Schools (Default) (Non-Generic - Non-Engineered Building),,HazusFloodDamageFunctions_Hazus61.xlsx,flBldgContDmgFunc,694
fl-6.1-contents-695,fl,6.1,contents,EDU1,,FEMA BCA Toolkit,"Schools, Engineered",,HazusFloodDamageFunctions_Hazus61.xlsx,flBldgContDmgFunc,695
fl-6.1-contents-696,fl,6.1,contents,EDU1,,FEMA BCA Toolkit,"Schools, Non-Engineered",,HazusFloodDamageFunctions_Hazus61.xlsx,flBldgContDmgFunc,696
fl-6.1-contents-697,fl,6.1,contents,EDU1,,USACE New Orleans,"USACE - New Orleans: Elementary school, structure, fresh water, short duration",,HazusFloodDamageFunctions_Hazus61.xlsx,flBldgContDmgFunc,697
fl-6.1-contents-698,fl,6.1,contents,EDU1,,USACE New Orleans,"USACE - New Orleans: Elementary school, structure, salt water, long duration",,HazusFloodDamageFunctions_Hazus61.xlsx,flBldgContDmgFunc,698
fl-6.1-contents-699,fl,6.1,contents,EDU1,,USACE Sacramento,"USACE - Sacramento: Schools, 1-Story, Short Duration",,HazusFloodDamageFunctions_Hazus61.xlsx,flBldgContDmgFunc,699
fl-6.1-contents-700,fl,6.1,contents,EDU1,,USACE Sacramento,"USACE - Sacramento: Schools, 2-Story, Short Duration",,HazusFloodDamageFunctions_Hazus61.xlsx,flBldgContDmgFunc,700
fl-6.1-contents-701,fl,6.1,contents,EDU1,,USACE Sacramento,"USACE - Sacramento: Schools, 1-Story, Long Duration",,HazusFloodDamageFunctions_Hazus61.xlsx,flBldgContDmgFunc,701
fl-6.1-contents-702,fl,6.1,contents,EDU1,,USACE Sacramento,"USACE - Sacramento: Schools, 2-Story, Long Duration",,HazusFloodDamageFunctions_Hazus61.xlsx,flBldgContDmgFunc,702
fl-6.1-contents-703,fl,6.1,contents,EDU2,,USACE New Orleans,"USACE - New Orleans: College, structure, fresh water, short duration",,HazusFloodDamageFunctions_Hazus61.xlsx,flBldgContDmgFunc,703
fl-6.1-contents-704,fl,6.1,contents,EDU2,,USACE New Orleans,"USACE - New Orleans: College, structure, salt water, long duration",,HazusFloodDamageFunctions_Hazus61.xlsx,flBldgContDmgFunc,704
fl-6.1-contents-705,fl,6.1,contents,GOV1,,USACE New Orleans,"USACE - New Orleans: Government facility, structure, fresh water, short duration",,HazusFloodDamageFunctions_Hazus61.xlsx,flBldgContDmgFunc,705
fl-6.1-contents-706,fl,6.1,contents,GOV1,,USACE New Orleans,"USACE - New Orleans: Government facility, structure, salt water, long duration",,HazusFloodDamageFunctions_Hazus61.xlsx,flBldgContDmgFunc,706
fl-6.1-contents-707,fl,6.1,contents,GOV1,,USACE Sacramento,"USACE - Sacramento: Government, 1-Story, Short Duration",,HazusFloodDamageFunctions_Hazus61.xlsx,flBldgContDmgFunc,707
fl-6.1-contents-708,fl,6.1,contents,GOV1,,USACE Sacramento,"USACE - Sacramento: Government, 2-Story, Short Duration",,HazusFloodDamageFunctions_Hazus61.xlsx,flBldgContDmgFunc,708
fl-6.1-contents-709,fl,6.1,contents,GOV1,,USACE Sacramento,"USACE - Sacramento: Government, 1-Story, Long Duration",,HazusFloodDamageFunctions_Hazus61.xlsx,flBldgContDmgFunc,709
fl-6.1-contents-710,fl,6.1,contents,GOV1,,USACE Sacramento,"USACE - Sacramento: Government, 2-Story, Long Duration",,HazusFloodDamageFunctions_Hazus61.xlsx,flBldgContDmgFunc,710
fl-6.1-contents-711,fl,6.1,contents,IND1,,USACE Sacramento,"USACE - Sacramento: Heavy, 1-Story, Short Duration",,HazusFloodDamageFunctions_Hazus61.xlsx,flBldgContDmgFunc,711
fl-6.1-contents-712,fl,6.1,contents,IND1,,USACE Sacramento,"USACE - Sacramento: Heavy, 2-Story, Short Duration",,HazusFloodDamageFunctions_Hazus61.xlsx,flBldgContDmgFunc,712
fl-6.1-contents-713,fl,6.1,contents,IND1,,USACE Sacramento,"USACE - Sacramento: Heavy, 1-Story, Long Duration",,HazusFloodDamageFunctions_Hazus61.xlsx,flBldgContDmgFunc,713
fl-6.1-contents-714,fl,6.1,contents,IND1,,USACE Sacramento,"USACE - Sacramento: Heavy, 2-Story, Long Duration",,HazusFloodDamageFunctions_Hazus61.xlsx,flBldgContDmgFunc,714
fl-6.1-contents-715,fl,6.1,contents,IND2,,FEMA BCA Toolkit,BCA Toolkit Industrial Light (Default) (Non-Generic - Engineered Building),,HazusFloodDamageFunctions_Hazus61.xlsx,flBldgContDmgFunc,715
fl-6.1-contents-716,fl,6.1,contents,IND2,,FEMA BCA Toolkit,BCA Toolkit Industrial Light (Default) (Generic - Engineered Building),,HazusFloodDamageFunctions_Hazus61.xlsx,flBldgContDmgFunc,716
fl-6.1-contents-717,fl,6.1,contents,IND2,,FEMA BCA Toolkit,BCA Toolkit Industrial Light (Default) (Generic - Non-Engineered Building),,HazusFloodDamageFunctions_Hazus61.xlsx,flBldgContDmgFunc,717
fl-6.1-contents-718,fl,6.1,contents,IND2,,FEMA BCA Toolkit,BCA Toolkit Industrial Light (Default) (Non-Generic - Non-Engineered Building),,HazusFloodDamageFunctions_Hazus61.xlsx,flBldgContDmgFunc,718
fl-6.1-contents-719,fl,6.1,contents,IND2,,FEMA BCA Toolkit,"Industrial Light, Engineered",,HazusFloodDamageFunctions_Hazus61.xlsx,flBldgContDmgFunc,719
fl-6.1-contents-720,fl,6.1,contents,IND2,,FEMA BCA Toolkit,"Industrial Light, Non-Engineered",,HazusFloodDamageFunctions_Hazus61.xlsx,flBldgContDmgFunc,720
fl-6.1-contents-721,fl,6.1,contents,IND2,,USACE Sacramento,"USACE - Sacramento: Light, 1-Story, Short Duration",,HazusFloodDamageFunctions_Hazus61.xlsx,flBldgContDmgFunc,721
fl-6.1-contents-722,fl,6.1,contents,IND2,,USACE Sacramento,"USACE - Sacramento: Light, 2-Story, Short Duration",,HazusFloodDamageFunctions_Hazus61.xlsx,flBldgContDmgFunc,722
fl-6.1-contents-723,fl,6.1,contents,IND2,,USACE Sacramento,"USACE - Sacramento: Light, 1-Story, Long Duration",,HazusFloodDamageFunctions_Hazus61.xlsx,flBldgContDmgFunc,723
fl-6.1-contents-724,fl,6.1,contents,IND2,,USACE Sacramento,"USACE - Sacramento: Light, 2-Story, Long Duration",,HazusFloodDamageFunctions_Hazus61.xlsx,flBldgContDmgFunc,724
fl-6.1-contents-725,fl,6.1,contents,REL1,,FEMA BCA Toolkit,BCA Toolkit Religious Facilities (Default) (Non-Generic - Engineered Building),,HazusFloodDamageFunctions_Hazus61.xlsx,flBldgContDmgFunc,725
fl-6.1-contents-726,fl,6.1,contents,REL1,,FEMA BCA Toolkit,BCA Toolkit Religious Facilities (Default) (Generic - Engineered Building),,HazusFloodDamageFunctions_Hazus61.xlsx,flBldgContDmgFunc,726
fl-6.1-contents-727,fl,6.1,contents,REL1,,FEMA BCA Toolkit,BCA Toolkit Religious Facilities (Default) (Generic - Non-Engineered Building),,HazusFloodDamageFunctions_Hazus61.xlsx,flBldgContDmgFunc,727
fl-6.1-contents-728,fl,6.1,contents,REL1,,FEMA BCA Toolkit,BCA Toolkit Religious Facilities (Default) (Non-Generic - Non-Engineered Building),,HazusFloodDamageFunctions_Hazus61.xlsx,flBldgContDmgFunc,728
fl-6.1-contents-729,fl,6.1,contents,REL1,,FEMA BCA Toolkit,"Religious Facilities, Engineered",,HazusFloodDamageFunctions_Hazus61.xlsx,flBldgContDmgFunc,729
fl-6.1-contents-730,fl,6.1,contents,REL1,,FEMA BCA Toolkit,"Religious Facilities, Non-Engineered",,HazusFloodDamageFunctions_Hazus61.xlsx,flBldgContDmgFunc,730
fl-6.1-contents-731,fl,6.1,contents,REL1,,USACE Sacramento,"USACE - Sacramento: Churches, 1-Story, Short Duration",,HazusFloodDamageFunctions_Hazus61.xlsx,flBldgContDmgFunc,731
fl-6.1-contents-732,fl,6.1,contents,REL1,,USACE Sacramento,"USACE - Sacramento: Churches, 2-Story, Short Duration",,HazusFloodDamageFunctions_Hazus61.xlsx,flBldgContDmgFunc,732
fl-6.1-contents-733,fl,6.1,contents,REL1,,USACE Sacramento,"USACE - Sacramento: Churches, 1-Story, Long Duration",,HazusFloodDamageFunctions_Hazus61.xlsx,flBldgContDmgFunc,733
fl-6.1-contents-734,fl,6.1,contents,REL1,,USACE Sacramento,"USACE - Sacramento: Churches, 2-Story, Long Duration",,HazusFloodDamageFunctions_Hazus61.xlsx,flBldgContDmgFunc,734
fl-6.1-contents-735,fl,6.1,contents,RES1,,USACE NACCS,NACCS 5A - Single Story Residence - No Basement,,HazusFloodDamageFunctions_Hazus61.xlsx,flBldgContDmgFunc,735
fl-6.1-contents-736,fl,6.1,contents,RES1,,USACE NACCS,NACCS 5A-Single Story Residence - No Basement Wave Crawlspace,,HazusFloodDamageFunctions_Hazus61.xlsx,flBldgContDmgFunc,736
fl-6.1-contents-737,fl,6.1,contents,RES1,,USACE NACCS,NACCS 5B - Two Story Residence - No Basement,,HazusFloodDamageFunctions_Hazus61.xlsx,flBldgContDmgFunc,737
fl-6.1-contents-738,fl,6.1,contents,RES1,,USACE NACCS,NACCS 5B-Two Story Residence - No Basement Wave Crawlspace,,HazusFloodDamageFunctions_Hazus61.xlsx,flBldgContDmgFunc,738
fl-6.1-contents-739,fl,6.1,contents,RES1,,USACE NACCS,NACCS 6A - Single Story Residence With Basement,,HazusFloodDamageFunctions_Hazus61.xlsx,flBldgContDmgFunc,739
fl-6.1-contents-740,fl,6.1,contents,RES1,,USACE NACCS,NACCS 6B - Two Story Residence With Basement,,HazusFloodDamageFunctions_Hazus61.xlsx,flBldgContDmgFunc,740
fl-6.1-contents-741,fl,6.1,contents,RES1,,USACE NACCS,NACCS 7A - Building on Open Pile Foundation,,HazusFloodDamageFunctions_Hazus61.xlsx,flBldgContDmgFunc,741
fl-6.1-contents-742,fl,6.1,contents,RES1,,USACE NACCS,NACCS 7A - Building on Open Pile Foundation Waves,,HazusFloodDamageFunctions_Hazus61.xlsx,flBldgContDmgFunc,742
fl-6.1-contents-743,fl,6.1,contents,RES1,,USACE NACCS,NACCS 7B - Building on Pile Foundation with Enclosure,,HazusFloodDamageFunctions_Hazus61.xlsx,flBldgContDmgFunc,743
fl-6.1-contents-744,fl,6.1,contents,RES1,,USACE NACCS,NACCS 7B - Building on Pile Foundation with Enclosure Waves,,HazusFloodDamageFunctions_Hazus61.xlsx,flBldgContDmgFunc,744
fl-6.1-contents-745,fl,6.1,contents,RES1,,USACE Generic,"Single Family Residential Contents, 1 Story with Basements",,HazusFloodDamageFunctions_Hazus61.xlsx,flBldgContDmgFunc,745
fl-6.1-contents-746,fl,6.1,contents,RES1,,USACE Generic,"Single Family Residential Contents, 2 or More Stories with Basements",,HazusFloodDamageFunctions_Hazus61.xlsx,flBldgContDmgFunc,746
fl-6.1-contents-747,fl,6.1,contents,RES1,,USACE Generic,"Single Family Residential Contents, Split Level with Basements",,HazusFloodDamageFunctions_Hazus61.xlsx,flBldgContDmgFunc,747
fl-6.1-contents-748,fl,6.1,contents,RES1,,USACE Generic,"Single Family Residential Contents, 1 Story with No Basement",,HazusFloodDamageFunctions_Hazus61.xlsx,flBldgContDmgFunc,748
fl-6.1-contents-749,fl,6.1,contents,RES1,,USACE Generic,"Single Family Residential Contents, 2 or More Stories with No Basements",,HazusFloodDamageFunctions_Hazus61.xlsx,flBldgContDmgFunc,749
fl-6.1-contents-750,fl,6.1,contents,RES1,,USACE Generic,"Single Family Residential Contents, Split Level with No Basements",,HazusFloodDamageFunctions_Hazus61.xlsx,flBldgContDmgFunc,750
fl-6.1-contents-751,fl,6.1,contents,RES1,,FEMA BCA Toolkit,BCA Toolkit Slab CAZ and V Zone Expert Panel,,HazusFloodDamageFunctions_Hazus61.xlsx,flBldgContDmgFunc,751
fl-6.1-contents-752,fl,6.1,contents,RES1,,FEMA BCA Toolkit,BCA Toolkit Wall (2 feet) CAZ and V Zone Expert Panel,,HazusFloodDamageFunctions_Hazus61.xlsx,flBldgContDmgFunc,752
fl-6.1-contents-753,fl,6.1,contents,RES1,,FEMA BCA Toolkit,BCA Toolkit Wall (3 feet) CAZ and V Zone Expert Panel,,HazusFloodDamageFunctions_Hazus61.xlsx,flBldgContDmgFunc,753
fl-6.1-contents-754,fl,6.1,contents,RES1,,FEMA BCA Toolkit,BCA Toolkit Elevated (Open) +2 CAZ and V Zone Expert Panel,,HazusFloodDamageFunctions_Hazus61.xlsx,flBldgContDmgFunc,754
fl-6.1-contents-755,fl,6.1,contents,RES1,,FEMA BCA Toolkit,BCA Toolkit Elevated (Open) +4 CAZ and V Zone Expert Panel,,HazusFloodDamageFunctions_Hazus61.xlsx,flBldgContDmgFunc,755
fl-6.1-contents-756,fl,6.1,contents,RES1,,FEMA BCA Toolkit,BCA Toolkit Elevated (Open) +6 CAZ and V Zone Expert Panel,,HazusFloodDamageFunctions_Hazus61.xlsx,flBldgContDmgFunc,756
fl-6.1-contents-757,fl,6.1,contents,RES1,,FEMA BCA Toolkit,BCA Toolkit Elevated (Open) +8 CAZ and V Zone Expert Panel,,HazusFloodDamageFunctions_Hazus61.xlsx,flBldgContDmgFunc,757
fl-6.1-contents-758,fl,6.1,contents,RES1,,FEMA BCA Toolkit,BCA Toolkit Elevated (Open) +10 CAZ and V Zone Expert Panel,,HazusFloodDamageFunctions_Hazus61.xlsx,flBldgContDmgFunc,758
fl-6.1-contents-759,fl,6.1,contents,RES1,,FEMA BCA Toolkit,BCA Toolkit Elevated (Open) +12 CAZ and V Zone Expert Panel,,HazusFloodDamageFunctions_Hazus61.xlsx,flBldgContDmgFunc,759
fl-6.1-contents-760,fl,6.1,contents,RES1,,FEMA BCA Toolkit,BCA Toolkit Elevated (Obstr) +2 CAZ and V Zone Expert Panel,,HazusFloodDamageFunctions_Hazus61.xlsx,flBldgContDmgFunc,760
fl-6.1-contents-761,fl,6.1,contents,RES1,,FEMA BCA Toolkit,BCA Toolkit Elevated (Obstr) +4 CAZ and V Zone Expert Panel,,HazusFloodDamageFunctions_Hazus61.xlsx,flBldgContDmgFunc,761
fl-6.1-contents-762,fl,6.1,contents,RES1,,FEMA BCA Toolkit,BCA Toolkit Elevated (Obstr) +6 CAZ and V Zone Expert Panel,,HazusFloodDamageFunctions_Hazus61.xlsx,flBldgContDmgFunc,762
fl-6.1-contents-763,fl,6.1,contents,RES1,,FEMA BCA Toolkit,BCA Toolkit Elevated (Obstr) +8 CAZ and V Zone Expert Panel,,HazusFloodDamageFunctions_Hazus61.xlsx,flBldgContDmgFunc,763
fl-6.1-contents-764,fl,6.1,contents,RES1,,FEMA BCA Toolkit,BCA Toolkit Elevated (Obstr) +10 CAZ and V Zone Expert Panel,,HazusFloodDamageFunctions_Hazus61.xlsx,flBldgContDmgFunc,764
fl-6.1-contents-765,fl,6.1,contents,RES1,,FEMA BCA Toolkit,BCA Toolkit Elevated (Obstr) +12 CAZ and V Zone Expert Panel,,HazusFloodDamageFunctions_Hazus61.xlsx,flBldgContDmgFunc,765
fl-6.1-contents-766,fl,6.1,contents,RES1,,FEMA BCA Toolkit,BCA Toolkit 1-Story Without Basement Outside CAZ USACE Generic Riverine,,HazusFloodDamageFunctions_Hazus61.xlsx,flBldgContDmgFunc,766
fl-6.1-contents-767,fl,6.1,contents,RES1,,FEMA BCA Toolkit,BCA Toolkit 2-Story Without Basement Outside CAZ USACE Generic Riverine,,HazusFloodDamageFunctions_Hazus61.xlsx,flBldgContDmgFunc,767
fl-6.1-contents-768,fl,6.1,contents,RES1,,FEMA BCA Toolkit,BCA Toolkit Split Level Without Basement Outside CAZ USACE Generic Riverine,,HazusFloodDamageFunctions_Hazus61.xlsx,flBldgContDmgFunc,768
fl-6.1-contents-769,fl,6.1,contents,RES1,,FEMA BCA Toolkit,BCA Toolkit 1-Story With Basement Outside CAZ USACE Generic Riverine,,HazusFloodDamageFunctions_Hazus61.xlsx,flBldgContDmgFunc,769
fl-6.1-contents-770,fl,6.1,contents,RES1,,FEMA BCA Toolkit,BCA Toolkit 2-Story With Basement Outside CAZ USACE Generic Riverine,,HazusFloodDamageFunctions_Hazus61.xlsx,flBldgContDmgFunc,770
fl-6.1-contents-771,fl,6.1,contents,RES1,,FEMA BCA Toolkit,BCA Toolkit Split Level With Basement Outside CAZ USACE Generic Riverine,,HazusFloodDamageFunctions_Hazus61.xlsx,flBldgContDmgFunc,771
fl-6.1-contents-772,fl,6.1,contents,RES1,,FEMA FIMA,FEMA FIA Split-Level Zone A,,HazusFloodDamageFunctions_Hazus61.xlsx,flBldgContDmgFunc,772
fl-6.1-contents-773,fl,6.1,contents,RES1,,FEMA FIMA,FEMA FIA Two or More Stories Zone A,,HazusFloodDamageFunctions_Hazus61.xlsx,flBldgContDmgFunc,773
fl-6.1-contents-774,fl,6.1,contents,RES1,,FEMA FIMA,FEMA FIA Split-Level Zone A,,HazusFloodDamageFunctions_Hazus61.xlsx,flBldgContDmgFunc,774
fl-6.1-contents-775,fl,6.1,contents,RES1,,FEMA FIMA,FEMA FIA One-Story Zone A,,HazusFloodDamageFunctions_Hazus61.xlsx,flBldgContDmgFunc,775
fl-6.1-contents-776,fl,6.1,contents,RES1,,FEMA FIMA,FEMA FIA Coastal Building Zone V,,HazusFloodDamageFunctions_Hazus61.xlsx,flBldgContDmgFunc,776
fl-6.1-contents-777,fl,6.1,contents,RES1,,FEMA FIMA,FEMA FIA Two or More Stories Zone A,,HazusFloodDamageFunctions_Hazus61.xlsx,flBldgContDmgFunc,777
fl-6.1-contents-778,fl,6.1,contents,RES1,,FEMA FIMA,FEMA FIA One-Story Zone A,,HazusFloodDamageFunctions_Hazus61.xlsx,flBldgContDmgFunc,778
fl-6.1-contents-779,fl,6.1,contents,RES1,,FEMA FIMA,FEMA FIA Coastal Building Zone V,,HazusFloodDamageFunctions_Hazus61.xlsx,flBldgContDmgFunc,779
fl-6.1-contents-780,fl,6.1,contents,RES1,,FEMA FIMA,"FEMA FIA, Split Level, With Basement Split-Level",,HazusFloodDamageFunctions_Hazus61.xlsx,flBldgContDmgFunc,780
fl-6.1-contents-781,fl,6.1,contents,RES1,,FEMA FIMA,FEMA FIA (Default) One-Story Zone A,,HazusFloodDamageFunctions_Hazus61.xlsx,flBldgContDmgFunc,781
fl-6.1-contents-782,fl,6.1,contents,RES1,,FEMA FIMA,"FEMA FIA, 1-Story, No Basement One-Story",,HazusFloodDamageFunctions_Hazus61.xlsx,flBldgContDmgFunc,782
fl-6.1-contents-783,fl,6.1,contents,RES1,,FEMA FIMA,"FEMA FIA, 2-Story, No Basement Two or More Stories",,HazusFloodDamageFunctions_Hazus61.xlsx,flBldgContDmgFunc,783
fl-6.1-contents-784,fl,6.1,contents,RES1,,FEMA FIMA,FEMA FIA (Default) One-Story Zone A,,HazusFloodDamageFunctions_Hazus61.xlsx,flBldgContDmgFunc,784
fl-6.1-contents-785,fl,6.1,contents,RES1,,FEMA FIMA,FEMA FIA (Default) Coastal Building Zone V,,HazusFloodDamageFunctions_Hazus61.xlsx,flBldgContDmgFunc,785
fl-6.1-contents-786,fl,6.1,contents,RES1,,FEMA FIMA,FEMA FIA (Default) Two or More Stories Zone A,,HazusFloodDamageFunctions_Hazus61.xlsx,flBldgContDmgFunc,786
fl-6.1-contents-787,fl,6.1,contents,RES1,,FEMA FIMA,"FEMA FIA, 1-Story, With Basement One-Story",,HazusFloodDamageFunctions_Hazus61.xlsx,flBldgContDmgFunc,787
fl-6.1-contents-788,fl,6.1,contents,RES1,,FEMA FIMA,FEMA FIA (Default) Split-Level Zone A,,HazusFloodDamageFunctions_Hazus61.xlsx,flBldgContDmgFunc,788
fl-6.1-contents-789,fl,6.1,contents,RES1,,FEMA FIMA,FEMA FIA (Default) Two or More Stories Zone A,,HazusFloodDamageFunctions_Hazus61.xlsx,flBldgContDmgFunc,789
fl-6.1-contents-790,fl,6.1,contents,RES1,,FEMA FIMA,FEMA FIA (Default) Coastal Building Zone V,,HazusFloodDamageFunctions_Hazus61.xlsx,flBldgContDmgFunc,790
fl-6.1-contents-791,fl,6.1,contents,RES1,,FEMA BCA Toolkit,"1-Story Single Family Home, Basement, FEMA FIA Original Source",,HazusFloodDamageFunctions_Hazus61.xlsx,flBldgContDmgFunc,791
fl-6.1-contents-792,fl,6.1,contents,RES1,,FEMA BCA Toolkit,"1-Story Single Family Home, No Basement, FEMA FIA Original Source",,HazusFloodDamageFunctions_Hazus61.xlsx,flBldgContDmgFunc,792
fl-6.1-contents-793,fl,6.1,contents,RES1,,FEMA BCA Toolkit,"Split-Level Single Family Home, Basement, FEMA FIA Original Source",,HazusFloodDamageFunctions_Hazus61.xlsx,flBldgContDmgFunc,793
fl-6.1-contents-794,fl,6.1,contents,RES1,,FEMA BCA Toolkit,"Split-Level Single Family Home, No Basement, FEMA FIA Original Source",,HazusFloodDamageFunctions_Hazus61.xlsx,flBldgContDmgFunc,794
fl-6.1-contents-795,fl,6.1,contents,RES1,,FEMA BCA Toolkit,"2 or More-Story Single Family Home, Basement, FEMA FIA Original Source",,HazusFloodDamageFunctions_Hazus61.xlsx,flBldgContDmgFunc,795
fl-6.1-contents-796,fl,6.1,contents,RES1,,FEMA BCA Toolkit,"2 or More-Story Single Family Home, No Basement, FEMA FIA Original Source",,HazusFloodDamageFunctions_Hazus61.xlsx,flBldgContDmgFunc,796
fl-6.1-contents-797,fl,6.1,contents,RES1,,FEMA BCA Toolkit,"Single Family Home, Basement, FEMA FIA Original Source",,HazusFloodDamageFunctions_Hazus61.xlsx,flBldgContDmgFunc,797
fl-6.1-contents-798,fl,6.1,contents,RES1,,FEMA BCA Toolkit,"Single Family Home, No Basement, FEMA FIA Original Source",,HazusFloodDamageFunctions_Hazus61.xlsx,flBldgContDmgFunc,798
fl-6.1-contents-799,fl,6.1,contents,RES1,,USACE New Orleans,"One-Story, USACE - New Orleans: one story, Pier foundation, structure, fresh water, short duration",,HazusFloodDamageFunctions_Hazus61.xlsx,flBldgContDmgFunc,799
fl-6.1-contents-800,fl,6.1,contents,RES1,,USACE New Orleans,"One-Story, USACE - New Orleans: one story, Pier foundation, structure, salt water, long duration",,HazusFloodDamageFunctions_Hazus61.xlsx,flBldgContDmgFunc,800
fl-6.1-contents-801,fl,6.1,contents,RES1,,USACE New Orleans,"One-Story, USACE - New Orleans: one story, Slab foundation, structure, fresh water, short duration",,HazusFloodDamageFunctions_Hazus61.xlsx,flBldgContDmgFunc,801
fl-6.1-contents-802,fl,6.1,contents,RES1,,USACE New Orleans,"One-Story, USACE - New Orleans: one story, Slab foundation, structure, salt water, long duration",,HazusFloodDamageFunctions_Hazus61.xlsx,flBldgContDmgFunc,802
fl-6.1-contents-803,fl,6.1,contents,RES1,,USACE New Orleans,"Two or More, USACE - New Orleans: two story, Pier foundation, structure, fresh water, short duration",,HazusFloodDamageFunctions_Hazus61.xlsx,flBldgContDmgFunc,803
fl-6.1-contents-804,fl,6.1,contents,RES1,,USACE New Orleans,"Two or More, USACE - New Orleans: two story, Pier foundation, structure, salt  water, long duration",,HazusFloodDamageFunctions_Hazus61.xlsx,flBldgContDmgFunc,804
fl-6.1-contents-805,fl,6.1,contents,RES1,,USACE New Orleans,"Two or More, USACE - New Orleans: two story, Slab foundation, structure, fresh water, short duration",,HazusFloodDamageFunctions_Hazus61.xlsx,flBldgContDmgFunc,805
fl-6.1-contents-806,fl,6.1,contents,RES1,,USACE New Orleans,"Two or More, USACE - New Orleans: two story, Slab foundation, structure, salt water, long duration",,HazusFloodDamageFunctions_Hazus61.xlsx,flBldgContDmgFunc,806
fl-6.1-contents-807,fl,6.1,contents,RES1,,USACE Generic,"One-Story, USACE Generic, with Basement",,HazusFloodDamageFunctions_Hazus61.xlsx,flBldgContDmgFunc,807
fl-6.1-contents-808,fl,6.1,contents,RES1,,USACE Generic,"One-Story, USACE Generic, with No Basement",,HazusFloodDamageFunctions_Hazus61.xlsx,flBldgContDmgFunc,808
fl-6.1-contents-809,fl,6.1,contents,RES1,,USACE Generic,"Split-Level, USACE Generic, with Basement",,HazusFloodDamageFunctions_Hazus61.xlsx,flBldgContDmgFunc,809
fl-6.1-contents-810,fl,6.1,contents,RES1,,USACE Generic,"Split-Level, USACE Generic, with No Basement",,HazusFloodDamageFunctions_Hazus61.xlsx,flBldgContDmgFunc,810
fl-6.1-contents-811,fl,6.1,contents,RES1,,USACE Generic,"Two or More Stories, USACE Generic, with Basement",,HazusFloodDamageFunctions_Hazus61.xlsx,flBldgContDmgFunc,811
fl-6.1-contents-812,fl,6.1,contents,RES1,,USACE Generic,"Two or More Stories, USACE Generic, with No Basement",,HazusFloodDamageFunctions_Hazus61.xlsx,flBldgContDmgFunc,812
fl-6.1-contents-813,fl,6.1,contents,RES2,,FEMA BCA Toolkit,BCA Toolkit Manufactured Home CAZ and V Zone Expert Panel,,HazusFloodDamageFunctions_Hazus61.xlsx,flBldgContDmgFunc,813
fl-6.1-contents-814,fl,6.1,contents,RES2,,FEMA BCA Toolkit,BCA Toolkit Mobile Home Outside CAZ FEMA FIA Riverine (Adjusted),,HazusFloodDamageFunctions_Hazus61.xlsx,flBldgContDmgFunc,814
fl-6.1-contents-815,fl,6.1,contents,RES2,,FEMA FIMA,FEMA FIA Mobile Home Zone A,,HazusFloodDamageFunctions_Hazus61.xlsx,flBldgContDmgFunc,815
fl-6.1-contents-816,fl,6.1,contents,RES2,,FEMA FIMA,FEMA FIA Mobile Home,,HazusFloodDamageFunctions_Hazus61.xlsx,flBldgContDmgFunc,816
fl-6.1-contents-817,fl,6.1,contents,RES2,,FEMA FIMA,FEMA FIA (Default) Mobile Home,,HazusFloodDamageFunctions_Hazus61.xlsx,flBldgContDmgFunc,817
fl-6.1-contents-818,fl,6.1,contents,RES2,,FEMA FIMA,FEMA FIA (Default) Mobile Home Zone A,,HazusFloodDamageFunctions_Hazus61.xlsx,flBldgContDmgFunc,818
fl-6.1-contents-819,fl,6.1,contents,RES2,,FEMA BCA Toolkit,"Mobile Home, No Basement, FEMA FIA Original Source",,HazusFloodDamageFunctions_Hazus61.xlsx,flBldgContDmgFunc,819
fl-6.1-contents-820,fl,6.1,contents,RES3,,USACE NACCS,NACCS 1A-1 - Apartments - 1 Story - No Basement,,HazusFloodDamageFunctions_Hazus61.xlsx,flBldgContDmgFunc,820
fl-6.1-contents-821,fl,6.1,contents,RES3,,USACE NACCS,NACCS 1A-3 - Apartments - 3 Story - No Basement,,HazusFloodDamageFunctions_Hazus61.xlsx,flBldgContDmgFunc,821
fl-6.1-contents-822,fl,6.1,contents,RES3,,USACE NACCS,NACCS 4A - Urban High Rise,,HazusFloodDamageFunctions_Hazus61.xlsx,flBldgContDmgFunc,822
fl-6.1-contents-823,fl,6.1,contents,RES3,,USACE NACCS,NACCS 4B - Beach High Rise,,HazusFloodDamageFunctions_Hazus61.xlsx,flBldgContDmgFunc,823
fl-6.1-contents-824,fl,6.1,contents,RES3,,USACE NACCS,NACCS 4B - Beach High Rise - Waves,,HazusFloodDamageFunctions_Hazus61.xlsx,flBldgContDmgFunc,824
fl-6.1-contents-825,fl,6.1,contents,RES3,,FEMA BCA Toolkit,BCA Toolkit Apartment (Default) (Non-Generic - Engineered Building),,HazusFloodDamageFunctions_Hazus61.xlsx,flBldgContDmgFunc,825
fl-6.1-contents-826,fl,6.1,contents,RES3,,FEMA BCA Toolkit,BCA Toolkit Apartment (Default) (Generic - Engineered Building),,HazusFloodDamageFunctions_Hazus61.xlsx,flBldgContDmgFunc,826
fl-6.1-contents-827,fl,6.1,contents,RES3,,FEMA BCA Toolkit,BCA Toolkit Apartment (Default) (Generic - Non-Engineered Building),,HazusFloodDamageFunctions_Hazus61.xlsx,flBldgContDmgFunc,827
fl-6.1-contents-828,fl,6.1,contents,RES3,,FEMA BCA Toolkit,BCA Toolkit Apartment (Default) (Non-Generic - Non-Engineered Building),,HazusFloodDamageFunctions_Hazus61.xlsx,flBldgContDmgFunc,828
fl-6.1-contents-829,fl,6.1,contents,RES3,,FEMA BCA Toolkit,"Apartment, Engineered",,HazusFloodDamageFunctions_Hazus61.xlsx,flBldgContDmgFunc,829
fl-6.1-contents-830,fl,6.1,contents,RES3,,FEMA BCA Toolkit,"Apartment, Non-Engineered",,HazusFloodDamageFunctions_Hazus61.xlsx,flBldgContDmgFunc,830
fl-6.1-contents-831,fl,6.1,contents,RES4,,FEMA BCA Toolkit,BCA Toolkit Hotel (Default) (Non-Generic - Engineered Building),,HazusFloodDamageFunctions_Hazus61.xlsx,flBldgContDmgFunc,831
fl-6.1-contents-832,fl,6.1,contents,RES4,,FEMA BCA Toolkit,BCA Toolkit Hotel (Default) (Generic - Engineered Building),,HazusFloodDamageFunctions_Hazus61.xlsx,flBldgContDmgFunc,832
fl-6.1-contents-833,fl,6.1,contents,RES4,,FEMA BCA Toolkit,BCA Toolkit Hotel (Default) (Generic - Non-Engineered Building),,HazusFloodDamageFunctions_Hazus61.xlsx,flBldgContDmgFunc,833
fl-6.1-contents-834,fl,6.1,contents,RES4,,FEMA BCA Toolkit,BCA Toolkit Hotel (Default) (Non-Generic - Non-Engineered Building),,HazusFloodDamageFunctions_Hazus61.xlsx,flBldgContDmgFunc,834
fl-6.1-contents-835,fl,6.1,contents,RES4,,FEMA BCA Toolkit,"Hotel, Engineered",,HazusFloodDamageFunctions_Hazus61.xlsx,flBldgContDmgFunc,835
fl-6.1-contents-836,fl,6.1,contents,RES4,,FEMA BCA Toolkit,"Hotel, Non-Engineered",,HazusFloodDamageFunctions_Hazus61.xlsx,flBldgContDmgFunc,836
fl-6.1-contents-837,fl,6.1,contents,RES4,,USACE Sacramento,"USACE - Sacramento: Hotel - Full Service, 1-Story, Short Duration",,HazusFloodDamageFunctions_Hazus61.xlsx,flBldgContDmgFunc,837
fl-6.1-contents-838,fl,6.1,contents,RES4,,USACE Sacramento,"USACE - Sacramento: Hotel - Full Service, 2-Story, Short Duration",,HazusFloodDamageFunctions_Hazus61.xlsx,flBldgContDmgFunc,838
fl-6.1-contents-839,fl,6.1,contents,RES4,,USACE Sacramento,"USACE - Sacramento: Hotel - Full Service, 1-Story, Long Duration",,HazusFloodDamageFunctions_Hazus61.xlsx,flBldgContDmgFunc,839
fl-6.1-contents-840,fl,6.1,contents,RES4,,USACE Sacramento,"USACE - Sacramento: Hotel - Full Service, 2-Story, Long Duration",,HazusFloodDamageFunctions_Hazus61.xlsx,flBldgContDmgFunc,840
fl-6.1-contents-841,fl,6.1,contents,RES5,,FEMA BCA Toolkit,BCA Toolkit Correctional Facility (Default) (Non-Generic - Engineered Building),,HazusFloodDamageFunctions_Hazus61.xlsx,flBldgContDmgFunc,841
fl-6.1-contents-842,fl,6.1,contents,RES5,,FEMA BCA Toolkit,BCA Toolkit Correctional Facility (Default) (Generic - Engineered Building),,HazusFloodDamageFunctions_Hazus61.xlsx,flBldgContDmgFunc,842
fl-6.1-contents-843,fl,6.1,contents,RES5,,FEMA BCA Toolkit,BCA Toolkit Correctional Facility (Default) (Generic - Non-Engineered Building),,HazusFloodDamageFunctions_Hazus61.xlsx,flBldgContDmgFunc,843
fl-6.1-contents-844,fl,6.1,contents,RES5,,FEMA BCA Toolkit,BCA Toolkit Correctional Facility (Default) (Non-Generic - Non-Engineered Building),,HazusFloodDamageFunctions_Hazus61.xlsx,flBldgContDmgFunc,844
fl-6.1-contents-845,fl,6.1,contents,RES5,,FEMA BCA Toolkit,"Correctional Facility, Engineered",,HazusFloodDamageFunctions_Hazus61.xlsx,flBldgContDmgFunc,845
fl-6.1-contents-846,fl,6.1,contents,RES5,,FEMA BCA Toolkit,"Correctional Facility, Non-Engineered",,HazusFloodDamageFunctions_Hazus61.xlsx,flBldgContDmgFunc,846
fl-4.0-inventory-1,fl,4.0,inventory,COM1,,USACE - Galveston,"Average Retail Trade, Inventory",,flBldgInvDmgFn.csv,flBldgInvDmgFn,1
fl-4.0-inventory-2,fl,4.0,inventory,COM1,,USACE - Galveston,"Appliance Sales, Inventory",,flBldgInvDmgFn.csv,flBldgInvDmgFn,2
fl-4.0-inventory-3,fl,4.0,inventory,COM1,,USACE - Galveston,"Bait Stand, Inventory",,flBldgInvDmgFn.csv,flBldgInvDmgFn,3
fl-4.0-inventory-4,fl,4.0,inventory,COM1,,USACE - Galveston,"Book Store, Inventory",,flBldgInvDmgFn.csv,flBldgInvDmgFn,4
fl-4.0-inventory-5,fl,4.0,inventory,COM1,,USACE - Galveston,"Camera Store, Inventory",,flBldgInvDmgFn.csv,flBldgInvDmgFn,5
fl-4.0-inventory-6,fl,4.0,inventory,COM1,,USACE - Galveston,"Carpet and Paint Shop, Inventory",,flBldgInvDmgFn.csv,flBldgInvDmgFn,6
fl-4.0-inventory-7,fl,4.0,inventory,COM1,,USACE - Galveston,Crafts - Inventory,,flBldgInvDmgFn.csv,flBldgInvDmgFn,7
fl-4.0-inventory-8,fl,4.0,inventory,COM1,,USACE - Galveston,"Chain Drug Store, Inventory",,flBldgInvDmgFn.csv,flBldgInvDmgFn,8
fl-4.0-inventory-9,fl,4.0,inventory,COM1,,USACE - Galveston,"Fabric Store, Inventory",,flBldgInvDmgFn.csv,flBldgInvDmgFn,9
fl-4.0-inventory-10,fl,4.0,inventory,COM1,,USACE - Galveston,"Feed Store, Inventory",,flBldgInvDmgFn.csv,flBldgInvDmgFn,10
fl-4.0-inventory-11,fl,4.0,inventory,COM1,,USACE - Galveston,"Florist, Inventory",,flBldgInvDmgFn.csv,flBldgInvDmgFn,11
fl-4.0-inventory-12,fl,4.0,inventory,COM1,,USACE - Galveston,"Fruit Stand, Inventory",,flBldgInvDmgFn.csv,flBldgInvDmgFn,12
fl-4.0-inventory-13,fl,4.0,inventory,COM1,,USACE - Galveston,"Gift Shop, Inventory",,flBldgInvDmgFn.csv,flBldgInvDmgFn,13
fl-4.0-inventory-14,fl,4.0,inventory,COM1,,USACE - Galveston,"Greenhouse, Inventory",,flBldgInvDmgFn.csv,flBldgInvDmgFn,14
fl-4.0-inventory-15,fl,4.0,inventory,COM1,,USACE - Galveston,"Small Grocery, Inventory",,flBldgInvDmgFn.csv,flBldgInvDmgFn,15
fl-4.0-inventory-16,fl,4.0,inventory,COM1,,USACE - Galveston,"Gun Shop, Inventory",,flBldgInvDmgFn.csv,flBldgInvDmgFn,16
fl-4.0-inventory-17,fl,4.0,inventory,COM1,,USACE - Galveston,"Hobby Shop, Inventory",,flBldgInvDmgFn.csv,flBldgInvDmgFn,17
fl-4.0-inventory-18,fl,4.0,inventory,COM1,,USACE - Galveston,"Lawnmower, Inventory",,flBldgInvDmgFn.csv,flBldgInvDmgFn,18
fl-4.0-inventory-19,fl,4.0,inventory,COM1,,USACE - Galveston,"Liquor Store, Inventory",,flBldgInvDmgFn.csv,flBldgInvDmgFn,19
fl-4.0-inventory-20,fl,4.0,inventory,COM1,,USACE - Galveston,"Meat Market, Inventory",,flBldgInvDmgFn.csv,flBldgInvDmgFn,20
fl-4.0-inventory-21,fl,4.0,inventory,COM1,,USACE - Galveston,"Motorcycle Dealer, Inventory",,flBldgInvDmgFn.csv,flBldgInvDmgFn,21
fl-4.0-inventory-22,fl,4.0,inventory,COM1,,USACE - Galveston,"Music Center, Inventory",,flBldgInvDmgFn.csv,flBldgInvDmgFn,22
fl-4.0-inventory-23,fl,4.0,inventory,COM1,,USACE - Galveston,"Plant Nursery, Inventory",,flBldgInvDmgFn.csv,flBldgInvDmgFn,23
fl-4.0-inventory-24,fl,4.0,inventory,COM1,,USACE - Galveston,"Paint Store, Inventory",,flBldgInvDmgFn.csv,flBldgInvDmgFn,24
fl-4.0-inventory-25,fl,4.0,inventory,COM1,,USACE - Galveston,"Pawn Shop, Inventory",,flBldgInvDmgFn.csv,flBldgInvDmgFn,25
fl-4.0-inventory-26,fl,4.0,inventory,COM1,,USACE - Galveston,"Remnant Shop, Inventory",,flBldgInvDmgFn.csv,flBldgInvDmgFn,26
fl-4.0-inventory-27,fl,4.0,inventory,COM1,,USACE - Galveston,"Service Station, Inventory",,flBldgInvDmgFn.csv,flBldgInvDmgFn,27
fl-4.0-inventory-28,fl,4.0,inventory,COM1,,USACE - Galveston,"Shoe Repair, Inventory",,flBldgInvDmgFn.csv,flBldgInvDmgFn,28
fl-4.0-inventory-29,fl,4.0,inventory,COM1,,USACE - Galveston,"Tractor Sales, Inventory",,flBldgInvDmgFn.csv,flBldgInvDmgFn,29
fl-4.0-inventory-30,fl,4.0,inventory,COM1,,USACE - Galveston,"Trailer Sales, Inventory",,flBldgInvDmgFn.csv,flBldgInvDmgFn,30
fl-4.0-inventory-31,fl,4.0,inventory,COM1,,USACE - Galveston,"Trophy Shop, Inventory",,flBldgInvDmgFn.csv,flBldgInvDmgFn,31
fl-4.0-inventory-32,fl,4.0,inventory,COM1,,USACE - Galveston,"Upholstery Shop, Inventory",,flBldgInvDmgFn.csv,flBldgInvDmgFn,32
fl-4.0-inventory-33,fl,4.0,inventory,COM1,,USACE - Galveston,"Used Appliances/Cloth, Inventory",,flBldgInvDmgFn.csv,flBldgInvDmgFn,33
fl-4.0-inventory-34,fl,4.0,inventory,COM1,,USACE - Galveston,"Used Furniture, Inventory",,flBldgInvDmgFn.csv,flBldgInvDmgFn,34
fl-4.0-inventory-35,fl,4.0,inventory,COM1,,USACE - Galveston,"Vacuum Cleaner Sales, Inventory",,flBldgInvDmgFn.csv,flBldgInvDmgFn,35
fl-4.0-inventory-36,fl,4.0,inventory,COM1,,USACE - Galveston,"Video Games, Inventory",,flBldgInvDmgFn.csv,flBldgInvDmgFn,36
fl-4.0-inventory-37,fl,4.0,inventory,COM1,,USACE - Galveston,"Medium Grocery, Inventory",,flBldgInvDmgFn.csv,flBldgInvDmgFn,37
fl-4.0-inventory-38,fl,4.0,inventory,COM1,,USACE - Galveston,"Mens Clothing, Inventory",,flBldgInvDmgFn.csv,flBldgInvDmgFn,38
fl-4.0-inventory-39,fl,4.0,inventory,COM1,,USACE - Galveston,"Hardware, Inventory",,flBldgInvDmgFn.csv,flBldgInvDmgFn,39
fl-4.0-inventory-40,fl,4.0,inventory,COM1,,USACE - Galveston,"Toy Store, Inventory",,flBldgInvDmgFn.csv,flBldgInvDmgFn,40
fl-4.0-inventory-41,fl,4.0,inventory,COM1,,USACE - Galveston,"Boat Sales/Service, Inventory",,flBldgInvDmgFn.csv,flBldgInvDmgFn,41
fl-4.0-inventory-42,fl,4.0,inventory,COM1,,USACE - Galveston,"Antique, Inventory",,flBldgInvDmgFn.csv,flBldgInvDmgFn,42
fl-4.0-inventory-43,fl,4.0,inventory,COM1,,USACE - Galveston,"Large Auto Dealer, Inventory",,flBldgInvDmgFn.csv,flBldgInvDmgFn,43
fl-4.0-inventory-44,fl,4.0,inventory,COM1,,USACE - Galveston,"Large Furniture, Inventory",,flBldgInvDmgFn.csv,flBldgInvDmgFn,44
fl-4.0-inventory-45,fl,4.0,inventory,COM1,,USACE - Galveston,"Bakery, Inventory",,flBldgInvDmgFn.csv,flBldgInvDmgFn,45
fl-4.0-inventory-46,fl,4.0,inventory,COM2,,USACE - Galveston,"Average Wholesale Trade, Inventory",,flBldgInvDmgFn.csv,flBldgInvDmgFn,46
fl-4.0-inventory-47,fl,4.0,inventory,COM2,,USACE - Galveston,"Auto Parts, Inventory",,flBldgInvDmgFn.csv,flBldgInvDmgFn,47
fl-4.0-inventory-48,fl,4.0,inventory,COM2,,USACE - Galveston,"Auto Parts/Mufflers, Inventory",,flBldgInvDmgFn.csv,flBldgInvDmgFn,48
fl-4.0-inventory-49,fl,4.0,inventory,COM2,,USACE - Galveston,"Food Warehouse, Inventory",,flBldgInvDmgFn.csv,flBldgInvDmgFn,49
fl-4.0-inventory-50,fl,4.0,inventory,COM2,,USACE - Galveston,"Jewelry, Inventory",,flBldgInvDmgFn.csv,flBldgInvDmgFn,50
fl-4.0-inventory-51,fl,4.0,inventory,COM2,,USACE - Galveston,"Lumber Yard, Inventory",,flBldgInvDmgFn.csv,flBldgInvDmgFn,51
fl-4.0-inventory-52,fl,4.0,inventory,COM2,,USACE - Galveston,"Medical Supplies, Inventory",,flBldgInvDmgFn.csv,flBldgInvDmgFn,52
fl-4.0-inventory-53,fl,4.0,inventory,COM2,,USACE - Galveston,"Municipal Storage Warehouse, Inventory",,flBldgInvDmgFn.csv,flBldgInvDmgFn,53
fl-4.0-inventory-54,fl,4.0,inventory,COM2,,USACE - Galveston,"Paper Products Warehouse, Inventory",,flBldgInvDmgFn.csv,flBldgInvDmgFn,54
fl-4.0-inventory-55,fl,4.0,inventory,COM2,,USACE - Galveston,"Safety Equipment, Inventory",,flBldgInvDmgFn.csv,flBldgInvDmgFn,55
fl-4.0-inventory-56,fl,4.0,inventory,COM2,,USACE - Galveston,"Sporting Goods, Inventory",,flBldgInvDmgFn.csv,flBldgInvDmgFn,56
fl-4.0-inventory-57,fl,4.0,inventory,COM2,,USACE - Galveston,"Sporting Goods Warehouse, Inventory",,flBldgInvDmgFn.csv,flBldgInvDmgFn,57
fl-4.0-inventory-58,fl,4.0,inventory,COM2,,USACE - Galveston,"Chemical Storage, Inventory",,flBldgInvDmgFn.csv,flBldgInvDmgFn,58
fl-4.0-inventory-59,fl,4.0,inventory,COM2,,USACE - Galveston,"Machine Parts Storage, Inventory",,flBldgInvDmgFn.csv,flBldgInvDmgFn,59
fl-4.0-inventory-60,fl,4.0,inventory,COM2,,USACE - Galveston,"T.V. Repair, Inventory",,flBldgInvDmgFn.csv,flBldgInvDmgFn,60
fl-4.0-inventory-61,fl,4.0,inventory,COM2,,USACE - Galveston,"Trailer Parts, Inventory",,flBldgInvDmgFn.csv,flBldgInvDmgFn,61
fl-4.0-inventory-62,fl,4.0,inventory,COM2,,USACE - Galveston,"Warehouse, Inventory",,flBldgInvDmgFn.csv,flBldgInvDmgFn,62
fl-4.0-inventory-63,fl,4.0,inventory,COM2,,USACE - Galveston,"Beer Warehouse, Inventory",,flBldgInvDmgFn.csv,flBldgInvDmgFn,63
fl-4.0-inventory-64,fl,4.0,inventory,COM2,,USACE - Galveston,"Bottled Glass Warehouse, Inventory",,flBldgInvDmgFn.csv,flBldgInvDmgFn,64
fl-4.0-inventory-65,fl,4.0,inventory,COM2,,USACE - Galveston,"Cement Warehouse, Inventory",,flBldgInvDmgFn.csv,flBldgInvDmgFn,65
fl-4.0-inventory-66,fl,4.0,inventory,COM2,,USACE - Galveston,"Detergents Warehouse, Inventory",,flBldgInvDmgFn.csv,flBldgInvDmgFn,66
fl-4.0-inventory-67,fl,4.0,inventory,COM2,,USACE - Galveston,"Heacvy Machinery Warehouse, Inventory",,flBldgInvDmgFn.csv,flBldgInvDmgFn,67
fl-4.0-inventory-68,fl,4.0,inventory,COM2,,USACE - Galveston,"Petroleum Warehouse, Inventory",,flBldgInvDmgFn.csv,flBldgInvDmgFn,68
fl-4.0-inventory-69,fl,4.0,inventory,COM2,,USACE - Galveston,"Western Auto, Inventory",,flBldgInvDmgFn.csv,flBldgInvDmgFn,69
fl-4.0-inventory-70,fl,4.0,inventory,IND1,,USACE - Galveston,"Average Heavy Industrial, Inventory",,flBldgInvDmgFn.csv,flBldgInvDmgFn,70
fl-4.0-inventory-71,fl,4.0,inventory,IND1,,USACE - Galveston,"Cabinet Shop Mfg, Inventory",,flBldgInvDmgFn.csv,flBldgInvDmgFn,71
fl-4.0-inventory-72,fl,4.0,inventory,IND1,,USACE - Galveston,"Door Mfg, Inventory",,flBldgInvDmgFn.csv,flBldgInvDmgFn,72
fl-4.0-inventory-73,fl,4.0,inventory,IND1,,USACE - Galveston,"Fabrication Shop, Inventory",,flBldgInvDmgFn.csv,flBldgInvDmgFn,73
fl-4.0-inventory-74,fl,4.0,inventory,IND1,,USACE - Galveston,"Heat Exchanger Mfg, Inventory",,flBldgInvDmgFn.csv,flBldgInvDmgFn,74
fl-4.0-inventory-75,fl,4.0,inventory,IND1,,USACE - Galveston,"Lock Shop, Inventory",,flBldgInvDmgFn.csv,flBldgInvDmgFn,75
fl-4.0-inventory-76,fl,4.0,inventory,IND1,,USACE - Galveston,"Heavy Machine Shop, Inventory",,flBldgInvDmgFn.csv,flBldgInvDmgFn,76
fl-4.0-inventory-77,fl,4.0,inventory,IND1,,USACE - Galveston,"Light Machine Shop, Inventory",,flBldgInvDmgFn.csv,flBldgInvDmgFn,77
fl-4.0-inventory-78,fl,4.0,inventory,IND1,,USACE - Galveston,"Metal Coatings Serv., Inventory",,flBldgInvDmgFn.csv,flBldgInvDmgFn,78
fl-4.0-inventory-79,fl,4.0,inventory,IND1,,USACE - Galveston,"Metal Recycling, Inventory",,flBldgInvDmgFn.csv,flBldgInvDmgFn,79
fl-4.0-inventory-80,fl,4.0,inventory,IND1,,USACE - Galveston,"Machine Research Lab, Inventory",,flBldgInvDmgFn.csv,flBldgInvDmgFn,80
fl-4.0-inventory-81,fl,4.0,inventory,IND2,,USACE - Galveston,"Average Light Industrial, Inventory",,flBldgInvDmgFn.csv,flBldgInvDmgFn,81
fl-4.0-inventory-82,fl,4.0,inventory,IND2,,USACE - Galveston,"Battery Mfg, Inventory",,flBldgInvDmgFn.csv,flBldgInvDmgFn,82
fl-4.0-inventory-83,fl,4.0,inventory,IND2,,USACE - Galveston,"Electronic Equip Mfg, Inventory",,flBldgInvDmgFn.csv,flBldgInvDmgFn,83
fl-4.0-inventory-84,fl,4.0,inventory,IND2,,USACE - Galveston,"Frame Shop, Inventory",,flBldgInvDmgFn.csv,flBldgInvDmgFn,84
fl-4.0-inventory-85,fl,4.0,inventory,IND2,,USACE - Galveston,"Furniture Mfg, Inventory",,flBldgInvDmgFn.csv,flBldgInvDmgFn,85
fl-4.0-inventory-86,fl,4.0,inventory,IND2,,USACE - Galveston,"Instrument Mfg, Inventory",,flBldgInvDmgFn.csv,flBldgInvDmgFn,86
fl-4.0-inventory-87,fl,4.0,inventory,IND2,,USACE - Galveston,"Leather Goods Mfg, Inventory",,flBldgInvDmgFn.csv,flBldgInvDmgFn,87
fl-4.0-inventory-88,fl,4.0,inventory,IND2,,USACE - Galveston,"Industrial Loading Dock, Inventory",,flBldgInvDmgFn.csv,flBldgInvDmgFn,88
fl-4.0-inventory-89,fl,4.0,inventory,IND2,,USACE - Galveston,"Industrial Locker Bldg, Inventory",,flBldgInvDmgFn.csv,flBldgInvDmgFn,89
fl-4.0-inventory-90,fl,4.0,inventory,IND2,,USACE - Galveston,"Newspaper Sales Office, Inventory",,flBldgInvDmgFn.csv,flBldgInvDmgFn,90
fl-4.0-inventory-91,fl,4.0,inventory,IND2,,USACE - Galveston,"Manufacturing Facility Office, Inventory",,flBldgInvDmgFn.csv,flBldgInvDmgFn,91
fl-4.0-inventory-92,fl,4.0,inventory,IND2,,USACE - Galveston,"Commercial Printing, Inventory",,flBldgInvDmgFn.csv,flBldgInvDmgFn,92
fl-4.0-inventory-93,fl,4.0,inventory,IND3,,USACE - Galveston,"Average Food/Drugs/Chemicals, Inventory",,flBldgInvDmgFn.csv,flBldgInvDmgFn,93
fl-4.0-inventory-94,fl,4.0,inventory,IND3,,USACE - Galveston,"Chemical Plant, Inventory",,flBldgInvDmgFn.csv,flBldgInvDmgFn,94
fl-4.0-inventory-95,fl,4.0,inventory,IND3,,USACE - Galveston,"Chemical Plant Bonding, Inventory",,flBldgInvDmgFn.csv,flBldgInvDmgFn,95
fl-4.0-inventory-96,fl,4.0,inventory,IND3,,USACE - Galveston,"Chemical refinery, Inventory",,flBldgInvDmgFn.csv,flBldgInvDmgFn,96
fl-4.0-inventory-97,fl,4.0,inventory,IND3,,USACE - Galveston,"Deodorizer Bldg, Inventory",,flBldgInvDmgFn.csv,flBldgInvDmgFn,97
fl-4.0-inventory-98,fl,4.0,inventory,IND3,,USACE - Galveston,"Feed Mill, Inventory",,flBldgInvDmgFn.csv,flBldgInvDmgFn,98
fl-4.0-inventory-99,fl,4.0,inventory,IND3,,USACE - Galveston,"Food Processor, Inventory",,flBldgInvDmgFn.csv,flBldgInvDmgFn,99
fl-4.0-inventory-100,fl,4.0,inventory,IND3,,USACE - Galveston,"Chemical Laboratory, Inventory",,flBldgInvDmgFn.csv,flBldgInvDmgFn,100
fl-4.0-inventory-101,fl,4.0,inventory,IND3,,USACE - Galveston,"Detergent Manuf. Facil., Inventory",,flBldgInvDmgFn.csv,flBldgInvDmgFn,101
fl-4.0-inventory-102,fl,4.0,inventory,IND3,,USACE - Galveston,"Meat Packing, Inventory",,flBldgInvDmgFn.csv,flBldgInvDmgFn,102
fl-4.0-inventory-103,fl,4.0,inventory,IND3,,USACE - Galveston,"Detergent Mixer Bldg, Inventory",,flBldgInvDmgFn.csv,flBldgInvDmgFn,103
fl-4.0-inventory-104,fl,4.0,inventory,IND3,,USACE - Galveston,"Plastic Mfg, Inventory",,flBldgInvDmgFn.csv,flBldgInvDmgFn,104
fl-4.0-inventory-105,fl,4.0,inventory,IND3,,USACE - Galveston,"Caustic Material Refinery, Inventory",,flBldgInvDmgFn.csv,flBldgInvDmgFn,105
fl-4.0-inventory-106,fl,4.0,inventory,IND4,,USACE - Galveston,"Average Metals/Minerals Processing, Inventory",,flBldgInvDmgFn.csv,flBldgInvDmgFn,106
fl-4.0-inventory-107,fl,4.0,inventory,IND4,,USACE - Galveston,"Foundry, Inventory",,flBldgInvDmgFn.csv,flBldgInvDmgFn,107
fl-4.0-inventory-108,fl,4.0,inventory,IND4,,USACE - Galveston,"Lead Refinery, Inventory",,flBldgInvDmgFn.csv,flBldgInvDmgFn,108
fl-4.0-inventory-109,fl,4.0,inventory,IND4,,USACE - Galveston,"Sand & Gravel, Inventory",,flBldgInvDmgFn.csv,flBldgInvDmgFn,109
fl-4.0-inventory-110,fl,4.0,inventory,IND4,,USACE - Galveston,"Sheet Metal, Inventory",,flBldgInvDmgFn.csv,flBldgInvDmgFn,110
fl-4.0-inventory-111,fl,4.0,inventory,IND5,,USACE - Galveston,"Average High Technology, Inventory",,flBldgInvDmgFn.csv,flBldgInvDmgFn,111
fl-4.0-inventory-112,fl,4.0,inventory,IND6,,USACE - Galveston,"Average Construction, Inventory",,flBldgInvDmgFn.csv,flBldgInvDmgFn,112
fl-4.0-inventory-113,fl,4.0,inventory,IND6,,USACE - Galveston,"Carpet Tile Flooring, Inventory",,flBldgInvDmgFn.csv,flBldgInvDmgFn,113
fl-4.0-inventory-114,fl,4.0,inventory,IND6,,USACE - Galveston,"Roofing Contractor, Inventory",,flBldgInvDmgFn.csv,flBldgInvDmgFn,114
fl-4.0-inventory-115,fl,4.0,inventory,IND6,,USACE - Galveston,"Plumbing Co, Inventory",,flBldgInvDmgFn.csv,flBldgInvDmgFn,115
fl-4.0-inventory-116,fl,4.0,inventory,AGR1,,USACE - Galveston,"Agriculture/Dairy Processing, Inventory",,flBldgInvDmgFn.csv,flBldgInvDmgFn,116
fl-6.1-inventory-1,fl,6.1,inventory,COM1,,USACE - Galveston,"Average Retail Trade, Inventory",,HazusFloodDamageFunctions_Hazus61.xlsx,flBldgInvDmgFn,1
fl-6.1-inventory-2,fl,6.1,inventory,COM1,,USACE - Galveston,"Appliance Sales, Inventory",,HazusFloodDamageFunctions_Hazus61.xlsx,flBldgInvDmgFn,2
fl-6.1-inventory-3,fl,6.1,inventory,COM1,,USACE - Galveston,"Bait Stand, Inventory",,HazusFloodDamageFunctions_Hazus61.xlsx,flBldgInvDmgFn,3
fl-6.1-inventory-4,fl,6.1,inventory,COM1,,USACE - Galveston,"Book Store, Inventory",,HazusFloodDamageFunctions_Hazus61.xlsx,flBldgInvDmgFn,4
fl-6.1-inventory-5,fl,6.1,inventory,COM1,,USACE - Galveston,"Camera Store, Inventory",,HazusFloodDamageFunctions_Hazus61.xlsx,flBldgInvDmgFn,5
fl-6.1-inventory-6,fl,6.1,inventory,COM1,,USACE - Galveston,"Carpet and Paint Shop, Inventory",,HazusFloodDamageFunctions_Hazus61.xlsx,flBldgInvDmgFn,6
fl-6.1-inventory-7,fl,6.1,inventory,COM1,,USACE - Galveston,Crafts - Inventory,,HazusFloodDamageFunctions_Hazus61.xlsx,flBldgInvDmgFn,7
fl-6.1-inventory-8,fl,6.1,inventory,COM1,,USACE - Galveston,"Chain Drug Store, Inventory",,HazusFloodDamageFunctions_Hazus61.xlsx,flBldgInvDmgFn,8
fl-6.1-inventory-9,fl,6.1,inventory,COM1,,USACE - Galveston,"Fabric Store, Inventory",,HazusFloodDamageFunctions_Hazus61.xlsx,flBldgInvDmgFn,9
fl-6.1-inventory-10,fl,6.1,inventory,COM1,,USACE - Galveston,"Feed Store, Inventory",,HazusFloodDamageFunctions_Hazus61.xlsx,flBldgInvDmgFn,10
fl-6.1-inventory-11,fl,6.1,inventory,COM1,,USACE - Galveston,"Florist, Inventory",,HazusFloodDamageFunctions_Hazus61.xlsx,flBldgInvDmgFn,11
fl-6.1-inventory-12,fl,6.1,inventory,COM1,,USACE - Galveston,"Fruit Stand, Inventory",,HazusFloodDamageFunctions_Hazus61.xlsx,flBldgInvDmgFn,12
fl-6.1-inventory-13,fl,6.1,inventory,COM1,,USACE - Galveston,"Gift Shop, Inventory",,HazusFloodDamageFunctions_Hazus61.xlsx,flBldgInvDmgFn,13
fl-6.1-inventory-14,fl,6.1,inventory,COM1,,USACE - Galveston,"Greenhouse, Inventory",,HazusFloodDamageFunctions_Hazus61.xlsx,flBldgInvDmgFn,14
fl-6.1-inventory-15,fl,6.1,inventory,COM1,,USACE - Galveston,"Small Grocery, Inventory",,HazusFloodDamageFunctions_Hazus61.xlsx,flBldgInvDmgFn,15
fl-6.1-inventory-16,fl,6.1,inventory,COM1,,USACE - Galveston,"Gun Shop, Inventory",,HazusFloodDamageFunctions_Hazus61.xlsx,flBldgInvDmgFn,16
fl-6.1-inventory-17,fl,6.1,inventory,COM1,,USACE - Galveston,"Hobby Shop, Inventory",,HazusFloodDamageFunctions_Hazus61.xlsx,flBldgInvDmgFn,17
fl-6.1-inventory-18,fl,6.1,inventory,COM1,,USACE - Galveston,"Lawnmower, Inventory",,HazusFloodDamageFunctions_Hazus61.xlsx,flBldgInvDmgFn,18
fl-6.1-inventory-19,fl,6.1,inventory,COM1,,USACE - Galveston,"Liquor Store, Inventory",,HazusFloodDamageFunctions_Hazus61.xlsx,flBldgInvDmgFn,19
fl-6.1-inventory-20,fl,6.1,inventory,COM1,,USACE - Galveston,"Meat Market, Inventory",,HazusFloodDamageFunctions_Hazus61.xlsx,flBldgInvDmgFn,20
fl-6.1-inventory-21,fl,6.1,inventory,COM1,,USACE - Galveston,"Motorcycle Dealer, Inventory",,HazusFloodDamageFunctions_Hazus61.xlsx,flBldgInvDmgFn,21
fl-6.1-inventory-22,fl,6.1,inventory,COM1,,USACE - Galveston,"Music Center, Inventory",,HazusFloodDamageFunctions_Hazus61.xlsx,flBldgInvDmgFn,22
fl-6.1-inventory-23,fl,6.1,inventory,COM1,,USACE - Galveston,"Plant Nursery, Inventory",,HazusFloodDamageFunctions_Hazus61.xlsx,flBldgInvDmgFn,23
fl-6.1-inventory-24,fl,6.1,inventory,COM1,,USACE - Galveston,"Paint Store, Inventory",,HazusFloodDamageFunctions_Hazus61.xlsx,flBldgInvDmgFn,24
fl-6.1-inventory-25,fl,6.1,inventory,COM1,,USACE - Galveston,"Pawn Shop, Inventory",,HazusFloodDamageFunctions_Hazus61.xlsx,flBldgInvDmgFn,25
fl-6.1-inventory-26,fl,6.1,inventory,COM1,,USACE - Galveston,"Remnant Shop, Inventory",,HazusFloodDamageFunctions_Hazus61.xlsx,flBldgInvDmgFn,26
fl-6.1-inventory-27,fl,6.1,inventory,COM1,,USACE - Galveston,"Service Station, Inventory",,HazusFloodDamageFunctions_Hazus61.xlsx,flBldgInvDmgFn,27
fl-6.1-inventory-28,fl,6.1,inventory,COM1,,USACE - Galveston,"Shoe Repair, Inventory",,HazusFloodDamageFunctions_Hazus61.xlsx,flBldgInvDmgFn,28
fl-6.1-inventory-29,fl,6.1,inventory,COM1,,USACE - Galveston,"Tractor Sales, Inventory",,HazusFloodDamageFunctions_Hazus61.xlsx,flBldgInvDmgFn,29
fl-6.1-inventory-30,fl,6.1,inventory,COM1,,USACE - Galveston,"Trailer Sales, Inventory",,HazusFloodDamageFunctions_Hazus61.xlsx,flBldgInvDmgFn,30
fl-6.1-inventory-31,fl,6.1,inventory,COM1,,USACE - Galveston,"Trophy Shop, Inventory",,HazusFloodDamageFunctions_Hazus61.xlsx,flBldgInvDmgFn,31
fl-6.1-inventory-32,fl,6.1,inventory,COM1,,USACE - Galveston,"Upholstery Shop, Inventory",,HazusFloodDamageFunctions_Hazus61.xlsx,flBldgInvDmgFn,32
fl-6.1-inventory-33,fl,6.1,inventory,COM1,,USACE - Galveston,"Used Appliances/Cloth, Inventory",,HazusFloodDamageFunctions_Hazus61.xlsx,flBldgInvDmgFn,33
fl-6.1-inventory-34,fl,6.1,inventory,COM1,,USACE - Galveston,"Used Furniture, Inventory",,HazusFloodDamageFunctions_Hazus61.xlsx,flBldgInvDmgFn,34
fl-6.1-inventory-35,fl,6.1,inventory,COM1,,USACE - Galveston,"Vacuum Cleaner Sales, Inventory",,HazusFloodDamageFunctions_Hazus61.xlsx,flBldgInvDmgFn,35
fl-6.1-inventory-36,fl,6.1,inventory,COM1,,USACE - Galveston,"Video Games, Inventory",,HazusFloodDamageFunctions_Hazus61.xlsx,flBldgInvDmgFn,36
fl-6.1-inventory-37,fl,6.1,inventory,COM1,,USACE - Galveston,"Medium Grocery, Inventory",,HazusFloodDamageFunctions_Hazus61.xlsx,flBldgInvDmgFn,37
fl-6.1-inventory-38,fl,6.1,inventory,COM1,,USACE - Galveston,"Mens Clothing, Inventory",,HazusFloodDamageFunctions_Hazus61.xlsx,flBldgInvDmgFn,38
fl-6.1-inventory-39,fl,6.1,inventory,COM1,,USACE - Galveston,"Hardware, Inventory",,HazusFloodDamageFunctions_Hazus61.xlsx,flBldgInvDmgFn,39
fl-6.1-inventory-40,fl,6.1,inventory,COM1,,USACE - Galveston,"Toy Store, Inventory",,HazusFloodDamageFunctions_Hazus61.xlsx,flBldgInvDmgFn,40
fl-6.1-inventory-41,fl,6.1,inventory,COM1,,USACE - Galveston,"Boat Sales/Service, Inventory",,HazusFloodDamageFunctions_Hazus61.xlsx,flBldgInvDmgFn,41
fl-6.1-inventory-42,fl,6.1,inventory,COM1,,USACE - Galveston,"Antique, Inventory",,HazusFloodDamageFunctions_Hazus61.xlsx,flBldgInvDmgFn,42
fl-6.1-inventory-43,fl,6.1,inventory,COM1,,USACE - Galveston,"Large Auto Dealer, Inventory",,HazusFloodDamageFunctions_Hazus61.xlsx,flBldgInvDmgFn,43
fl-6.1-inventory-44,fl,6.1,inventory,COM1,,USACE - Galveston,"Large Furniture, Inventory",,HazusFloodDamageFunctions_Hazus61.xlsx,flBldgInvDmgFn,44
fl-6.1-inventory-45,fl,6.1,inventory,COM1,,USACE - Galveston,"Bakery, Inventory",,HazusFloodDamageFunctions_Hazus61.xlsx,flBldgInvDmgFn,45
fl-6.1-inventory-46,fl,6.1,inventory,COM2,,USACE - Galveston,"Average Wholesale Trade, Inventory",,HazusFloodDamageFunctions_Hazus61.xlsx,flBldgInvDmgFn,46
fl-6.1-inventory-47,fl,6.1,inventory,COM2,,USACE - Galveston,"Auto Parts, Inventory",,HazusFloodDamageFunctions_Hazus61.xlsx,flBldgInvDmgFn,47
fl-6.1-inventory-48,fl,6.1,inventory,COM2,,USACE - Galveston,"Auto Parts/Mufflers, Inventory",,HazusFloodDamageFunctions_Hazus61.xlsx,flBldgInvDmgFn,48
fl-6.1-inventory-49,fl,6.1,inventory,COM2,,USACE - Galveston,"Food Warehouse, Inventory",,HazusFloodDamageFunctions_Hazus61.xlsx,flBldgInvDmgFn,49
fl-6.1-inventory-50,fl,6.1,inventory,COM2,,USACE - Galveston,"Jewelry, Inventory",,HazusFloodDamageFunctions_Hazus61.xlsx,flBldgInvDmgFn,50
fl-6.1-inventory-51,fl,6.1,inventory,COM2,,USACE - Galveston,"Lumber Yard, Inventory",,HazusFloodDamageFunctions_Hazus61.xlsx,flBldgInvDmgFn,51
fl-6.1-inventory-52,fl,6.1,inventory,COM2,,USACE - Galveston,"Medical Supplies, Inventory",,HazusFloodDamageFunctions_Hazus61.xlsx,flBldgInvDmgFn,52
fl-6.1-inventory-53,fl,6.1,inventory,COM2,,USACE - Galveston,"Municipal Storage Warehouse, Inventory",,HazusFloodDamageFunctions_Hazus61.xlsx,flBldgInvDmgFn,53
fl-6.1-inventory-54,fl,6.1,inventory,COM2,,USACE - Galveston,"Paper Products Warehouse, Inventory",,HazusFloodDamageFunctions_Hazus61.xlsx,flBldgInvDmgFn,54
fl-6.1-inventory-55,fl,6.1,inventory,COM2,,USACE - Galveston,"Safety Equipment, Inventory",,HazusFloodDamageFunctions_Hazus61.xlsx,flBldgInvDmgFn,55
fl-6.1-inventory-56,fl,6.1,inventory,COM2,,USACE - Galveston,"Sporting Goods, Inventory",,HazusFloodDamageFunctions_Hazus61.xlsx,flBldgInvDmgFn,56
fl-6.1-inventory-57,fl,6.1,inventory,COM2,,USACE - Galveston,"Sporting Goods Warehouse, Inventory",,HazusFloodDamageFunctions_Hazus61.xlsx,flBldgInvDmgFn,57
fl-6.1-inventory-58,fl,6.1,inventory,COM2,,USACE - Galveston,"Chemical Storage, Inventory",,HazusFloodDamageFunctions_Hazus61.xlsx,flBldgInvDmgFn,58
fl-6.1-inventory-59,fl,6.1,inventory,COM2,,USACE - Galveston,"Machine Parts Storage, Inventory",,HazusFloodDamageFunctions_Hazus61.xlsx,flBldgInvDmgFn,59
fl-6.1-inventory-60,fl,6.1,inventory,COM2,,USACE - Galveston,"T.V. Repair, Inventory",,HazusFloodDamageFunctions_Hazus61.xlsx,flBldgInvDmgFn,60
fl-6.1-inventory-61,fl,6.1,inventory,COM2,,USACE - Galveston,"Trailer Parts, Inventory",,HazusFloodDamageFunctions_Hazus61.xlsx,flBldgInvDmgFn,61
fl-6.1-inventory-62,fl,6.1,inventory,COM2,,USACE - Galveston,"Warehouse, Inventory",,HazusFloodDamageFunctions_Hazus61.xlsx,flBldgInvDmgFn,62
fl-6.1-inventory-63,fl,6.1,inventory,COM2,,USACE - Galveston,"Beer Warehouse, Inventory",,HazusFloodDamageFunctions_Hazus61.xlsx,flBldgInvDmgFn,63
fl-6.1-inventory-64,fl,6.1,inventory,COM2,,USACE - Galveston,"Bottled Glass Warehouse, Inventory",,HazusFloodDamageFunctions_Hazus61.xlsx,flBldgInvDmgFn,64
fl-6.1-inventory-65,fl,6.1,inventory,COM2,,USACE - Galveston,"Cement Warehouse, Inventory",,HazusFloodDamageFunctions_Hazus61.xlsx,flBldgInvDmgFn,65
fl-6.1-inventory-66,fl,6.1,inventory,COM2,,USACE - Galveston,"Detergents Warehouse, Inventory",,HazusFloodDamageFunctions_Hazus61.xlsx,flBldgInvDmgFn,66
fl-6.1-inventory-67,fl,6.1,inventory,COM2,,USACE - Galveston,"Heacvy Machinery Warehouse, Inventory",,HazusFloodDamageFunctions_Hazus61.xlsx,flBldgInvDmgFn,67
fl-6.1-inventory-68,fl,6.1,inventory,COM2,,USACE - Galveston,"Petroleum Warehouse, Inventory",,HazusFloodDamageFunctions_Hazus61.xlsx,flBldgInvDmgFn,68
fl-6.1-inventory-69,fl,6.1,inventory,COM2,,USACE - Galveston,"Western Auto, Inventory",,HazusFloodDamageFunctions_Hazus61.xlsx,flBldgInvDmgFn,69
fl-6.1-inventory-70,fl,6.1,inventory,IND1,,USACE - Galveston,"Average Heavy Industrial, Inventory",,HazusFloodDamageFunctions_Hazus61.xlsx,flBldgInvDmgFn,70
fl-6.1-inventory-71,fl,6.1,inventory,IND1,,USACE - Galveston,"Cabinet Shop Mfg, Inventory",,HazusFloodDamageFunctions_Hazus61.xlsx,flBldgInvDmgFn,71
fl-6.1-inventory-72,fl,6.1,inventory,IND1,,USACE - Galveston,"Door Mfg, Inventory",,HazusFloodDamageFunctions_Hazus61.xlsx,flBldgInvDmgFn,72
fl-6.1-inventory-73,fl,6.1,inventory,IND1,,USACE - Galveston,"Fabrication Shop, Inventory",,HazusFloodDamageFunctions_Hazus61.xlsx,flBldgInvDmgFn,73
fl-6.1-inventory-74,fl,6.1,inventory,IND1,,USACE - Galveston,"Heat Exchanger Mfg, Inventory",,HazusFloodDamageFunctions_Hazus61.xlsx,flBldgInvDmgFn,74
fl-6.1-inventory-75,fl,6.1,inventory,IND1,,USACE - Galveston,"Lock Shop, Inventory",,HazusFloodDamageFunctions_Hazus61.xlsx,flBldgInvDmgFn,75
fl-6.1-inventory-76,fl,6.1,inventory,IND1,,USACE - Galveston,"Heavy Machine Shop, Inventory",,HazusFloodDamageFunctions_Hazus61.xlsx,flBldgInvDmgFn,76
fl-6.1-inventory-77,fl,6.1,inventory,IND1,,USACE - Galveston,"Light Machine Shop, Inventory",,HazusFloodDamageFunctions_Hazus61.xlsx,flBldgInvDmgFn,77
fl-6.1-inventory-78,fl,6.1,inventory,IND1,,USACE - Galveston,"Metal Coatings Serv., Inventory",,HazusFloodDamageFunctions_Hazus61.xlsx,flBldgInvDmgFn,78
fl-6.1-inventory-79,fl,6.1,inventory,IND1,,USACE - Galveston,"Metal Recycling, Inventory",,HazusFloodDamageFunctions_Hazus61.xlsx,flBldgInvDmgFn,79
fl-6.1-inventory-80,fl,6.1,inventory,IND1,,USACE - Galveston,"Machine Research Lab, Inventory",,HazusFloodDamageFunctions_Hazus61.xlsx,flBldgInvDmgFn,80
fl-6.1-inventory-81,fl,6.1,inventory,IND2,,USACE - Galveston,"Average Light Industrial, Inventory",,HazusFloodDamageFunctions_Hazus61.xlsx,flBldgInvDmgFn,81
fl-6.1-inventory-82,fl,6.1,inventory,IND2,,USACE - Galveston,"Battery Mfg, Inventory",,HazusFloodDamageFunctions_Hazus61.xlsx,flBldgInvDmgFn,82
fl-6.1-inventory-83,fl,6.1,inventory,IND2,,USACE - Galveston,"Electronic Equip Mfg, Inventory",,HazusFloodDamageFunctions_Hazus61.xlsx,flBldgInvDmgFn,83
fl-6.1-inventory-84,fl,6.1,inventory,IND2,,USACE - Galveston,"Frame Shop, Inventory",,HazusFloodDamageFunctions_Hazus61.xlsx,flBldgInvDmgFn,84
fl-6.1-inventory-85,fl,6.1,inventory,IND2,,USACE - Galveston,"Furniture Mfg, Inventory",,HazusFloodDamageFunctions_Hazus61.xlsx,flBldgInvDmgFn,85
fl-6.1-inventory-86,fl,6.1,inventory,IND2,,USACE - Galveston,"Instrument Mfg, Inventory",,HazusFloodDamageFunctions_Hazus61.xlsx,flBldgInvDmgFn,86
fl-6.1-inventory-87,fl,6.1,inventory,IND2,,USACE - Galveston,"Leather Goods Mfg, Inventory",,HazusFloodDamageFunctions_Hazus61.xlsx,flBldgInvDmgFn,87
fl-6.1-inventory-88,fl,6.1,inventory,IND2,,USACE - Galveston,"Industrial Loading Dock, Inventory",,HazusFloodDamageFunctions_Hazus61.xlsx,flBldgInvDmgFn,88
fl-6.1-inventory-89,fl,6.1,inventory,IND2,,USACE - Galveston,"Industrial Locker Bldg, Inventory",,HazusFloodDamageFunctions_Hazus61.xlsx,flBldgInvDmgFn,89
fl-6.1-inventory-90,fl,6.1,inventory,IND2,,USACE - Galveston,"Newspaper Sales Office, Inventory",,HazusFloodDamageFunctions_Hazus61.xlsx,flBldgInvDmgFn,90
fl-6.1-inventory-91,fl,6.1,inventory,IND2,,USACE - Galveston,"Manufacturing Facility Office, Inventory",,HazusFloodDamageFunctions_Hazus61.xlsx,flBldgInvDmgFn,91
fl-6.1-inventory-92,fl,6.1,inventory,IND2,,USACE - Galveston,"Commercial Printing, Inventory",,HazusFloodDamageFunctions_Hazus61.xlsx,flBldgInvDmgFn,92
fl-6.1-inventory-93,fl,6.1,inventory,IND3,,USACE - Galveston,"Average Food/Drugs/Chemicals, Inventory",,HazusFloodDamageFunctions_Hazus61.xlsx,flBldgInvDmgFn,93
fl-6.1-inventory-94,fl,6.1,inventory,IND3,,USACE - Galveston,"Chemical Plant, Inventory",,HazusFloodDamageFunctions_Hazus61.xlsx,flBldgInvDmgFn,94
fl-6.1-inventory-95,fl,6.1,inventory,IND3,,USACE - Galveston,"Chemical Plant Bonding, Inventory",,HazusFloodDamageFunctions_Hazus61.xlsx,flBldgInvDmgFn,95
fl-6.1-inventory-96,fl,6.1,inventory,IND3,,USACE - Galveston,"Chemical refinery, Inventory",,HazusFloodDamageFunctions_Hazus61.xlsx,flBldgInvDmgFn,96
fl-6.1-inventory-97,fl,6.1,inventory,IND3,,USACE - Galveston,"Deodorizer Bldg, Inventory",,HazusFloodDamageFunctions_Hazus61.xlsx,flBldgInvDmgFn,97
fl-6.1-inventory-98,fl,6.1,inventory,IND3,,USACE - Galveston,"Feed Mill, Inventory",,HazusFloodDamageFunctions_Hazus61.xlsx,flBldgInvDmgFn,98
fl-6.1-inventory-99,fl,6.1,inventory,IND3,,USACE - Galveston,"Food Processor, Inventory",,HazusFloodDamageFunctions_Hazus61.xlsx,flBldgInvDmgFn,99
fl-6.1-inventory-100,fl,6.1,inventory,IND3,,USACE - Galveston,"Chemical Laboratory, Inventory",,HazusFloodDamageFunctions_Hazus61.xlsx,flBldgInvDmgFn,100
fl-6.1-inventory-101,fl,6.1,inventory,IND3,,USACE - Galveston,"Detergent Manuf. Facil., Inventory",,HazusFloodDamageFunctions_Hazus61.xlsx,flBldgInvDmgFn,101
fl-6.1-inventory-102,fl,6.1,inventory,IND3,,USACE - Galveston,"Meat Packing, Inventory",,HazusFloodDamageFunctions_Hazus61.xlsx,flBldgInvDmgFn,102
fl-6.1-inventory-103,fl,6.1,inventory,IND3,,USACE - Galveston,"Detergent Mixer Bldg, Inventory",,HazusFloodDamageFunctions_Hazus61.xlsx,flBldgInvDmgFn,103
fl-6.1-inventory-104,fl,6.1,inventory,IND3,,USACE - Galveston,"Plastic Mfg, Inventory",,HazusFloodDamageFunctions_Hazus61.xlsx,flBldgInvDmgFn,104
fl-6.1-inventory-105,fl,6.1,inventory,IND3,,USACE - Galveston,"Caustic Material Refinery, Inventory",,HazusFloodDamageFunctions_Hazus61.xlsx,flBldgInvDmgFn,105
fl-6.1-inventory-106,fl,6.1,inventory,IND4,,USACE - Galveston,"Average Metals/Minerals Processing, Inventory",,HazusFloodDamageFunctions_Hazus61.xlsx,flBldgInvDmgFn,106
fl-6.1-inventory-107,fl,6.1,inventory,IND4,,USACE - Galveston,"Foundry, Inventory",,HazusFloodDamageFunctions_Hazus61.xlsx,flBldgInvDmgFn,107
fl-6.1-inventory-108,fl,6.1,inventory,IND4,,USACE - Galveston,"Lead Refinery, Inventory",,HazusFloodDamageFunctions_Hazus61.xlsx,flBldgInvDmgFn,108
fl-6.1-inventory-109,fl,6.1,inventory,IND4,,USACE - Galveston,"Sand & Gravel, Inventory",,HazusFloodDamageFunctions_Hazus61.xlsx,flBldgInvDmgFn,109
fl-6.1-inventory-110,fl,6.1,inventory,IND4,,USACE - Galveston,"Sheet Metal, Inventory",,HazusFloodDamageFunctions_Hazus61.xlsx,flBldgInvDmgFn,110
fl-6.1-inventory-111,fl,6.1,inventory,IND5,,USACE - Galveston,"Average High Technology, Inventory",,HazusFloodDamageFunctions_Hazus61.xlsx,flBldgInvDmgFn,111
fl-6.1-inventory-112,fl,6.1,inventory,IND6,,USACE - Galveston,"Average Construction, Inventory",,HazusFloodDamageFunctions_Hazus61.xlsx,flBldgInvDmgFn,112
fl-6.1-inventory-113,fl,6.1,inventory,IND6,,USACE - Galveston,"Carpet Tile Flooring, Inventory",,HazusFloodDamageFunctions_Hazus61.xlsx,flBldgInvDmgFn,113
fl-6.1-inventory-114,fl,6.1,inventory,IND6,,USACE - Galveston,"Roofing Contractor, Inventory",,HazusFloodDamageFunctions_Hazus61.xlsx,flBldgInvDmgFn,114
fl-6.1-inventory-115,fl,6.1,inventory,IND6,,USACE - Galveston,"Plumbing Co, Inventory",,HazusFloodDamageFunctions_Hazus61.xlsx,flBldgInvDmgFn,115
fl-6.1-inventory-116,fl,6.1,inventory,AGR1,,USACE - Galveston,"Agriculture/Dairy Processing, Inventory",,HazusFloodDamageFunctions_Hazus61.xlsx,flBldgInvDmgFn,116
